Epitope,Method_Technique,Assay_Qualititative_Measure,Assay_Quantitative_Measure,MHC,Length
KAELAKVTEQKQILDASRK,cellular MHC/direct/fluorescence,Negative,,HLA-DPB1*09:01,19
EVHAADLLR,cellular MHC/competitive/fluorescence,Negative,,HLA-DPB1*09:01,9
DIQFGREVHAAD,cellular MHC/competitive/fluorescence,Negative,,HLA-DPB1*09:01,12
IQFGREVHAAD,cellular MHC/competitive/fluorescence,Negative,,HLA-DPB1*09:01,11
QFGREVHAAD,cellular MHC/competitive/fluorescence,Negative,,HLA-DPB1*09:01,10
LEAEAKALKEQ,cellular MHC/competitive/fluorescence,Negative,,HLA-DPB1*09:01,11
EAEAKALKEQ,cellular MHC/competitive/fluorescence,Negative,,HLA-DPB1*09:01,10
AEAKALKEQ,cellular MHC/competitive/fluorescence,Negative,,HLA-DPB1*09:01,9
LQAKLEAEAKA,cellular MHC/competitive/fluorescence,Negative,,HLA-DPB1*09:01,11
QAEELAKLRAGKASD,cellular MHC/competitive/fluorescence,Negative,,HLA-DPB1*09:01,15
LAKQAEELAKL,cellular MHC/competitive/fluorescence,Negative,,HLA-DPB1*09:01,11
AKQAEELAKL,cellular MHC/competitive/fluorescence,Negative,,HLA-DPB1*09:01,10
KQAEELAKL,cellular MHC/competitive/fluorescence,Negative,,HLA-DPB1*09:01,9
QFGQEVHAADLLR,cellular MHC/competitive/fluorescence,Negative,,HLA-DPB1*09:01,13
QFGEEVHAADLLR,cellular MHC/competitive/fluorescence,Negative,,HLA-DPB1*09:01,13
QFGAEVHAADLLR,cellular MHC/competitive/fluorescence,Negative,,HLA-DPB1*09:01,13
QFGFEVHAADLLR,cellular MHC/competitive/fluorescence,Negative,,HLA-DPB1*09:01,13
EQLAAQAEELAKL,cellular MHC/competitive/fluorescence,Negative,,HLA-DPB1*09:01,13
DGGRRKKGGWFGKHRGQGGSNP,purified MHC/competitive/fluorescence,Negative,10000.0,HLA-DPB1*04:01,22
FAEVLKDAIKDLVMTKPAPTCNIR,purified MHC/competitive/fluorescence,Negative,10000.0,HLA-DPB1*04:01,24
LPPWFPPMVEGAAAEGDDG,purified MHC/competitive/fluorescence,Negative,10000.0,HLA-DPB1*04:01,19
EHDLERGPPGPRRPP,purified MHC/competitive/fluorescence,Negative,10000.0,HLA-DPB1*04:01,15
IIFIFRRDLLCPLGAL,purified MHC/competitive/fluorescence,Negative,10000.0,HLA-DPB1*04:01,16
AILIWMYYHGQRHSDEH,purified MHC/competitive/fluorescence,Negative,10000.0,HLA-DPB1*04:01,17
HDPLPHSPSDSAGND,purified MHC/competitive/fluorescence,Negative,10000.0,HLA-DPB1*04:01,15
MGSLEMVPMGAGPPSPGGDP,purified MHC/competitive/fluorescence,Negative,10000.0,HLA-DPB1*04:01,20
EDPYWGNGDRHSDYQPLGTQDQSLY,purified MHC/competitive/fluorescence,Negative,10000.0,HLA-DPB1*04:01,25
VSTVVTATGLALSLLL,purified MHC/competitive/fluorescence,Negative,10000.0,HLA-DPB1*04:01,16
RDGVRRPQKRPSCIGCKGT,purified MHC/competitive/fluorescence,Negative,10000.0,HLA-DPB1*04:02,19
DGGRRKKGGWFGKHRGQGGSNP,purified MHC/competitive/fluorescence,Negative,10000.0,HLA-DPB1*04:02,22
LPPWFPPMVEGAAAEGDDG,purified MHC/competitive/fluorescence,Negative,10000.0,HLA-DPB1*04:02,19
EHDLERGPPGPRRPP,purified MHC/competitive/fluorescence,Negative,10000.0,HLA-DPB1*04:02,15
AILIWMYYHGQRHSDEH,purified MHC/competitive/fluorescence,Negative,10000.0,HLA-DPB1*04:02,17
HDPLPHSPSDSAGND,purified MHC/competitive/fluorescence,Negative,10000.0,HLA-DPB1*04:02,15
MGSLEMVPMGAGPPSPGGDP,purified MHC/competitive/fluorescence,Negative,10000.0,HLA-DPB1*04:02,20
EDPYWGNGDRHSDYQPLGTQDQSLY,purified MHC/competitive/fluorescence,Negative,10000.0,HLA-DPB1*04:02,25
VSTVVTATGLALSLLL,purified MHC/competitive/fluorescence,Negative,10000.0,HLA-DPB1*04:02,16
SPEIKEEFVKIVQKRG,purified MHC/competitive/fluorescence,Negative,10000.0,HLA-DPB1*04:01,16
EFVKIVQKRGIVKENI,purified MHC/competitive/fluorescence,Negative,10000.0,HLA-DPB1*04:01,16
QKRGIVKENIIDLTKI,purified MHC/competitive/fluorescence,Negative,10000.0,HLA-DPB1*04:01,16
KENIIDLTKIDRCFQL,purified MHC/competitive/fluorescence,Negative,10000.0,HLA-DPB1*04:01,16
KENIIDLTKIDRCFQL,purified MHC/competitive/fluorescence,Negative,10000.0,HLA-DPB1*04:02,16
IDLTKIDRCFQLRGNG,purified MHC/competitive/fluorescence,Negative,10000.0,HLA-DPB1*04:01,16
IDLTKIDRCFQLRGNG,purified MHC/competitive/fluorescence,Negative,10000.0,HLA-DPB1*04:02,16
TPALGKDTVAVSGKWY,purified MHC/competitive/fluorescence,Negative,100000.0,HLA-DPB1*04:02,16
GKWYLKAMTADQEVPE,purified MHC/competitive/fluorescence,Negative,100000.0,HLA-DPB1*04:01,16
LKAMTADQEVPEKPDS,purified MHC/competitive/fluorescence,Negative,100000.0,HLA-DPB1*04:02,16
DQEVPEKPDSVTPMIL,purified MHC/competitive/fluorescence,Negative,100000.0,HLA-DPB1*04:01,16
DQEVPEKPDSVTPMIL,purified MHC/competitive/fluorescence,Negative,100000.0,HLA-DPB1*04:02,16
DSVTPMILKAQKGGNL,purified MHC/competitive/fluorescence,Negative,100000.0,HLA-DPB1*04:01,16
DSVTPMILKAQKGGNL,purified MHC/competitive/fluorescence,Negative,100000.0,HLA-DPB1*04:02,16
GGNLEAKITMLTNGQC,purified MHC/competitive/fluorescence,Negative,100000.0,HLA-DPB1*04:01,16
QNITVVLHKTSEPGKY,purified MHC/competitive/fluorescence,Negative,100000.0,HLA-DPB1*04:01,16
QNITVVLHKTSEPGKY,purified MHC/competitive/fluorescence,Negative,100000.0,HLA-DPB1*04:02,16
ITVVLHKTSEPGKYTA,purified MHC/competitive/fluorescence,Negative,100000.0,HLA-DPB1*04:01,16
ITVVLHKTSEPGKYTA,purified MHC/competitive/fluorescence,Negative,100000.0,HLA-DPB1*04:02,16
MAKLLGRDPEQSQEAL,purified MHC/competitive/fluorescence,Negative,100000.0,HLA-DPB1*04:01,16
MAKLLGRDPEQSQEAL,purified MHC/competitive/fluorescence,Negative,100000.0,HLA-DPB1*04:02,16
EDFREFSRAKGLNQEI,purified MHC/competitive/fluorescence,Negative,100000.0,HLA-DPB1*04:01,16
EDFREFSRAKGLNQEI,purified MHC/competitive/fluorescence,Negative,100000.0,HLA-DPB1*04:02,16
FREFSRAKGLNQEILE,purified MHC/competitive/fluorescence,Negative,100000.0,HLA-DPB1*04:01,16
FREFSRAKGLNQEILE,purified MHC/competitive/fluorescence,Negative,100000.0,HLA-DPB1*04:02,16
NQEILELAQSETCSPG,purified MHC/competitive/fluorescence,Negative,100000.0,HLA-DPB1*04:01,16
EILELAQSETCSPGGQ,purified MHC/competitive/fluorescence,Negative,100000.0,HLA-DPB1*04:01,16
EILELAQSETCSPGGQ,purified MHC/competitive/fluorescence,Negative,100000.0,HLA-DPB1*04:02,16
FIEDLEKVRVEQLTGHGSSV,purified MHC/competitive/fluorescence,Negative,,HLA-DPB1*04:01,20
FIEDLEKVRVEQLTGHGSSV,purified MHC/competitive/fluorescence,Negative,,HLA-DPB1*04:02,20
DFFVRSIGSKGGKLAAGKYT,purified MHC/competitive/fluorescence,Negative,,HLA-DPB1*04:01,20
DFFVRSIGSKGGKLAAGKYT,purified MHC/competitive/fluorescence,Negative,,HLA-DPB1*04:02,20
KYFAATQDEPLAA,purified MHC/competitive/fluorescence,Negative,,HLA-DPB1*04:01,13
KYFAATQGEPLAA,purified MHC/competitive/fluorescence,Negative,,HLA-DPB1*04:01,13
KYFAATQGEPLAA,purified MHC/competitive/fluorescence,Negative,,HLA-DPB1*04:02,13
KYFAATQHEPLAA,purified MHC/competitive/fluorescence,Negative,,HLA-DPB1*04:01,13
KYFAATQQEPLAA,purified MHC/competitive/fluorescence,Negative,,HLA-DPB1*04:01,13
KYFAATQREPLAA,purified MHC/competitive/fluorescence,Negative,,HLA-DPB1*04:01,13
GCAWYELTPAETTVR,purified MHC/competitive/fluorescence,Negative,,HLA-DPB1*04:01,15
GCAWYELTPAETTVR,purified MHC/competitive/fluorescence,Negative,,HLA-DPB1*04:02,15
RLRAYMNTPGLPVCQ,purified MHC/competitive/fluorescence,Negative,,HLA-DPB1*04:01,15
GREILLGPADGMVSK,purified MHC/competitive/fluorescence,Negative,,HLA-DPB1*04:01,15
TTSVIPAARLFKAFI,purified MHC/competitive/fluorescence,Negative,10000.0,HLA-DPB1*04:01,15
DNLFPKVAPQAISSV,purified MHC/competitive/fluorescence,Negative,10000.0,HLA-DPB1*04:01,15
PFKYVKDRVDEVDHT,purified MHC/competitive/fluorescence,Negative,10000.0,HLA-DPB1*04:01,15
SNEIKIVATPDGGSI,purified MHC/competitive/fluorescence,Negative,10000.0,HLA-DPB1*04:01,15
GSILKISNKYHTKGD,purified MHC/competitive/fluorescence,Negative,10000.0,HLA-DPB1*04:01,15
QLQPFPQPELPYP,lysate MHC/direct/fluorescence,Negative,,HLA-DPA1*02:01/DPB1*01:01,13
QLQPFPQPELPYP,lysate MHC/direct/fluorescence,Negative,,HLA-DPB1*04:01,13
QLQPFPQPELPYP,lysate MHC/direct/fluorescence,Negative,,HLA-DPA1*01:03/DPB1*02:01,13
PQPELPYPQPQLPY,lysate MHC/direct/fluorescence,Negative,,HLA-DPA1*02:01/DPB1*01:01,14
PQPELPYPQPQLPY,lysate MHC/direct/fluorescence,Negative,,HLA-DPB1*04:01,14
PQPELPYPQPQLPY,lysate MHC/direct/fluorescence,Negative,,HLA-DPA1*01:03/DPB1*02:01,14
PEQPQQSFPEQERP,lysate MHC/direct/fluorescence,Negative,,HLA-DPA1*02:01/DPB1*01:01,14
PEQPQQSFPEQERP,lysate MHC/direct/fluorescence,Negative,,HLA-DPB1*04:01,14
PEQPQQSFPEQERP,lysate MHC/direct/fluorescence,Negative,,HLA-DPA1*01:03/DPB1*02:01,14
GIIQPEQPAQL,lysate MHC/direct/fluorescence,Negative,,HLA-DPA1*02:01/DPB1*01:01,11
GIIQPEQPAQL,lysate MHC/direct/fluorescence,Negative,,HLA-DPB1*04:01,11
GIIQPEQPAQL,lysate MHC/direct/fluorescence,Negative,,HLA-DPA1*01:03/DPB1*02:01,11
FPEQPEQPYPEQ,lysate MHC/direct/fluorescence,Negative,,HLA-DPA1*02:01/DPB1*01:01,12
FPEQPEQPYPEQ,lysate MHC/direct/fluorescence,Negative,,HLA-DPB1*04:01,12
FPEQPEQPYPEQ,lysate MHC/direct/fluorescence,Negative,,HLA-DPA1*01:03/DPB1*02:01,12
FSQPEQEFPQPQ,lysate MHC/direct/fluorescence,Negative,,HLA-DPA1*02:01/DPB1*01:01,12
FSQPEQEFPQPQ,lysate MHC/direct/fluorescence,Negative,,HLA-DPB1*04:01,12
FSQPEQEFPQPQ,lysate MHC/direct/fluorescence,Negative,,HLA-DPA1*01:03/DPB1*02:01,12
PEQPFPEQPEQ,lysate MHC/direct/fluorescence,Negative,,HLA-DPA1*02:01/DPB1*01:01,11
PEQPFPEQPEQ,lysate MHC/direct/fluorescence,Negative,,HLA-DPB1*04:01,11
PEQPFPEQPEQ,lysate MHC/direct/fluorescence,Negative,,HLA-DPA1*01:03/DPB1*02:01,11
LQSLVSQYFQTVAD,lysate MHC/direct/fluorescence,Negative,,HLA-DPA1*02:01/DPB1*01:01,14
EIMKHIVKIEVKGEEAVKKE,purified MHC/competitive/fluorescence,Negative,1788.0,HLA-DPB1*04:01,20
EIMKHIVKIEVKGEEAVKKE,purified MHC/competitive/fluorescence,Negative,1995.0,HLA-DPB1*04:02,20
SDVLEMYKAIGGKIYIVDGD,purified MHC/competitive/fluorescence,Negative,1995.0,HLA-DPB1*04:02,20
VLVIQSSEDYVENTEKALNV,purified MHC/competitive/fluorescence,Negative,1788.0,HLA-DPB1*04:01,20
EVWVTPVIGSQA,cellular MHC/direct/fluorescence,Negative,,HLA-DPB1*01:01,12
MMTPENDEEQTSVFS,purified MHC/competitive/fluorescence,Negative,,HLA-DPB1*04:01,15
MMTPENDEEQTSVFS,purified MHC/competitive/fluorescence,Negative,,HLA-DPB1*04:02,15
TSVFSATVYGDKIQG,purified MHC/competitive/fluorescence,Negative,,HLA-DPB1*04:01,15
TSVFSATVYGDKIQG,purified MHC/competitive/fluorescence,Negative,,HLA-DPB1*04:02,15
ATVYGDKIQGKNKRK,purified MHC/competitive/fluorescence,Negative,,HLA-DPB1*04:01,15
ATVYGDKIQGKNKRK,purified MHC/competitive/fluorescence,Negative,,HLA-DPB1*04:02,15
DKIQGKNKRKRVIGL,purified MHC/competitive/fluorescence,Negative,,HLA-DPB1*04:01,15
DKIQGKNKRKRVIGL,purified MHC/competitive/fluorescence,Negative,,HLA-DPB1*04:02,15
SAFLIVRLNQCMSAN,purified MHC/competitive/fluorescence,Negative,,HLA-DPB1*04:01,15
SAFLIVRLNQCMSAN,purified MHC/competitive/fluorescence,Negative,,HLA-DPB1*04:02,15
LIVRLNQCMSANEAA,purified MHC/competitive/fluorescence,Negative,,HLA-DPB1*04:01,15
LIVRLNQCMSANEAA,purified MHC/competitive/fluorescence,Negative,,HLA-DPB1*04:02,15
QCMSANEAAITDAAV,purified MHC/competitive/fluorescence,Negative,,HLA-DPB1*04:01,15
QCMSANEAAITDAAV,purified MHC/competitive/fluorescence,Negative,,HLA-DPB1*04:02,15
AAITDAAVAVAAASS,purified MHC/competitive/fluorescence,Negative,,HLA-DPB1*04:01,15
AAITDAAVAVAAASS,purified MHC/competitive/fluorescence,Negative,,HLA-DPB1*04:02,15
AAVAVAAASSTHRKV,purified MHC/competitive/fluorescence,Negative,,HLA-DPB1*04:01,15
AAVAVAAASSTHRKV,purified MHC/competitive/fluorescence,Negative,,HLA-DPB1*04:02,15
RKVASSTTQYDHKES,purified MHC/competitive/fluorescence,Negative,,HLA-DPB1*04:01,15
RKVASSTTQYDHKES,purified MHC/competitive/fluorescence,Negative,,HLA-DPB1*04:02,15
TQYDHKESCNGLYYQ,purified MHC/competitive/fluorescence,Negative,,HLA-DPB1*04:01,15
TQYDHKESCNGLYYQ,purified MHC/competitive/fluorescence,Negative,,HLA-DPB1*04:02,15
NGLYYQGSCYILHSD,purified MHC/competitive/fluorescence,Negative,,HLA-DPB1*04:01,15
NGLYYQGSCYILHSD,purified MHC/competitive/fluorescence,Negative,,HLA-DPB1*04:02,15
SCYILHSDYQLFSDA,purified MHC/competitive/fluorescence,Negative,,HLA-DPB1*04:01,15
SCYILHSDYQLFSDA,purified MHC/competitive/fluorescence,Negative,,HLA-DPB1*04:02,15
SDYQLFSDAKANCTA,purified MHC/competitive/fluorescence,Negative,,HLA-DPB1*04:01,15
SDYQLFSDAKANCTA,purified MHC/competitive/fluorescence,Negative,,HLA-DPB1*04:02,15
STLPNKSDVLITWLI,purified MHC/competitive/fluorescence,Negative,,HLA-DPB1*04:01,15
STLPNKSDVLITWLI,purified MHC/competitive/fluorescence,Negative,,HLA-DPB1*04:02,15
SDVLITWLIDYVEDT,purified MHC/competitive/fluorescence,Negative,,HLA-DPB1*04:01,15
SDVLITWLIDYVEDT,purified MHC/competitive/fluorescence,Negative,,HLA-DPB1*04:02,15
ITWLIDYVEDTWGSD,purified MHC/competitive/fluorescence,Negative,,HLA-DPB1*04:01,15
ITWLIDYVEDTWGSD,purified MHC/competitive/fluorescence,Negative,,HLA-DPB1*04:02,15
IDYVEDTWGSDGNPI,purified MHC/competitive/fluorescence,Negative,,HLA-DPB1*04:01,15
IDYVEDTWGSDGNPI,purified MHC/competitive/fluorescence,Negative,,HLA-DPB1*04:02,15
DTWGSDGNPITKTTS,purified MHC/competitive/fluorescence,Negative,,HLA-DPB1*04:01,15
DTWGSDGNPITKTTS,purified MHC/competitive/fluorescence,Negative,,HLA-DPB1*04:02,15
NPITKTTSDYQDSDV,purified MHC/competitive/fluorescence,Negative,,HLA-DPB1*04:01,15
NPITKTTSDYQDSDV,purified MHC/competitive/fluorescence,Negative,,HLA-DPB1*04:02,15
SDYQDSDVSQEVRKY,purified MHC/competitive/fluorescence,Negative,,HLA-DPB1*04:01,15
SDYQDSDVSQEVRKY,purified MHC/competitive/fluorescence,Negative,,HLA-DPB1*04:02,15
SDVSQEVRKYFCVKT,purified MHC/competitive/fluorescence,Negative,,HLA-DPB1*04:01,15
SDVSQEVRKYFCVKT,purified MHC/competitive/fluorescence,Negative,,HLA-DPB1*04:02,15
ISVVTLLCVLPAVVY,purified MHC/competitive/fluorescence,Negative,,HLA-DPB1*04:01,15
ISVVTLLCVLPAVVY,purified MHC/competitive/fluorescence,Negative,,HLA-DPB1*04:02,15
VTLLCVLPAVVYSTC,purified MHC/competitive/fluorescence,Negative,,HLA-DPB1*04:01,15
LCVLPAVVYSTCTVP,purified MHC/competitive/fluorescence,Negative,,HLA-DPB1*04:01,15
LCVLPAVVYSTCTVP,purified MHC/competitive/fluorescence,Negative,,HLA-DPB1*04:02,15
PAVVYSTCTVPTMNN,purified MHC/competitive/fluorescence,Negative,,HLA-DPB1*04:01,15
PAVVYSTCTVPTMNN,purified MHC/competitive/fluorescence,Negative,,HLA-DPB1*04:02,15
CTVPTMNNAKLTSTE,purified MHC/competitive/fluorescence,Negative,,HLA-DPB1*04:01,15
CTVPTMNNAKLTSTE,purified MHC/competitive/fluorescence,Negative,,HLA-DPB1*04:02,15
AKLTSTETSFNNNQK,purified MHC/competitive/fluorescence,Negative,,HLA-DPB1*04:01,15
AKLTSTETSFNNNQK,purified MHC/competitive/fluorescence,Negative,,HLA-DPB1*04:02,15
TSFNNNQKVTFTCDQ,purified MHC/competitive/fluorescence,Negative,,HLA-DPB1*04:01,15
TSFNNNQKVTFTCDQ,purified MHC/competitive/fluorescence,Negative,,HLA-DPB1*04:02,15
QKVTFTCDQGYHSSD,purified MHC/competitive/fluorescence,Negative,,HLA-DPB1*04:01,15
QKVTFTCDQGYHSSD,purified MHC/competitive/fluorescence,Negative,,HLA-DPB1*04:02,15
QGYHSSDPNAVCETD,purified MHC/competitive/fluorescence,Negative,,HLA-DPB1*04:01,15
QGYHSSDPNAVCETD,purified MHC/competitive/fluorescence,Negative,,HLA-DPB1*04:02,15
NAVCETDKWKYENPC,purified MHC/competitive/fluorescence,Negative,,HLA-DPB1*04:01,15
NAVCETDKWKYENPC,purified MHC/competitive/fluorescence,Negative,,HLA-DPB1*04:02,15
DKWKYENPCKKMCTV,purified MHC/competitive/fluorescence,Negative,,HLA-DPB1*04:01,15
DKWKYENPCKKMCTV,purified MHC/competitive/fluorescence,Negative,,HLA-DPB1*04:02,15
KKMCTVSDYISELYN,purified MHC/competitive/fluorescence,Negative,,HLA-DPB1*04:01,15
KKMCTVSDYISELYN,purified MHC/competitive/fluorescence,Negative,,HLA-DPB1*04:02,15
SDYISELYNKPLYEV,purified MHC/competitive/fluorescence,Negative,,HLA-DPB1*04:01,15
SELYNKPLYEVNSTM,purified MHC/competitive/fluorescence,Negative,,HLA-DPB1*04:01,15
SELYNKPLYEVNSTM,purified MHC/competitive/fluorescence,Negative,,HLA-DPB1*04:02,15
KPLYEVNSTMTLSCN,purified MHC/competitive/fluorescence,Negative,,HLA-DPB1*04:01,15
KPLYEVNSTMTLSCN,purified MHC/competitive/fluorescence,Negative,,HLA-DPB1*04:02,15
MTLSCNGETKYFRCE,purified MHC/competitive/fluorescence,Negative,,HLA-DPB1*04:01,15
MTLSCNGETKYFRCE,purified MHC/competitive/fluorescence,Negative,,HLA-DPB1*04:02,15
TKYFRCEEKNGNTSW,purified MHC/competitive/fluorescence,Negative,,HLA-DPB1*04:01,15
TKYFRCEEKNGNTSW,purified MHC/competitive/fluorescence,Negative,,HLA-DPB1*04:02,15
TSWNDTVTCPNAECQ,purified MHC/competitive/fluorescence,Negative,,HLA-DPB1*04:01,15
TSWNDTVTCPNAECQ,purified MHC/competitive/fluorescence,Negative,,HLA-DPB1*04:02,15
DTVTCPNAECQPLQL,purified MHC/competitive/fluorescence,Negative,,HLA-DPB1*04:01,15
DTVTCPNAECQPLQL,purified MHC/competitive/fluorescence,Negative,,HLA-DPB1*04:02,15
QPLQLEHGSCQPVKE,purified MHC/competitive/fluorescence,Negative,,HLA-DPB1*04:01,15
QPLQLEHGSCQPVKE,purified MHC/competitive/fluorescence,Negative,,HLA-DPB1*04:02,15
EKYSFGEYMTINCDV,purified MHC/competitive/fluorescence,Negative,,HLA-DPB1*04:01,15
EKYSFGEYMTINCDV,purified MHC/competitive/fluorescence,Negative,,HLA-DPB1*04:02,15
GEYMTINCDVGYEVI,purified MHC/competitive/fluorescence,Negative,,HLA-DPB1*04:01,15
GEYMTINCDVGYEVI,purified MHC/competitive/fluorescence,Negative,,HLA-DPB1*04:02,15
CDVGYEVIGASYISC,purified MHC/competitive/fluorescence,Negative,,HLA-DPB1*04:01,15
CDVGYEVIGASYISC,purified MHC/competitive/fluorescence,Negative,,HLA-DPB1*04:02,15
EVIGASYISCTANSW,purified MHC/competitive/fluorescence,Negative,,HLA-DPB1*04:01,15
EVIGASYISCTANSW,purified MHC/competitive/fluorescence,Negative,,HLA-DPB1*04:02,15
NSWNVIPSCQQKCDI,purified MHC/competitive/fluorescence,Negative,,HLA-DPB1*04:01,15
NSWNVIPSCQQKCDI,purified MHC/competitive/fluorescence,Negative,,HLA-DPB1*04:02,15
CDIPSLSNGLISGST,purified MHC/competitive/fluorescence,Negative,,HLA-DPB1*04:01,15
CDIPSLSNGLISGST,purified MHC/competitive/fluorescence,Negative,,HLA-DPB1*04:02,15
NGLISGSTFSIGGVI,purified MHC/competitive/fluorescence,Negative,,HLA-DPB1*04:01,15
NGLISGSTFSIGGVI,purified MHC/competitive/fluorescence,Negative,,HLA-DPB1*04:02,15
STFSIGGVIHLSCKS,purified MHC/competitive/fluorescence,Negative,,HLA-DPB1*04:01,15
STFSIGGVIHLSCKS,purified MHC/competitive/fluorescence,Negative,,HLA-DPB1*04:02,15
GGVIHLSCKSGFILT,purified MHC/competitive/fluorescence,Negative,,HLA-DPB1*04:01,15
SGFILTGSPSSTCID,purified MHC/competitive/fluorescence,Negative,,HLA-DPB1*04:01,15
SGFILTGSPSSTCID,purified MHC/competitive/fluorescence,Negative,,HLA-DPB1*04:02,15
TCIDGKWNPVLPICV,purified MHC/competitive/fluorescence,Negative,,HLA-DPB1*04:01,15
TCIDGKWNPVLPICV,purified MHC/competitive/fluorescence,Negative,,HLA-DPB1*04:02,15
GKWNPVLPICVRTNE,purified MHC/competitive/fluorescence,Negative,,HLA-DPB1*04:01,15
GKWNPVLPICVRTNE,purified MHC/competitive/fluorescence,Negative,,HLA-DPB1*04:02,15
NPVLPICVRTNEEFD,purified MHC/competitive/fluorescence,Negative,,HLA-DPB1*04:01,15
NPVLPICVRTNEEFD,purified MHC/competitive/fluorescence,Negative,,HLA-DPB1*04:02,15
LPICVRTNEEFDPVD,purified MHC/competitive/fluorescence,Negative,,HLA-DPB1*04:01,15
LPICVRTNEEFDPVD,purified MHC/competitive/fluorescence,Negative,,HLA-DPB1*04:02,15
EEFDPVDDGPDDETD,purified MHC/competitive/fluorescence,Negative,,HLA-DPB1*04:01,15
EEFDPVDDGPDDETD,purified MHC/competitive/fluorescence,Negative,,HLA-DPB1*04:02,15
TDLSKLSKDVVQYEQ,purified MHC/competitive/fluorescence,Negative,,HLA-DPB1*04:01,15
TDLSKLSKDVVQYEQ,purified MHC/competitive/fluorescence,Negative,,HLA-DPB1*04:02,15
KDVVQYEQEIESLEA,purified MHC/competitive/fluorescence,Negative,,HLA-DPB1*04:01,15
KDVVQYEQEIESLEA,purified MHC/competitive/fluorescence,Negative,,HLA-DPB1*04:02,15
QEIESLEATYHIIIV,purified MHC/competitive/fluorescence,Negative,,HLA-DPB1*04:01,15
QEIESLEATYHIIIV,purified MHC/competitive/fluorescence,Negative,,HLA-DPB1*04:02,15
IVLVCSCDKNNDCSC,purified MHC/competitive/fluorescence,Negative,,HLA-DPB1*04:01,15
IVLVCSCDKNNDCSC,purified MHC/competitive/fluorescence,Negative,,HLA-DPB1*04:02,15
KYFAATQFEPLAA,purified MHC/competitive/fluorescence,Negative,2000000.0,HLA-DPA1*01:03/DPB1*02:01,13
DLDKKETVWHLEE,purified MHC/competitive/fluorescence,Negative,2000000.0,HLA-DPA1*01:03/DPB1*02:01,13
PKPPKPVSKMRMATPLLMQA,purified MHC/competitive/fluorescence,Negative,2000000.0,HLA-DPA1*01:03/DPB1*02:01,20
HTGREIVDLMMCHAT,purified MHC/competitive/fluorescence,Negative,2000000.0,HLA-DPA1*01:03/DPB1*02:01,15
MEVGAYRSPFSRVVHLYRNGK,cellular MHC/direct/fluorescence,Negative,2000000.0,HLA-DPA1*01:03/DPB1*02:01,21
MEVGAYRAPASRAVHLYRNGK,cellular MHC/direct/fluorescence,Negative,2000000.0,HLA-DPA1*01:03/DPB1*02:01,21
GGFMTTAFQYIIDNKG,purified MHC/competitive/fluorescence,Negative,2000000.0,HLA-DPA1*01:03/DPB1*04:01,16
KYFAATQFEPLAA,purified MHC/competitive/fluorescence,Negative,2000000.0,HLA-DPA1*01:03/DPB1*04:01,13
DLDKKETVWHLEE,purified MHC/competitive/fluorescence,Negative,2000000.0,HLA-DPA1*01:03/DPB1*04:01,13
PKPPKPVSKMRMATPLLMQA,purified MHC/competitive/fluorescence,Negative,2000000.0,HLA-DPA1*01:03/DPB1*04:01,20
HTGREIVDLMMCHAT,purified MHC/competitive/fluorescence,Negative,2000000.0,HLA-DPA1*01:03/DPB1*04:01,15
MEVGAYRSPFSRVVHLYRNGK,cellular MHC/direct/fluorescence,Negative,2000000.0,HLA-DPA1*01:03/DPB1*04:01,21
MEVGAYRAPASRAVHLYRNGK,cellular MHC/direct/fluorescence,Negative,2000000.0,HLA-DPA1*01:03/DPB1*04:01,21
HGRQIKMAKLLGRDPE,purified MHC/competitive/fluorescence,Negative,,HLA-DPB1*04:01,16
HGRQIRMARILGRDPE,purified MHC/competitive/fluorescence,Negative,,HLA-DPB1*04:01,16
HGRQIKMAKLLGRDPE,purified MHC/competitive/fluorescence,Negative,,HLA-DPB1*04:02,16
HGRQIRMAKLFGRDPE,purified MHC/competitive/fluorescence,Negative,,HLA-DPB1*04:02,16
HGRQIRMAKLLTRDPE,purified MHC/competitive/fluorescence,Negative,,HLA-DPB1*04:02,16
MLLRKYGIAAENVID,purified MHC/competitive/radioactivity,Negative,29670.0,HLA-DPB1*04:01,15
LRQMRTVTPIRMQGG,purified MHC/direct/fluorescence,Negative,,HLA-DPB1*04:01,15
AVNIVGYSNAQGVDY,purified MHC/direct/fluorescence,Negative,,HLA-DPB1*04:01,15
PCIIHRGKPFQLEAV,purified MHC/direct/fluorescence,Negative,,HLA-DPB1*04:01,15
ACSINGNAPAEIDLR,purified MHC/direct/fluorescence,Negative,,HLA-DPB1*04:01,15
FSGVAATESAYLAYR,purified MHC/direct/fluorescence,Negative,,HLA-DPB1*04:01,15
ESAYLAYRNQSLDLA,purified MHC/direct/fluorescence,Negative,,HLA-DPB1*04:01,15
ESYYRYVAREQSCRR,purified MHC/direct/fluorescence,Negative,,HLA-DPB1*04:01,15
ISNYCQIYPPNVNKI,purified MHC/direct/fluorescence,Negative,,HLA-DPB1*04:01,15
IAVIIGIKDLDAFRH,purified MHC/direct/fluorescence,Negative,,HLA-DPB1*04:01,15
LDAFRHYDGRTIIQR,purified MHC/direct/fluorescence,Negative,,HLA-DPB1*04:01,15
RTIIQRDNGYQPNYH,purified MHC/direct/fluorescence,Negative,,HLA-DPB1*04:01,15
NHEIKKVLVPGCHGS,purified MHC/direct/fluorescence,Negative,,HLA-DPB1*04:01,15
GKPFQLEAVFEANQN,purified MHC/direct/fluorescence,Negative,,HLA-DPB1*04:01,15
LEAVFEANQNTKTAK,purified MHC/direct/fluorescence,Negative,,HLA-DPB1*04:01,15
IDGLEVDVPGIDPNA,purified MHC/direct/fluorescence,Negative,,HLA-DPB1*04:01,15
KCPLVKGQQYDIKYT,purified MHC/direct/fluorescence,Negative,,HLA-DPB1*04:01,15
GQQYDIKYTWNVPKIAP,purified MHC/direct/fluorescence,Negative,,HLA-DPB1*04:01,17
TVKVMGDDGVLACAI,purified MHC/direct/fluorescence,Negative,,HLA-DPB1*04:01,15
MTEQQWNFAGIEAAA,purified MHC/competitive/radioactivity,Negative,46700.0,HLA-DPA1*02:01/DPB1*05:01,15
MTEQQWNFAGIEAAA,purified MHC/competitive/radioactivity,Negative,30300.0,HLA-DPA1*01:03/DPB1*04:01,15
WNFAGIEAAASAIQG,purified MHC/competitive/radioactivity,Negative,31100.0,HLA-DPA1*02:01/DPB1*01:01,15
WNFAGIEAAASAIQG,purified MHC/competitive/radioactivity,Negative,36500.0,HLA-DPA1*02:01/DPB1*05:01,15
WNFAGIEAAASAIQG,purified MHC/competitive/radioactivity,Negative,46700.0,HLA-DPA1*01:03/DPB1*02:01,15
WNFAGIEAAASAIQG,purified MHC/competitive/radioactivity,Negative,32400.0,HLA-DPA1*01:03/DPB1*04:01,15
IEAAASAIQGNVTSI,purified MHC/competitive/radioactivity,Negative,30900.0,HLA-DPA1*02:01/DPB1*01:01,15
IEAAASAIQGNVTSI,purified MHC/competitive/radioactivity,Negative,19900.0,HLA-DPA1*02:01/DPB1*05:01,15
IEAAASAIQGNVTSI,purified MHC/competitive/radioactivity,Negative,46700.0,HLA-DPA1*01:03/DPB1*02:01,15
IEAAASAIQGNVTSI,purified MHC/competitive/radioactivity,Negative,46700.0,HLA-DPA1*01:03/DPB1*04:01,15
SAIQGNVTSIHSLLD,purified MHC/competitive/radioactivity,Negative,10200.0,HLA-DPA1*03:01/DPB1*04:02,15
SAIQGNVTSIHSLLD,purified MHC/competitive/radioactivity,Negative,39100.0,HLA-DPA1*01:03/DPB1*02:01,15
SAIQGNVTSIHSLLD,purified MHC/competitive/radioactivity,Negative,46200.0,HLA-DPA1*01:03/DPB1*04:01,15
NVTSIHSLLDEGKQS,purified MHC/competitive/radioactivity,Negative,14300.0,HLA-DPA1*03:01/DPB1*04:02,15
NVTSIHSLLDEGKQS,purified MHC/competitive/radioactivity,Negative,17100.0,HLA-DPA1*01:03/DPB1*02:01,15
NVTSIHSLLDEGKQS,purified MHC/competitive/radioactivity,Negative,20600.0,HLA-DPA1*01:03/DPB1*04:01,15
HSLLDEGKQSLTKLA,purified MHC/competitive/radioactivity,Negative,25300.0,HLA-DPA1*03:01/DPB1*04:02,15
HSLLDEGKQSLTKLA,purified MHC/competitive/radioactivity,Negative,46700.0,HLA-DPA1*01:03/DPB1*02:01,15
HSLLDEGKQSLTKLA,purified MHC/competitive/radioactivity,Negative,46700.0,HLA-DPA1*01:03/DPB1*04:01,15
EGKQSLTKLAAAWGG,purified MHC/competitive/radioactivity,Negative,37300.0,HLA-DPA1*01:03/DPB1*02:01,15
EGKQSLTKLAAAWGG,purified MHC/competitive/radioactivity,Negative,46700.0,HLA-DPA1*01:03/DPB1*04:01,15
LTKLAAAWGGSGSEA,purified MHC/competitive/radioactivity,Negative,14900.0,HLA-DPA1*03:01/DPB1*04:02,15
LTKLAAAWGGSGSEA,purified MHC/competitive/radioactivity,Negative,15600.0,HLA-DPA1*02:01/DPB1*01:01,15
LTKLAAAWGGSGSEA,purified MHC/competitive/radioactivity,Negative,13500.0,HLA-DPA1*02:01/DPB1*05:01,15
LTKLAAAWGGSGSEA,purified MHC/competitive/radioactivity,Negative,46700.0,HLA-DPA1*01:03/DPB1*02:01,15
LTKLAAAWGGSGSEA,purified MHC/competitive/radioactivity,Negative,46700.0,HLA-DPA1*01:03/DPB1*04:01,15
AAWGGSGSEAYQGVQ,purified MHC/competitive/radioactivity,Negative,46700.0,HLA-DPA1*03:01/DPB1*04:02,15
AAWGGSGSEAYQGVQ,purified MHC/competitive/radioactivity,Negative,37800.0,HLA-DPA1*02:01/DPB1*05:01,15
SGSEAYQGVQQKWDA,purified MHC/competitive/radioactivity,Negative,46700.0,HLA-DPA1*03:01/DPB1*04:02,15
SGSEAYQGVQQKWDA,purified MHC/competitive/radioactivity,Negative,15800.0,HLA-DPA1*02:01/DPB1*01:01,15
SGSEAYQGVQQKWDA,purified MHC/competitive/radioactivity,Negative,10900.0,HLA-DPA1*02:01/DPB1*05:01,15
SGSEAYQGVQQKWDA,purified MHC/competitive/radioactivity,Negative,36100.0,HLA-DPA1*01:03/DPB1*04:01,15
YQGVQQKWDATATEL,purified MHC/competitive/radioactivity,Negative,46700.0,HLA-DPA1*03:01/DPB1*04:02,15
YQGVQQKWDATATEL,purified MHC/competitive/radioactivity,Negative,33700.0,HLA-DPA1*01:03/DPB1*02:01,15
YQGVQQKWDATATEL,purified MHC/competitive/radioactivity,Negative,34700.0,HLA-DPA1*01:03/DPB1*04:01,15
QKWDATATELNNALQ,purified MHC/competitive/radioactivity,Negative,35900.0,HLA-DPA1*03:01/DPB1*04:02,15
QKWDATATELNNALQ,purified MHC/competitive/radioactivity,Negative,28000.0,HLA-DPA1*02:01/DPB1*05:01,15
QKWDATATELNNALQ,purified MHC/competitive/radioactivity,Negative,46700.0,HLA-DPA1*01:03/DPB1*02:01,15
QKWDATATELNNALQ,purified MHC/competitive/radioactivity,Negative,46700.0,HLA-DPA1*01:03/DPB1*04:01,15
TATELNNALQNLART,purified MHC/competitive/radioactivity,Negative,46700.0,HLA-DPA1*02:01/DPB1*01:01,15
TATELNNALQNLART,purified MHC/competitive/radioactivity,Negative,22200.0,HLA-DPA1*02:01/DPB1*05:01,15
TATELNNALQNLART,purified MHC/competitive/radioactivity,Negative,46700.0,HLA-DPA1*01:03/DPB1*02:01,15
TATELNNALQNLART,purified MHC/competitive/radioactivity,Negative,46700.0,HLA-DPA1*01:03/DPB1*04:01,15
NNALQNLARTISEAG,purified MHC/competitive/radioactivity,Negative,33900.0,HLA-DPA1*03:01/DPB1*04:02,15
NNALQNLARTISEAG,purified MHC/competitive/radioactivity,Negative,28300.0,HLA-DPA1*02:01/DPB1*01:01,15
NNALQNLARTISEAG,purified MHC/competitive/radioactivity,Negative,13200.0,HLA-DPA1*02:01/DPB1*05:01,15
NNALQNLARTISEAG,purified MHC/competitive/radioactivity,Negative,46700.0,HLA-DPA1*01:03/DPB1*02:01,15
NNALQNLARTISEAG,purified MHC/competitive/radioactivity,Negative,46700.0,HLA-DPA1*01:03/DPB1*04:01,15
NLARTISEAGQAMAS,purified MHC/competitive/radioactivity,Negative,46700.0,HLA-DPA1*03:01/DPB1*04:02,15
NLARTISEAGQAMAS,purified MHC/competitive/radioactivity,Negative,25800.0,HLA-DPA1*02:01/DPB1*01:01,15
NLARTISEAGQAMAS,purified MHC/competitive/radioactivity,Negative,28700.0,HLA-DPA1*02:01/DPB1*05:01,15
NLARTISEAGQAMAS,purified MHC/competitive/radioactivity,Negative,19500.0,HLA-DPA1*01:03/DPB1*02:01,15
NLARTISEAGQAMAS,purified MHC/competitive/radioactivity,Negative,46700.0,HLA-DPA1*01:03/DPB1*04:01,15
ISEAGQAMASTEGNV,purified MHC/competitive/radioactivity,Negative,36400.0,HLA-DPA1*03:01/DPB1*04:02,15
ISEAGQAMASTEGNV,purified MHC/competitive/radioactivity,Negative,25300.0,HLA-DPA1*02:01/DPB1*01:01,15
ISEAGQAMASTEGNV,purified MHC/competitive/radioactivity,Negative,46700.0,HLA-DPA1*02:01/DPB1*05:01,15
ISEAGQAMASTEGNV,purified MHC/competitive/radioactivity,Negative,46700.0,HLA-DPA1*01:03/DPB1*02:01,15
ISEAGQAMASTEGNV,purified MHC/competitive/radioactivity,Negative,46700.0,HLA-DPA1*01:03/DPB1*04:01,15
QAMASTEGNVTGMFA,purified MHC/competitive/radioactivity,Negative,46700.0,HLA-DPA1*03:01/DPB1*04:02,15
QAMASTEGNVTGMFA,purified MHC/competitive/radioactivity,Negative,46700.0,HLA-DPA1*02:01/DPB1*01:01,15
QAMASTEGNVTGMFA,purified MHC/competitive/radioactivity,Negative,46700.0,HLA-DPA1*02:01/DPB1*05:01,15
QAMASTEGNVTGMFA,purified MHC/competitive/radioactivity,Negative,11700.0,HLA-DPA1*01:03/DPB1*02:01,15
QAMASTEGNVTGMFA,purified MHC/competitive/radioactivity,Negative,17200.0,HLA-DPA1*01:03/DPB1*04:01,15
MAEMKTDAATLAQEA,purified MHC/competitive/radioactivity,Negative,15100.0,HLA-DPA1*01:03/DPB1*02:01,15
MAEMKTDAATLAQEA,purified MHC/competitive/radioactivity,Negative,20000.0,HLA-DPA1*01:03/DPB1*04:01,15
TDAATLAQEAGNFER,purified MHC/competitive/radioactivity,Negative,46700.0,HLA-DPA1*03:01/DPB1*04:02,15
TDAATLAQEAGNFER,purified MHC/competitive/radioactivity,Negative,42300.0,HLA-DPA1*02:01/DPB1*01:01,15
TDAATLAQEAGNFER,purified MHC/competitive/radioactivity,Negative,46700.0,HLA-DPA1*02:01/DPB1*05:01,15
TDAATLAQEAGNFER,purified MHC/competitive/radioactivity,Negative,46700.0,HLA-DPA1*01:03/DPB1*02:01,15
TDAATLAQEAGNFER,purified MHC/competitive/radioactivity,Negative,46700.0,HLA-DPA1*01:03/DPB1*04:01,15
LAQEAGNFERISGDL,purified MHC/competitive/radioactivity,Negative,10800.0,HLA-DPA1*03:01/DPB1*04:02,15
LAQEAGNFERISGDL,purified MHC/competitive/radioactivity,Negative,13100.0,HLA-DPA1*02:01/DPB1*05:01,15
GNFERISGDLKTQID,purified MHC/competitive/radioactivity,Negative,19600.0,HLA-DPA1*03:01/DPB1*04:02,15
GNFERISGDLKTQID,purified MHC/competitive/radioactivity,Negative,12000.0,HLA-DPA1*01:03/DPB1*04:01,15
ISGDLKTQIDQVEST,purified MHC/competitive/radioactivity,Negative,20900.0,HLA-DPA1*03:01/DPB1*04:02,15
ISGDLKTQIDQVEST,purified MHC/competitive/radioactivity,Negative,11300.0,HLA-DPA1*01:03/DPB1*02:01,15
ISGDLKTQIDQVEST,purified MHC/competitive/radioactivity,Negative,31700.0,HLA-DPA1*01:03/DPB1*04:01,15
KTQIDQVESTAGSLQ,purified MHC/competitive/radioactivity,Negative,29800.0,HLA-DPA1*03:01/DPB1*04:02,15
KTQIDQVESTAGSLQ,purified MHC/competitive/radioactivity,Negative,46700.0,HLA-DPA1*02:01/DPB1*01:01,15
KTQIDQVESTAGSLQ,purified MHC/competitive/radioactivity,Negative,46700.0,HLA-DPA1*02:01/DPB1*05:01,15
KTQIDQVESTAGSLQ,purified MHC/competitive/radioactivity,Negative,14600.0,HLA-DPA1*01:03/DPB1*04:01,15
QVESTAGSLQGQWRG,purified MHC/competitive/radioactivity,Negative,46700.0,HLA-DPA1*03:01/DPB1*04:02,15
QVESTAGSLQGQWRG,purified MHC/competitive/radioactivity,Negative,25700.0,HLA-DPA1*02:01/DPB1*01:01,15
QVESTAGSLQGQWRG,purified MHC/competitive/radioactivity,Negative,32100.0,HLA-DPA1*02:01/DPB1*05:01,15
QVESTAGSLQGQWRG,purified MHC/competitive/radioactivity,Negative,46700.0,HLA-DPA1*01:03/DPB1*02:01,15
QVESTAGSLQGQWRG,purified MHC/competitive/radioactivity,Negative,46700.0,HLA-DPA1*01:03/DPB1*04:01,15
AGSLQGQWRGAAGTA,purified MHC/competitive/radioactivity,Negative,31500.0,HLA-DPA1*03:01/DPB1*04:02,15
AGSLQGQWRGAAGTA,purified MHC/competitive/radioactivity,Negative,20200.0,HLA-DPA1*02:01/DPB1*01:01,15
AGSLQGQWRGAAGTA,purified MHC/competitive/radioactivity,Negative,37100.0,HLA-DPA1*02:01/DPB1*05:01,15
AGSLQGQWRGAAGTA,purified MHC/competitive/radioactivity,Negative,12900.0,HLA-DPA1*01:03/DPB1*02:01,15
AGSLQGQWRGAAGTA,purified MHC/competitive/radioactivity,Negative,17800.0,HLA-DPA1*01:03/DPB1*04:01,15
GQWRGAAGTAAQAAV,purified MHC/competitive/radioactivity,Negative,25200.0,HLA-DPA1*03:01/DPB1*04:02,15
GQWRGAAGTAAQAAV,purified MHC/competitive/radioactivity,Negative,19400.0,HLA-DPA1*02:01/DPB1*01:01,15
GQWRGAAGTAAQAAV,purified MHC/competitive/radioactivity,Negative,46700.0,HLA-DPA1*02:01/DPB1*05:01,15
AAGTAAQAAVVRFQE,purified MHC/competitive/radioactivity,Negative,26600.0,HLA-DPA1*03:01/DPB1*04:02,15
AAGTAAQAAVVRFQE,purified MHC/competitive/radioactivity,Negative,46700.0,HLA-DPA1*02:01/DPB1*01:01,15
AAGTAAQAAVVRFQE,purified MHC/competitive/radioactivity,Negative,18500.0,HLA-DPA1*02:01/DPB1*05:01,15
AAGTAAQAAVVRFQE,purified MHC/competitive/radioactivity,Negative,15900.0,HLA-DPA1*01:03/DPB1*02:01,15
AAGTAAQAAVVRFQE,purified MHC/competitive/radioactivity,Negative,25500.0,HLA-DPA1*01:03/DPB1*04:01,15
AQAAVVRFQEAANKQ,purified MHC/competitive/radioactivity,Negative,46700.0,HLA-DPA1*03:01/DPB1*04:02,15
AQAAVVRFQEAANKQ,purified MHC/competitive/radioactivity,Negative,26600.0,HLA-DPA1*02:01/DPB1*01:01,15
AQAAVVRFQEAANKQ,purified MHC/competitive/radioactivity,Negative,46700.0,HLA-DPA1*02:01/DPB1*05:01,15
AQAAVVRFQEAANKQ,purified MHC/competitive/radioactivity,Negative,17700.0,HLA-DPA1*01:03/DPB1*02:01,15
AQAAVVRFQEAANKQ,purified MHC/competitive/radioactivity,Negative,46700.0,HLA-DPA1*01:03/DPB1*04:01,15
VRFQEAANKQKQELD,purified MHC/competitive/radioactivity,Negative,46700.0,HLA-DPA1*03:01/DPB1*04:02,15
VRFQEAANKQKQELD,purified MHC/competitive/radioactivity,Negative,33100.0,HLA-DPA1*02:01/DPB1*01:01,15
VRFQEAANKQKQELD,purified MHC/competitive/radioactivity,Negative,46700.0,HLA-DPA1*01:03/DPB1*02:01,15
VRFQEAANKQKQELD,purified MHC/competitive/radioactivity,Negative,46700.0,HLA-DPA1*01:03/DPB1*04:01,15
AANKQKQELDEISTN,purified MHC/competitive/radioactivity,Negative,46700.0,HLA-DPA1*03:01/DPB1*04:02,15
AANKQKQELDEISTN,purified MHC/competitive/radioactivity,Negative,46700.0,HLA-DPA1*02:01/DPB1*01:01,15
AANKQKQELDEISTN,purified MHC/competitive/radioactivity,Negative,23800.0,HLA-DPA1*02:01/DPB1*05:01,15
AANKQKQELDEISTN,purified MHC/competitive/radioactivity,Negative,46700.0,HLA-DPA1*01:03/DPB1*02:01,15
AANKQKQELDEISTN,purified MHC/competitive/radioactivity,Negative,46700.0,HLA-DPA1*01:03/DPB1*04:01,15
KQELDEISTNIRQAG,purified MHC/competitive/radioactivity,Negative,46700.0,HLA-DPA1*03:01/DPB1*04:02,15
KQELDEISTNIRQAG,purified MHC/competitive/radioactivity,Negative,46700.0,HLA-DPA1*02:01/DPB1*01:01,15
KQELDEISTNIRQAG,purified MHC/competitive/radioactivity,Negative,31900.0,HLA-DPA1*02:01/DPB1*05:01,15
KQELDEISTNIRQAG,purified MHC/competitive/radioactivity,Negative,46700.0,HLA-DPA1*01:03/DPB1*02:01,15
KQELDEISTNIRQAG,purified MHC/competitive/radioactivity,Negative,46700.0,HLA-DPA1*01:03/DPB1*04:01,15
EISTNIRQAGVQYSR,purified MHC/competitive/radioactivity,Negative,46700.0,HLA-DPA1*03:01/DPB1*04:02,15
EISTNIRQAGVQYSR,purified MHC/competitive/radioactivity,Negative,46700.0,HLA-DPA1*02:01/DPB1*05:01,15
EISTNIRQAGVQYSR,purified MHC/competitive/radioactivity,Negative,46700.0,HLA-DPA1*01:03/DPB1*02:01,15
EISTNIRQAGVQYSR,purified MHC/competitive/radioactivity,Negative,46700.0,HLA-DPA1*01:03/DPB1*04:01,15
IRQAGVQYSRADEEQ,purified MHC/competitive/radioactivity,Negative,46700.0,HLA-DPA1*03:01/DPB1*04:02,15
IRQAGVQYSRADEEQ,purified MHC/competitive/radioactivity,Negative,24000.0,HLA-DPA1*02:01/DPB1*01:01,15
IRQAGVQYSRADEEQ,purified MHC/competitive/radioactivity,Negative,40400.0,HLA-DPA1*02:01/DPB1*05:01,15
IRQAGVQYSRADEEQ,purified MHC/competitive/radioactivity,Negative,46700.0,HLA-DPA1*01:03/DPB1*02:01,15
IRQAGVQYSRADEEQ,purified MHC/competitive/radioactivity,Negative,46700.0,HLA-DPA1*01:03/DPB1*04:01,15
VQYSRADEEQQQALS,purified MHC/competitive/radioactivity,Negative,46700.0,HLA-DPA1*03:01/DPB1*04:02,15
VQYSRADEEQQQALS,purified MHC/competitive/radioactivity,Negative,46700.0,HLA-DPA1*02:01/DPB1*01:01,15
VQYSRADEEQQQALS,purified MHC/competitive/radioactivity,Negative,40800.0,HLA-DPA1*02:01/DPB1*05:01,15
VQYSRADEEQQQALS,purified MHC/competitive/radioactivity,Negative,46700.0,HLA-DPA1*01:03/DPB1*02:01,15
VQYSRADEEQQQALS,purified MHC/competitive/radioactivity,Negative,46700.0,HLA-DPA1*01:03/DPB1*04:01,15
ADEEQQQALSSQMGF,purified MHC/competitive/radioactivity,Negative,46700.0,HLA-DPA1*03:01/DPB1*04:02,15
ADEEQQQALSSQMGF,purified MHC/competitive/radioactivity,Negative,15200.0,HLA-DPA1*02:01/DPB1*01:01,15
ADEEQQQALSSQMGF,purified MHC/competitive/radioactivity,Negative,46700.0,HLA-DPA1*02:01/DPB1*05:01,15
ADEEQQQALSSQMGF,purified MHC/competitive/radioactivity,Negative,46700.0,HLA-DPA1*01:03/DPB1*02:01,15
ADEEQQQALSSQMGF,purified MHC/competitive/radioactivity,Negative,46700.0,HLA-DPA1*01:03/DPB1*04:01,15
LAARTLLAAADELVG,purified MHC/competitive/radioactivity,Negative,10500.0,HLA-DPA1*02:01/DPB1*05:01,15
LLAAADELVGGPPVE,purified MHC/competitive/radioactivity,Negative,27300.0,HLA-DPA1*03:01/DPB1*04:02,15
LLAAADELVGGPPVE,purified MHC/competitive/radioactivity,Negative,20000.0,HLA-DPA1*02:01/DPB1*01:01,15
LLAAADELVGGPPVE,purified MHC/competitive/radioactivity,Negative,46700.0,HLA-DPA1*02:01/DPB1*05:01,15
LLAAADELVGGPPVE,purified MHC/competitive/radioactivity,Negative,24400.0,HLA-DPA1*01:03/DPB1*02:01,15
LLAAADELVGGPPVE,purified MHC/competitive/radioactivity,Negative,46700.0,HLA-DPA1*01:03/DPB1*04:01,15
DELVGGPPVEASAAA,purified MHC/competitive/radioactivity,Negative,22000.0,HLA-DPA1*03:01/DPB1*04:02,15
DELVGGPPVEASAAA,purified MHC/competitive/radioactivity,Negative,27400.0,HLA-DPA1*02:01/DPB1*01:01,15
DELVGGPPVEASAAA,purified MHC/competitive/radioactivity,Negative,46700.0,HLA-DPA1*02:01/DPB1*05:01,15
DELVGGPPVEASAAA,purified MHC/competitive/radioactivity,Negative,42600.0,HLA-DPA1*01:03/DPB1*02:01,15
DELVGGPPVEASAAA,purified MHC/competitive/radioactivity,Negative,46700.0,HLA-DPA1*01:03/DPB1*04:01,15
GPPVEASAAALAGDA,purified MHC/competitive/radioactivity,Negative,46700.0,HLA-DPA1*03:01/DPB1*04:02,15
GPPVEASAAALAGDA,purified MHC/competitive/radioactivity,Negative,36000.0,HLA-DPA1*02:01/DPB1*01:01,15
GPPVEASAAALAGDA,purified MHC/competitive/radioactivity,Negative,46700.0,HLA-DPA1*02:01/DPB1*05:01,15
GPPVEASAAALAGDA,purified MHC/competitive/radioactivity,Negative,46700.0,HLA-DPA1*01:03/DPB1*02:01,15
GPPVEASAAALAGDA,purified MHC/competitive/radioactivity,Negative,46700.0,HLA-DPA1*01:03/DPB1*04:01,15
ASAAALAGDAAGAWR,purified MHC/competitive/radioactivity,Negative,46700.0,HLA-DPA1*03:01/DPB1*04:02,15
ASAAALAGDAAGAWR,purified MHC/competitive/radioactivity,Negative,46700.0,HLA-DPA1*02:01/DPB1*01:01,15
ASAAALAGDAAGAWR,purified MHC/competitive/radioactivity,Negative,46700.0,HLA-DPA1*02:01/DPB1*05:01,15
ASAAALAGDAAGAWR,purified MHC/competitive/radioactivity,Negative,46700.0,HLA-DPA1*01:03/DPB1*02:01,15
ASAAALAGDAAGAWR,purified MHC/competitive/radioactivity,Negative,46700.0,HLA-DPA1*01:03/DPB1*04:01,15
LAGDAAGAWRTAAVE,purified MHC/competitive/radioactivity,Negative,39800.0,HLA-DPA1*03:01/DPB1*04:02,15
LAGDAAGAWRTAAVE,purified MHC/competitive/radioactivity,Negative,24500.0,HLA-DPA1*02:01/DPB1*01:01,15
LAGDAAGAWRTAAVE,purified MHC/competitive/radioactivity,Negative,46700.0,HLA-DPA1*02:01/DPB1*05:01,15
LAGDAAGAWRTAAVE,purified MHC/competitive/radioactivity,Negative,46700.0,HLA-DPA1*01:03/DPB1*02:01,15
LAGDAAGAWRTAAVE,purified MHC/competitive/radioactivity,Negative,46700.0,HLA-DPA1*01:03/DPB1*04:01,15
TAAVELARALVRAVA,purified MHC/competitive/radioactivity,Negative,20800.0,HLA-DPA1*02:01/DPB1*01:01,15
LARALVRAVAESHGV,purified MHC/competitive/radioactivity,Negative,12500.0,HLA-DPA1*02:01/DPB1*01:01,15
LARALVRAVAESHGV,purified MHC/competitive/radioactivity,Negative,10200.0,HLA-DPA1*01:03/DPB1*02:01,15
LARALVRAVAESHGV,purified MHC/competitive/radioactivity,Negative,11400.0,HLA-DPA1*01:03/DPB1*04:01,15
VRAVAESHGVAAVLF,purified MHC/competitive/radioactivity,Negative,19500.0,HLA-DPA1*03:01/DPB1*04:02,15
VRAVAESHGVAAVLF,purified MHC/competitive/radioactivity,Negative,42600.0,HLA-DPA1*02:01/DPB1*01:01,15
VRAVAESHGVAAVLF,purified MHC/competitive/radioactivity,Negative,46700.0,HLA-DPA1*02:01/DPB1*05:01,15
VRAVAESHGVAAVLF,purified MHC/competitive/radioactivity,Negative,28300.0,HLA-DPA1*01:03/DPB1*02:01,15
VRAVAESHGVAAVLF,purified MHC/competitive/radioactivity,Negative,30300.0,HLA-DPA1*01:03/DPB1*04:01,15
AAVLFAATAAAAAAV,purified MHC/competitive/radioactivity,Negative,46700.0,HLA-DPA1*03:01/DPB1*04:02,15
AAVLFAATAAAAAAV,purified MHC/competitive/radioactivity,Negative,46700.0,HLA-DPA1*02:01/DPB1*01:01,15
AAVLFAATAAAAAAV,purified MHC/competitive/radioactivity,Negative,11000.0,HLA-DPA1*02:01/DPB1*05:01,15
AAVLFAATAAAAAAV,purified MHC/competitive/radioactivity,Negative,27400.0,HLA-DPA1*01:03/DPB1*04:01,15
AATAAAAAAVDRGDP,purified MHC/competitive/radioactivity,Negative,46700.0,HLA-DPA1*03:01/DPB1*04:02,15
AATAAAAAAVDRGDP,purified MHC/competitive/radioactivity,Negative,46700.0,HLA-DPA1*02:01/DPB1*01:01,15
AATAAAAAAVDRGDP,purified MHC/competitive/radioactivity,Negative,46700.0,HLA-DPA1*02:01/DPB1*05:01,15
AATAAAAAAVDRGDP,purified MHC/competitive/radioactivity,Negative,46700.0,HLA-DPA1*01:03/DPB1*02:01,15
AATAAAAAAVDRGDP,purified MHC/competitive/radioactivity,Negative,46700.0,HLA-DPA1*01:03/DPB1*04:01,15
ATAAAAAAVDRGDPP,purified MHC/competitive/radioactivity,Negative,23100.0,HLA-DPA1*03:01/DPB1*04:02,15
ATAAAAAAVDRGDPP,purified MHC/competitive/radioactivity,Negative,46700.0,HLA-DPA1*02:01/DPB1*01:01,15
ATAAAAAAVDRGDPP,purified MHC/competitive/radioactivity,Negative,46700.0,HLA-DPA1*02:01/DPB1*05:01,15
ATAAAAAAVDRGDPP,purified MHC/competitive/radioactivity,Negative,46700.0,HLA-DPA1*01:03/DPB1*02:01,15
ATAAAAAAVDRGDPP,purified MHC/competitive/radioactivity,Negative,46700.0,HLA-DPA1*01:03/DPB1*04:01,15
MATTLPVQRHPRSLF,purified MHC/competitive/radioactivity,Negative,27800.0,HLA-DPA1*03:01/DPB1*04:02,15
MATTLPVQRHPRSLF,purified MHC/competitive/radioactivity,Negative,16400.0,HLA-DPA1*02:01/DPB1*01:01,15
MATTLPVQRHPRSLF,purified MHC/competitive/radioactivity,Negative,46700.0,HLA-DPA1*01:03/DPB1*02:01,15
MATTLPVQRHPRSLF,purified MHC/competitive/radioactivity,Negative,46700.0,HLA-DPA1*01:03/DPB1*04:01,15
PVQRHPRSLFPEFSE,purified MHC/competitive/radioactivity,Negative,25600.0,HLA-DPA1*03:01/DPB1*04:02,15
PVQRHPRSLFPEFSE,purified MHC/competitive/radioactivity,Negative,37900.0,HLA-DPA1*02:01/DPB1*05:01,15
PVQRHPRSLFPEFSE,purified MHC/competitive/radioactivity,Negative,35600.0,HLA-DPA1*01:03/DPB1*04:01,15
PSFAGLRPTFDTRLM,purified MHC/competitive/radioactivity,Negative,28400.0,HLA-DPA1*03:01/DPB1*04:02,15
PSFAGLRPTFDTRLM,purified MHC/competitive/radioactivity,Negative,35500.0,HLA-DPA1*02:01/DPB1*05:01,15
LRPTFDTRLMRLEDE,purified MHC/competitive/radioactivity,Negative,46700.0,HLA-DPA1*01:03/DPB1*04:01,15
DTRLMRLEDEMKEGR,purified MHC/competitive/radioactivity,Negative,36500.0,HLA-DPA1*01:03/DPB1*02:01,15
DTRLMRLEDEMKEGR,purified MHC/competitive/radioactivity,Negative,46700.0,HLA-DPA1*01:03/DPB1*04:01,15
RLEDEMKEGRYEVRA,purified MHC/competitive/radioactivity,Negative,29900.0,HLA-DPA1*03:01/DPB1*04:02,15
RLEDEMKEGRYEVRA,purified MHC/competitive/radioactivity,Negative,13200.0,HLA-DPA1*01:03/DPB1*04:01,15
MKEGRYEVRAELPGV,purified MHC/competitive/radioactivity,Negative,19400.0,HLA-DPA1*01:03/DPB1*04:01,15
YEVRAELPGVDPDKD,purified MHC/competitive/radioactivity,Negative,14900.0,HLA-DPA1*03:01/DPB1*04:02,15
YEVRAELPGVDPDKD,purified MHC/competitive/radioactivity,Negative,46700.0,HLA-DPA1*02:01/DPB1*01:01,15
YEVRAELPGVDPDKD,purified MHC/competitive/radioactivity,Negative,27900.0,HLA-DPA1*02:01/DPB1*05:01,15
YEVRAELPGVDPDKD,purified MHC/competitive/radioactivity,Negative,31800.0,HLA-DPA1*01:03/DPB1*02:01,15
YEVRAELPGVDPDKD,purified MHC/competitive/radioactivity,Negative,29000.0,HLA-DPA1*01:03/DPB1*04:01,15
ELPGVDPDKDVDIMV,purified MHC/competitive/radioactivity,Negative,11900.0,HLA-DPA1*03:01/DPB1*04:02,15
ELPGVDPDKDVDIMV,purified MHC/competitive/radioactivity,Negative,46700.0,HLA-DPA1*02:01/DPB1*01:01,15
ELPGVDPDKDVDIMV,purified MHC/competitive/radioactivity,Negative,46700.0,HLA-DPA1*01:03/DPB1*02:01,15
ELPGVDPDKDVDIMV,purified MHC/competitive/radioactivity,Negative,46700.0,HLA-DPA1*01:03/DPB1*04:01,15
DPDKDVDIMVRDGQL,purified MHC/competitive/radioactivity,Negative,26000.0,HLA-DPA1*03:01/DPB1*04:02,15
DPDKDVDIMVRDGQL,purified MHC/competitive/radioactivity,Negative,20800.0,HLA-DPA1*01:03/DPB1*02:01,15
DPDKDVDIMVRDGQL,purified MHC/competitive/radioactivity,Negative,46700.0,HLA-DPA1*01:03/DPB1*04:01,15
RDGQLTIKAERTEQK,purified MHC/competitive/radioactivity,Negative,25500.0,HLA-DPA1*03:01/DPB1*04:02,15
RDGQLTIKAERTEQK,purified MHC/competitive/radioactivity,Negative,21100.0,HLA-DPA1*02:01/DPB1*05:01,15
RDGQLTIKAERTEQK,purified MHC/competitive/radioactivity,Negative,17300.0,HLA-DPA1*01:03/DPB1*02:01,15
RDGQLTIKAERTEQK,purified MHC/competitive/radioactivity,Negative,46700.0,HLA-DPA1*01:03/DPB1*04:01,15
TIKAERTEQKDFDGR,purified MHC/competitive/radioactivity,Negative,46700.0,HLA-DPA1*03:01/DPB1*04:02,15
TIKAERTEQKDFDGR,purified MHC/competitive/radioactivity,Negative,46700.0,HLA-DPA1*02:01/DPB1*01:01,15
TIKAERTEQKDFDGR,purified MHC/competitive/radioactivity,Negative,10100.0,HLA-DPA1*02:01/DPB1*05:01,15
TIKAERTEQKDFDGR,purified MHC/competitive/radioactivity,Negative,46700.0,HLA-DPA1*01:03/DPB1*02:01,15
TIKAERTEQKDFDGR,purified MHC/competitive/radioactivity,Negative,46700.0,HLA-DPA1*01:03/DPB1*04:01,15
RTEQKDFDGRSEFAY,purified MHC/competitive/radioactivity,Negative,46700.0,HLA-DPA1*03:01/DPB1*04:02,15
RTEQKDFDGRSEFAY,purified MHC/competitive/radioactivity,Negative,33500.0,HLA-DPA1*02:01/DPB1*05:01,15
DFDGRSEFAYGSFVR,purified MHC/competitive/radioactivity,Negative,17700.0,HLA-DPA1*02:01/DPB1*05:01,15
TVSLPVGADEDDIKA,purified MHC/competitive/radioactivity,Negative,46700.0,HLA-DPA1*03:01/DPB1*04:02,15
TVSLPVGADEDDIKA,purified MHC/competitive/radioactivity,Negative,21700.0,HLA-DPA1*02:01/DPB1*01:01,15
TVSLPVGADEDDIKA,purified MHC/competitive/radioactivity,Negative,46700.0,HLA-DPA1*02:01/DPB1*05:01,15
TVSLPVGADEDDIKA,purified MHC/competitive/radioactivity,Negative,13400.0,HLA-DPA1*01:03/DPB1*02:01,15
TVSLPVGADEDDIKA,purified MHC/competitive/radioactivity,Negative,36900.0,HLA-DPA1*01:03/DPB1*04:01,15
VGADEDDIKATYDKG,purified MHC/competitive/radioactivity,Negative,46700.0,HLA-DPA1*03:01/DPB1*04:02,15
VGADEDDIKATYDKG,purified MHC/competitive/radioactivity,Negative,46700.0,HLA-DPA1*02:01/DPB1*01:01,15
VGADEDDIKATYDKG,purified MHC/competitive/radioactivity,Negative,46700.0,HLA-DPA1*02:01/DPB1*05:01,15
VGADEDDIKATYDKG,purified MHC/competitive/radioactivity,Negative,46700.0,HLA-DPA1*01:03/DPB1*02:01,15
VGADEDDIKATYDKG,purified MHC/competitive/radioactivity,Negative,46700.0,HLA-DPA1*01:03/DPB1*04:01,15
ILTVSVAVSEGKPTE,purified MHC/competitive/radioactivity,Negative,14200.0,HLA-DPA1*03:01/DPB1*04:02,15
ILTVSVAVSEGKPTE,purified MHC/competitive/radioactivity,Negative,46700.0,HLA-DPA1*02:01/DPB1*05:01,15
ILTVSVAVSEGKPTE,purified MHC/competitive/radioactivity,Negative,14400.0,HLA-DPA1*01:03/DPB1*02:01,15
ILTVSVAVSEGKPTE,purified MHC/competitive/radioactivity,Negative,13000.0,HLA-DPA1*01:03/DPB1*04:01,15
VAVSEGKPTEKHIQI,purified MHC/competitive/radioactivity,Negative,46700.0,HLA-DPA1*03:01/DPB1*04:02,15
VAVSEGKPTEKHIQI,purified MHC/competitive/radioactivity,Negative,34800.0,HLA-DPA1*02:01/DPB1*01:01,15
VAVSEGKPTEKHIQI,purified MHC/competitive/radioactivity,Negative,21800.0,HLA-DPA1*02:01/DPB1*05:01,15
VAVSEGKPTEKHIQI,purified MHC/competitive/radioactivity,Negative,46700.0,HLA-DPA1*01:03/DPB1*02:01,15
VAVSEGKPTEKHIQI,purified MHC/competitive/radioactivity,Negative,46700.0,HLA-DPA1*01:03/DPB1*04:01,15
EGKPTEKHIQIRSTN,purified MHC/competitive/radioactivity,Negative,31000.0,HLA-DPA1*03:01/DPB1*04:02,15
EGKPTEKHIQIRSTN,purified MHC/competitive/radioactivity,Negative,46700.0,HLA-DPA1*02:01/DPB1*05:01,15
EGKPTEKHIQIRSTN,purified MHC/competitive/radioactivity,Negative,46700.0,HLA-DPA1*01:03/DPB1*02:01,15
EGKPTEKHIQIRSTN,purified MHC/competitive/radioactivity,Negative,46700.0,HLA-DPA1*01:03/DPB1*04:01,15
MASRFMTDPHAMRDM,purified MHC/competitive/radioactivity,Negative,46700.0,HLA-DPA1*03:01/DPB1*04:02,15
MASRFMTDPHAMRDM,purified MHC/competitive/radioactivity,Negative,30900.0,HLA-DPA1*02:01/DPB1*01:01,15
MASRFMTDPHAMRDM,purified MHC/competitive/radioactivity,Negative,46700.0,HLA-DPA1*02:01/DPB1*05:01,15
MASRFMTDPHAMRDM,purified MHC/competitive/radioactivity,Negative,46700.0,HLA-DPA1*01:03/DPB1*02:01,15
MASRFMTDPHAMRDM,purified MHC/competitive/radioactivity,Negative,46700.0,HLA-DPA1*01:03/DPB1*04:01,15
MTDPHAMRDMAGRFE,purified MHC/competitive/radioactivity,Negative,29600.0,HLA-DPA1*03:01/DPB1*04:02,15
MTDPHAMRDMAGRFE,purified MHC/competitive/radioactivity,Negative,46700.0,HLA-DPA1*02:01/DPB1*05:01,15
MTDPHAMRDMAGRFE,purified MHC/competitive/radioactivity,Negative,10200.0,HLA-DPA1*01:03/DPB1*02:01,15
MTDPHAMRDMAGRFE,purified MHC/competitive/radioactivity,Negative,46700.0,HLA-DPA1*01:03/DPB1*04:01,15
AMRDMAGRFEVHAQT,purified MHC/competitive/radioactivity,Negative,20000.0,HLA-DPA1*03:01/DPB1*04:02,15
AGRFEVHAQTVEDEA,purified MHC/competitive/radioactivity,Negative,15900.0,HLA-DPA1*03:01/DPB1*04:02,15
AGRFEVHAQTVEDEA,purified MHC/competitive/radioactivity,Negative,46700.0,HLA-DPA1*02:01/DPB1*05:01,15
AGRFEVHAQTVEDEA,purified MHC/competitive/radioactivity,Negative,39800.0,HLA-DPA1*01:03/DPB1*04:01,15
VHAQTVEDEARRMWA,purified MHC/competitive/radioactivity,Negative,46700.0,HLA-DPA1*03:01/DPB1*04:02,15
VHAQTVEDEARRMWA,purified MHC/competitive/radioactivity,Negative,11700.0,HLA-DPA1*02:01/DPB1*01:01,15
VHAQTVEDEARRMWA,purified MHC/competitive/radioactivity,Negative,41400.0,HLA-DPA1*01:03/DPB1*02:01,15
VHAQTVEDEARRMWA,purified MHC/competitive/radioactivity,Negative,46700.0,HLA-DPA1*01:03/DPB1*04:01,15
VEDEARRMWASAQNI,purified MHC/competitive/radioactivity,Negative,46700.0,HLA-DPA1*03:01/DPB1*04:02,15
VEDEARRMWASAQNI,purified MHC/competitive/radioactivity,Negative,13600.0,HLA-DPA1*02:01/DPB1*01:01,15
VEDEARRMWASAQNI,purified MHC/competitive/radioactivity,Negative,40200.0,HLA-DPA1*01:03/DPB1*04:01,15
RRMWASAQNISGAGW,purified MHC/competitive/radioactivity,Negative,40000.0,HLA-DPA1*03:01/DPB1*04:02,15
RRMWASAQNISGAGW,purified MHC/competitive/radioactivity,Negative,14800.0,HLA-DPA1*02:01/DPB1*05:01,15
RRMWASAQNISGAGW,purified MHC/competitive/radioactivity,Negative,10300.0,HLA-DPA1*01:03/DPB1*02:01,15
RRMWASAQNISGAGW,purified MHC/competitive/radioactivity,Negative,29000.0,HLA-DPA1*01:03/DPB1*04:01,15
SAQNISGAGWSGMAE,purified MHC/competitive/radioactivity,Negative,46700.0,HLA-DPA1*03:01/DPB1*04:02,15
SAQNISGAGWSGMAE,purified MHC/competitive/radioactivity,Negative,11800.0,HLA-DPA1*02:01/DPB1*01:01,15
SAQNISGAGWSGMAE,purified MHC/competitive/radioactivity,Negative,46700.0,HLA-DPA1*02:01/DPB1*05:01,15
SGAGWSGMAEATSLD,purified MHC/competitive/radioactivity,Negative,36100.0,HLA-DPA1*03:01/DPB1*04:02,15
SGAGWSGMAEATSLD,purified MHC/competitive/radioactivity,Negative,11700.0,HLA-DPA1*02:01/DPB1*01:01,15
SGAGWSGMAEATSLD,purified MHC/competitive/radioactivity,Negative,46700.0,HLA-DPA1*02:01/DPB1*05:01,15
SGAGWSGMAEATSLD,purified MHC/competitive/radioactivity,Negative,13100.0,HLA-DPA1*01:03/DPB1*02:01,15
SGAGWSGMAEATSLD,purified MHC/competitive/radioactivity,Negative,22800.0,HLA-DPA1*01:03/DPB1*04:01,15
SGMAEATSLDTMTQM,purified MHC/competitive/radioactivity,Negative,15700.0,HLA-DPA1*02:01/DPB1*05:01,15
SGMAEATSLDTMTQM,purified MHC/competitive/radioactivity,Negative,35200.0,HLA-DPA1*01:03/DPB1*04:01,15
ATSLDTMTQMNQAFR,purified MHC/competitive/radioactivity,Negative,14000.0,HLA-DPA1*02:01/DPB1*01:01,15
ATSLDTMTQMNQAFR,purified MHC/competitive/radioactivity,Negative,37600.0,HLA-DPA1*02:01/DPB1*05:01,15
ATSLDTMTQMNQAFR,purified MHC/competitive/radioactivity,Negative,12900.0,HLA-DPA1*01:03/DPB1*02:01,15
ATSLDTMTQMNQAFR,purified MHC/competitive/radioactivity,Negative,33300.0,HLA-DPA1*01:03/DPB1*04:01,15
TMTQMNQAFRNIVNM,purified MHC/competitive/radioactivity,Negative,14800.0,HLA-DPA1*03:01/DPB1*04:02,15
TMTQMNQAFRNIVNM,purified MHC/competitive/radioactivity,Negative,11100.0,HLA-DPA1*02:01/DPB1*01:01,15
TMTQMNQAFRNIVNM,purified MHC/competitive/radioactivity,Negative,39000.0,HLA-DPA1*02:01/DPB1*05:01,15
TMTQMNQAFRNIVNM,purified MHC/competitive/radioactivity,Negative,32000.0,HLA-DPA1*01:03/DPB1*02:01,15
TMTQMNQAFRNIVNM,purified MHC/competitive/radioactivity,Negative,46700.0,HLA-DPA1*01:03/DPB1*04:01,15
NQAFRNIVNMLHGVR,purified MHC/competitive/radioactivity,Negative,23100.0,HLA-DPA1*03:01/DPB1*04:02,15
NQAFRNIVNMLHGVR,purified MHC/competitive/radioactivity,Negative,13600.0,HLA-DPA1*01:03/DPB1*04:01,15
NIVNMLHGVRDGLVR,purified MHC/competitive/radioactivity,Negative,32900.0,HLA-DPA1*03:01/DPB1*04:02,15
NIVNMLHGVRDGLVR,purified MHC/competitive/radioactivity,Negative,22600.0,HLA-DPA1*02:01/DPB1*01:01,15
NIVNMLHGVRDGLVR,purified MHC/competitive/radioactivity,Negative,37500.0,HLA-DPA1*02:01/DPB1*05:01,15
NIVNMLHGVRDGLVR,purified MHC/competitive/radioactivity,Negative,16200.0,HLA-DPA1*01:03/DPB1*02:01,15
NIVNMLHGVRDGLVR,purified MHC/competitive/radioactivity,Negative,28400.0,HLA-DPA1*01:03/DPB1*04:01,15
LHGVRDGLVRDANNY,purified MHC/competitive/radioactivity,Negative,46700.0,HLA-DPA1*03:01/DPB1*04:02,15
LHGVRDGLVRDANNY,purified MHC/competitive/radioactivity,Negative,46700.0,HLA-DPA1*02:01/DPB1*01:01,15
LHGVRDGLVRDANNY,purified MHC/competitive/radioactivity,Negative,46700.0,HLA-DPA1*02:01/DPB1*05:01,15
LHGVRDGLVRDANNY,purified MHC/competitive/radioactivity,Negative,46700.0,HLA-DPA1*01:03/DPB1*02:01,15
LHGVRDGLVRDANNY,purified MHC/competitive/radioactivity,Negative,46700.0,HLA-DPA1*01:03/DPB1*04:01,15
DGLVRDANNYEQQEQ,purified MHC/competitive/radioactivity,Negative,20400.0,HLA-DPA1*03:01/DPB1*04:02,15
DGLVRDANNYEQQEQ,purified MHC/competitive/radioactivity,Negative,46700.0,HLA-DPA1*02:01/DPB1*01:01,15
DGLVRDANNYEQQEQ,purified MHC/competitive/radioactivity,Negative,12800.0,HLA-DPA1*02:01/DPB1*05:01,15
DGLVRDANNYEQQEQ,purified MHC/competitive/radioactivity,Negative,37500.0,HLA-DPA1*01:03/DPB1*02:01,15
DGLVRDANNYEQQEQ,purified MHC/competitive/radioactivity,Negative,26400.0,HLA-DPA1*01:03/DPB1*04:01,15
DANNYEQQEQASQQI,purified MHC/competitive/radioactivity,Negative,30700.0,HLA-DPA1*03:01/DPB1*04:02,15
DANNYEQQEQASQQI,purified MHC/competitive/radioactivity,Negative,25700.0,HLA-DPA1*02:01/DPB1*01:01,15
DANNYEQQEQASQQI,purified MHC/competitive/radioactivity,Negative,46700.0,HLA-DPA1*02:01/DPB1*05:01,15
DANNYEQQEQASQQI,purified MHC/competitive/radioactivity,Negative,46700.0,HLA-DPA1*01:03/DPB1*02:01,15
DANNYEQQEQASQQI,purified MHC/competitive/radioactivity,Negative,46700.0,HLA-DPA1*01:03/DPB1*04:01,15
NYEQQEQASQQILSS,purified MHC/competitive/radioactivity,Negative,17400.0,HLA-DPA1*02:01/DPB1*01:01,15
NYEQQEQASQQILSS,purified MHC/competitive/radioactivity,Negative,46700.0,HLA-DPA1*02:01/DPB1*05:01,15
NYEQQEQASQQILSS,purified MHC/competitive/radioactivity,Negative,35100.0,HLA-DPA1*01:03/DPB1*02:01,15
NYEQQEQASQQILSS,purified MHC/competitive/radioactivity,Negative,46700.0,HLA-DPA1*01:03/DPB1*04:01,15
SGMAEATSLDTMAQM,purified MHC/competitive/radioactivity,Negative,17200.0,HLA-DPA1*02:01/DPB1*05:01,15
ATSLDTMAQMNQAFR,purified MHC/competitive/radioactivity,Negative,12400.0,HLA-DPA1*02:01/DPB1*01:01,15
ATSLDTMAQMNQAFR,purified MHC/competitive/radioactivity,Negative,26200.0,HLA-DPA1*02:01/DPB1*05:01,15
ATSLDTMAQMNQAFR,purified MHC/competitive/radioactivity,Negative,39100.0,HLA-DPA1*01:03/DPB1*04:01,15
TMAQMNQAFRNIVNM,purified MHC/competitive/radioactivity,Negative,46700.0,HLA-DPA1*03:01/DPB1*04:02,15
TMAQMNQAFRNIVNM,purified MHC/competitive/radioactivity,Negative,31000.0,HLA-DPA1*02:01/DPB1*01:01,15
TMAQMNQAFRNIVNM,purified MHC/competitive/radioactivity,Negative,46700.0,HLA-DPA1*02:01/DPB1*05:01,15
TMAQMNQAFRNIVNM,purified MHC/competitive/radioactivity,Negative,46700.0,HLA-DPA1*01:03/DPB1*02:01,15
TMAQMNQAFRNIVNM,purified MHC/competitive/radioactivity,Negative,46700.0,HLA-DPA1*01:03/DPB1*04:01,15
MATRFMTDPHAMRDM,purified MHC/competitive/radioactivity,Negative,46700.0,HLA-DPA1*03:01/DPB1*04:02,15
MATRFMTDPHAMRDM,purified MHC/competitive/radioactivity,Negative,46700.0,HLA-DPA1*02:01/DPB1*01:01,15
MATRFMTDPHAMRDM,purified MHC/competitive/radioactivity,Negative,34500.0,HLA-DPA1*02:01/DPB1*05:01,15
MATRFMTDPHAMRDM,purified MHC/competitive/radioactivity,Negative,46700.0,HLA-DPA1*01:03/DPB1*02:01,15
MATRFMTDPHAMRDM,purified MHC/competitive/radioactivity,Negative,46700.0,HLA-DPA1*01:03/DPB1*04:01,15
MTSRFMTDPHAMRDM,purified MHC/competitive/radioactivity,Negative,46700.0,HLA-DPA1*03:01/DPB1*04:02,15
MTSRFMTDPHAMRDM,purified MHC/competitive/radioactivity,Negative,46700.0,HLA-DPA1*02:01/DPB1*01:01,15
MTSRFMTDPHAMRDM,purified MHC/competitive/radioactivity,Negative,39000.0,HLA-DPA1*02:01/DPB1*05:01,15
MTSRFMTDPHAMRDM,purified MHC/competitive/radioactivity,Negative,46700.0,HLA-DPA1*01:03/DPB1*02:01,15
MTSRFMTDPHAMRDM,purified MHC/competitive/radioactivity,Negative,46700.0,HLA-DPA1*01:03/DPB1*04:01,15
MLWHAMPPELNTARL,purified MHC/competitive/radioactivity,Negative,10600.0,HLA-DPA1*02:01/DPB1*05:01,15
MPPELNTARLMAGAG,purified MHC/competitive/radioactivity,Negative,13300.0,HLA-DPA1*02:01/DPB1*05:01,15
NTARLMAGAGPAPML,purified MHC/competitive/radioactivity,Negative,23300.0,HLA-DPA1*03:01/DPB1*04:02,15
NTARLMAGAGPAPML,purified MHC/competitive/radioactivity,Negative,13700.0,HLA-DPA1*02:01/DPB1*01:01,15
NTARLMAGAGPAPML,purified MHC/competitive/radioactivity,Negative,46700.0,HLA-DPA1*02:01/DPB1*05:01,15
NTARLMAGAGPAPML,purified MHC/competitive/radioactivity,Negative,21700.0,HLA-DPA1*01:03/DPB1*04:01,15
MAGAGPAPMLAAAAG,purified MHC/competitive/radioactivity,Negative,46700.0,HLA-DPA1*02:01/DPB1*01:01,15
MAGAGPAPMLAAAAG,purified MHC/competitive/radioactivity,Negative,43600.0,HLA-DPA1*02:01/DPB1*05:01,15
MAGAGPAPMLAAAAG,purified MHC/competitive/radioactivity,Negative,46700.0,HLA-DPA1*01:03/DPB1*02:01,15
MAGAGPAPMLAAAAG,purified MHC/competitive/radioactivity,Negative,46700.0,HLA-DPA1*01:03/DPB1*04:01,15
PAPMLAAAAGWQTLS,purified MHC/competitive/radioactivity,Negative,14800.0,HLA-DPA1*02:01/DPB1*05:01,15
AAAAGWQTLSAALDA,purified MHC/competitive/radioactivity,Negative,29700.0,HLA-DPA1*02:01/DPB1*05:01,15
TARLNSLGEAWTGGG,purified MHC/competitive/radioactivity,Negative,30000.0,HLA-DPA1*02:01/DPB1*05:01,15
SLGEAWTGGGSDKAL,purified MHC/competitive/radioactivity,Negative,12200.0,HLA-DPA1*03:01/DPB1*04:02,15
SLGEAWTGGGSDKAL,purified MHC/competitive/radioactivity,Negative,10100.0,HLA-DPA1*02:01/DPB1*05:01,15
SLGEAWTGGGSDKAL,purified MHC/competitive/radioactivity,Negative,14700.0,HLA-DPA1*01:03/DPB1*04:01,15
WTGGGSDKALAAATP,purified MHC/competitive/radioactivity,Negative,46700.0,HLA-DPA1*03:01/DPB1*04:02,15
WTGGGSDKALAAATP,purified MHC/competitive/radioactivity,Negative,46700.0,HLA-DPA1*02:01/DPB1*01:01,15
WTGGGSDKALAAATP,purified MHC/competitive/radioactivity,Negative,46700.0,HLA-DPA1*02:01/DPB1*05:01,15
WTGGGSDKALAAATP,purified MHC/competitive/radioactivity,Negative,46700.0,HLA-DPA1*01:03/DPB1*02:01,15
WTGGGSDKALAAATP,purified MHC/competitive/radioactivity,Negative,46700.0,HLA-DPA1*01:03/DPB1*04:01,15
EQQWNFAGIEAAASA,purified MHC/competitive/radioactivity,Negative,20400.0,HLA-DPA1*02:01/DPB1*05:01,15
IQGNVTSIHSLLDEG,purified MHC/competitive/radioactivity,Negative,39200.0,HLA-DPA1*02:01/DPB1*05:01,15
IQGNVTSIHSLLDEG,purified MHC/competitive/radioactivity,Negative,11900.0,HLA-DPB1*14:01,15
ELNNALQNLARTISE,purified MHC/competitive/radioactivity,Negative,17400.0,HLA-DPA1*01:03/DPB1*04:01,15
ELNNALQNLARTISE,purified MHC/competitive/radioactivity,Negative,18700.0,HLA-DPB1*14:01,15
QNLARTISEAGQAMA,purified MHC/competitive/radioactivity,Negative,18100.0,HLA-DPA1*01:03/DPB1*04:01,15
QNLARTISEAGQAMA,purified MHC/competitive/radioactivity,Negative,30600.0,HLA-DPA1*03:01/DPB1*04:02,15
QNLARTISEAGQAMA,purified MHC/competitive/radioactivity,Negative,10500.0,HLA-DPA1*02:01/DPB1*05:01,15
QNLARTISEAGQAMA,purified MHC/competitive/radioactivity,Negative,13300.0,HLA-DPB1*02:01,15
ARTISEAGQAMASTE,purified MHC/competitive/radioactivity,Negative,29300.0,HLA-DPA1*02:01/DPB1*05:01,15
QGQWRGAAGTAAQAA,purified MHC/competitive/radioactivity,Negative,46700.0,HLA-DPA1*03:01/DPB1*04:02,15
QGQWRGAAGTAAQAA,purified MHC/competitive/radioactivity,Negative,46700.0,HLA-DPA1*02:01/DPB1*05:01,15
QAAVVRFQEAANKQK,purified MHC/competitive/radioactivity,Negative,13500.0,HLA-DPA1*01:03/DPB1*04:01,15
ISTNIRQAGVQYSRA,purified MHC/competitive/radioactivity,Negative,18500.0,HLA-DPA1*01:03/DPB1*04:01,15
ISTNIRQAGVQYSRA,purified MHC/competitive/radioactivity,Negative,22800.0,HLA-DPA1*02:01/DPB1*05:01,15
ISTNIRQAGVQYSRA,purified MHC/competitive/radioactivity,Negative,13600.0,HLA-DPA1*02:01/DPB1*01:01,15
GGSILKISNKFHTKG,purified MHC/competitive/radioactivity,Negative,46700.0,HLA-DPB1*20:01,15
GGSILKISNKFHTKG,purified MHC/competitive/radioactivity,Negative,18500.0,HLA-DPA1*01:03/DPB1*04:01,15
GGSILKISNKFHTKG,purified MHC/competitive/radioactivity,Negative,17400.0,HLA-DPA1*01:03/DPB1*03:01,15
QGVADAYITLVTLPK,purified MHC/competitive/radioactivity,Negative,16800.0,HLA-DPA1*01:03/DPB1*03:01,15
KVSDDITYVATATLP,purified MHC/competitive/radioactivity,Negative,12800.0,HLA-DPB1*20:01,15
KVSDDITYVATATLP,purified MHC/competitive/radioactivity,Negative,18000.0,HLA-DPB1*02:01,15
IASLFAAAGLAAAAP,purified MHC/competitive/radioactivity,Negative,28000.0,HLA-DPA1*01:03/DPB1*04:01,15
VADAYITLVTLPKSS,purified MHC/competitive/radioactivity,Negative,11900.0,HLA-DPB1*02:01,15
AAAGLAAAAPLESRQ,purified MHC/competitive/radioactivity,Negative,19800.0,HLA-DPA1*03:01/DPB1*04:02,15
AAAGLAAAAPLESRQ,purified MHC/competitive/radioactivity,Negative,40700.0,HLA-DPA1*01:03/DPB1*04:01,15
MLTLFILIITSTIKA,purified MHC/competitive/radioactivity,Negative,34500.0,HLA-DPA1*02:01/DPB1*01:01,15
MLTLFILIITSTIKA,purified MHC/competitive/radioactivity,Negative,27700.0,HLA-DPB1*20:01,15
MLTLFILIITSTIKA,purified MHC/competitive/radioactivity,Negative,11000.0,HLA-DPA1*01:03/DPB1*04:01,15
DKWLDAKSTWYGKPT,purified MHC/competitive/radioactivity,Negative,46700.0,HLA-DPA1*03:01/DPB1*04:02,15
DKWLDAKSTWYGKPT,purified MHC/competitive/radioactivity,Negative,46700.0,HLA-DPA1*02:01/DPB1*01:01,15
DKWLDAKSTWYGKPT,purified MHC/competitive/radioactivity,Negative,46700.0,HLA-DPB1*20:01,15
DKWLDAKSTWYGKPT,purified MHC/competitive/radioactivity,Negative,46700.0,HLA-DPB1*02:01,15
DKWLDAKSTWYGKPT,purified MHC/competitive/radioactivity,Negative,46700.0,HLA-DPA1*01:03/DPB1*04:01,15
DKWLDAKSTWYGKPT,purified MHC/competitive/radioactivity,Negative,46700.0,HLA-DPA1*01:03/DPB1*03:01,15
IAKVPPGPNITATYG,purified MHC/competitive/radioactivity,Negative,46700.0,HLA-DPA1*03:01/DPB1*04:02,15
IAKVPPGPNITATYG,purified MHC/competitive/radioactivity,Negative,46700.0,HLA-DPA1*02:01/DPB1*01:01,15
IAKVPPGPNITATYG,purified MHC/competitive/radioactivity,Negative,46700.0,HLA-DPB1*20:01,15
IAKVPPGPNITATYG,purified MHC/competitive/radioactivity,Negative,46700.0,HLA-DPB1*02:01,15
IAKVPPGPNITATYG,purified MHC/competitive/radioactivity,Negative,46700.0,HLA-DPA1*01:03/DPB1*04:01,15
IAKVPPGPNITATYG,purified MHC/competitive/radioactivity,Negative,25000.0,HLA-DPA1*02:01/DPB1*05:01,15
IAKVPPGPNITATYG,purified MHC/competitive/radioactivity,Negative,46700.0,HLA-DPA1*01:03/DPB1*03:01,15
SKKDKFVAANAGGTV,purified MHC/competitive/radioactivity,Negative,46700.0,HLA-DPA1*03:01/DPB1*04:02,15
SKKDKFVAANAGGTV,purified MHC/competitive/radioactivity,Negative,22200.0,HLA-DPA1*02:01/DPB1*01:01,15
SKKDKFVAANAGGTV,purified MHC/competitive/radioactivity,Negative,11500.0,HLA-DPA1*01:03/DPB1*04:01,15
GGSILKISNKYHTKG,purified MHC/competitive/radioactivity,Negative,12900.0,HLA-DPB1*20:01,15
GGSILKISNKYHTKG,purified MHC/competitive/radioactivity,Negative,10500.0,HLA-DPA1*01:03/DPB1*04:01,15
GGSILKISNKYHTKG,purified MHC/competitive/radioactivity,Negative,12300.0,HLA-DPA1*01:03/DPB1*03:01,15
NLNIKLNMPLYIAGN,purified MHC/competitive/radioactivity,Negative,16100.0,HLA-DPA1*03:01/DPB1*04:02,15
NLNIKLNMPLYIAGN,purified MHC/competitive/radioactivity,Negative,11500.0,HLA-DPA1*01:03/DPB1*04:01,15
FQEFMIVPSGAPSFT,purified MHC/competitive/radioactivity,Negative,11500.0,HLA-DPA1*02:01/DPB1*05:01,15
GGRLAFQEFMIVPSG,purified MHC/competitive/radioactivity,Negative,29500.0,HLA-DPB1*20:01,15
AYVYFASDASTYTTG,purified MHC/competitive/radioactivity,Negative,17000.0,HLA-DPA1*03:01/DPB1*04:02,15
AYVYFASDASTYTTG,purified MHC/competitive/radioactivity,Negative,27600.0,HLA-DPA1*02:01/DPB1*05:01,15
QIDAFIANAGATADS,purified MHC/competitive/radioactivity,Negative,19500.0,HLA-DPA1*03:01/DPB1*04:02,15
QIDAFIANAGATADS,purified MHC/competitive/radioactivity,Negative,36000.0,HLA-DPA1*02:01/DPB1*05:01,15
GCIHMARSLANEWRD,purified MHC/competitive/radioactivity,Negative,32400.0,HLA-DPA1*03:01/DPB1*04:02,15
GCIHMARSLANEWRD,purified MHC/competitive/radioactivity,Negative,21900.0,HLA-DPA1*01:03/DPB1*04:01,15
GTGSLVITASMSGHI,purified MHC/competitive/radioactivity,Negative,10700.0,HLA-DPA1*03:01/DPB1*04:02,15
GTGSLVITASMSGHI,purified MHC/competitive/radioactivity,Negative,12900.0,HLA-DPA1*02:01/DPB1*01:01,15
GTGSLVITASMSGHI,purified MHC/competitive/radioactivity,Negative,26900.0,HLA-DPB1*02:01,15
KALWIIFSQNMNIKL,purified MHC/competitive/radioactivity,Negative,12000.0,HLA-DPA1*03:01/DPB1*04:02,15
KALWIIFSQNMNIKL,purified MHC/competitive/radioactivity,Negative,23800.0,HLA-DPB1*20:01,15
EDTNIYNSNEAFKVE,purified MHC/competitive/radioactivity,Negative,18700.0,HLA-DPA1*03:01/DPB1*04:02,15
EDTNIYNSNEAFKVE,purified MHC/competitive/radioactivity,Negative,25400.0,HLA-DPB1*20:01,15
EDTNIYNSNEAFKVE,purified MHC/competitive/radioactivity,Negative,13700.0,HLA-DPA1*01:03/DPB1*04:01,15
EDTNIYNSNEAFKVE,purified MHC/competitive/radioactivity,Negative,14200.0,HLA-DPA1*02:01/DPB1*05:01,15
EDTNIYNSNEAFKVE,purified MHC/competitive/radioactivity,Negative,39600.0,HLA-DPA1*01:03/DPB1*03:01,15
IFSQNMNIKLQMPLY,purified MHC/competitive/radioactivity,Negative,13500.0,HLA-DPB1*20:01,15
NHFFNHHKVMLLGHD,purified MHC/competitive/radioactivity,Negative,10200.0,HLA-DPB1*20:01,15
IIFSQNMNIKLKMPL,purified MHC/competitive/radioactivity,Negative,35300.0,HLA-DPB1*20:01,15
IIFSQNMNIKLKMPL,purified MHC/competitive/radioactivity,Negative,46700.0,HLA-DPA1*01:03/DPB1*03:01,15
NMNIKLKMPLYVAGH,purified MHC/competitive/radioactivity,Negative,25700.0,HLA-DPB1*20:01,15
TVWAQSAAFPAFKPE,purified MHC/competitive/radioactivity,Negative,31500.0,HLA-DPB1*14:01,15
TVWAQSAAFPAFKPE,purified MHC/competitive/radioactivity,Negative,24800.0,HLA-DPA1*02:01/DPB1*05:01,15
PNYLALLVKYVDGDG,purified MHC/competitive/radioactivity,Negative,12300.0,HLA-DPB1*20:01,15
PNYLALLVKYVDGDG,purified MHC/competitive/radioactivity,Negative,46700.0,HLA-DPA1*01:03/DPB1*03:01,15
NLALSIKYNKEGDSM,purified MHC/competitive/radioactivity,Negative,21600.0,HLA-DPB1*20:01,15
NLALSIKYNKEGDSM,purified MHC/competitive/radioactivity,Negative,31900.0,HLA-DPB1*14:01,15
NLALSIKYNKEGDSM,purified MHC/competitive/radioactivity,Negative,18000.0,HLA-DPA1*01:03/DPB1*03:01,15
DIYNYMEPYVSKVDP,purified MHC/competitive/radioactivity,Negative,46700.0,HLA-DPA1*02:01/DPB1*01:01,15
DIYNYMEPYVSKVDP,purified MHC/competitive/radioactivity,Negative,46700.0,HLA-DPB1*20:01,15
DIYNYMEPYVSKVDP,purified MHC/competitive/radioactivity,Negative,46700.0,HLA-DPB1*02:01,15
DIYNYMEPYVSKVDP,purified MHC/competitive/radioactivity,Negative,23300.0,HLA-DPA1*01:03/DPB1*04:01,15
DIYNYMEPYVSKVDP,purified MHC/competitive/radioactivity,Negative,46700.0,HLA-DPA1*01:03/DPB1*03:01,15
FSGVAATESAYLAYR,purified MHC/competitive/radioactivity,Negative,20500.0,HLA-DPA1*03:01/DPB1*04:02,15
GSCWAFSGVAATESA,purified MHC/competitive/radioactivity,Negative,13700.0,HLA-DPB1*14:01,15
GSCWAFSGVAATESA,purified MHC/competitive/radioactivity,Negative,14400.0,HLA-DPA1*01:03/DPB1*04:01,15
GSCWAFSGVAATESA,purified MHC/competitive/radioactivity,Negative,17100.0,HLA-DPA1*02:01/DPB1*05:01,15
SGVAATESAYLAYRN,purified MHC/competitive/radioactivity,Negative,20000.0,HLA-DPA1*03:01/DPB1*04:02,15
RGIEYIQHNGVVQES,purified MHC/competitive/radioactivity,Negative,35200.0,HLA-DPA1*02:01/DPB1*05:01,15
RGIEYIQHNGVVQES,purified MHC/competitive/radioactivity,Negative,46700.0,HLA-DPB1*14:01,15
SCWAFSGVAATESAY,purified MHC/competitive/radioactivity,Negative,20000.0,HLA-DPA1*01:03/DPB1*04:01,15
SCWAFSGVAATESAY,purified MHC/competitive/radioactivity,Negative,46700.0,HLA-DPB1*02:01,15
FDAFVAYHIGARIVS,purified MHC/competitive/radioactivity,Negative,11400.0,HLA-DPB1*14:01,15
IVLNHMTGAQSGKGT,purified MHC/competitive/radioactivity,Negative,25700.0,HLA-DPA1*03:01/DPB1*04:02,15
IVLNHMTGAQSGKGT,purified MHC/competitive/radioactivity,Negative,15400.0,HLA-DPA1*02:01/DPB1*01:01,15
IVLNHMTGAQSGKGT,purified MHC/competitive/radioactivity,Negative,15600.0,HLA-DPB1*14:01,15
IVLNHMTGAQSGKGT,purified MHC/competitive/radioactivity,Negative,16000.0,HLA-DPA1*01:03/DPB1*04:01,15
DEYVEQVAQYKALPV,purified MHC/competitive/radioactivity,Negative,26700.0,HLA-DPA1*03:01/DPB1*04:02,15
DEYVEQVAQYKALPV,purified MHC/competitive/radioactivity,Negative,17700.0,HLA-DPB1*20:01,15
DEYVEQVAQYKALPV,purified MHC/competitive/radioactivity,Negative,16300.0,HLA-DPA1*02:01/DPB1*05:01,15
QVAQYKALPVVLENA,purified MHC/competitive/radioactivity,Negative,20800.0,HLA-DPA1*03:01/DPB1*04:02,15
QVAQYKALPVVLENA,purified MHC/competitive/radioactivity,Negative,14800.0,HLA-DPA1*01:03/DPB1*04:01,15
NGNELLLDLSLTKVN,purified MHC/competitive/radioactivity,Negative,15400.0,HLA-DPB1*20:01,15
KASNPNYLAILVKYV,purified MHC/competitive/radioactivity,Negative,13000.0,HLA-DPB1*20:01,15
DGVWEIKSDKPLKGP,purified MHC/competitive/radioactivity,Negative,46700.0,HLA-DPA1*03:01/DPB1*04:02,15
DGVWEIKSDKPLKGP,purified MHC/competitive/radioactivity,Negative,18500.0,HLA-DPA1*02:01/DPB1*01:01,15
DGVWEIKSDKPLKGP,purified MHC/competitive/radioactivity,Negative,46700.0,HLA-DPB1*02:01,15
DGVWEIKSDKPLKGP,purified MHC/competitive/radioactivity,Negative,46700.0,HLA-DPA1*02:01/DPB1*05:01,15
IKSDKPLKGPFNFRF,purified MHC/competitive/radioactivity,Negative,19600.0,HLA-DPA1*03:01/DPB1*04:02,15
IKSDKPLKGPFNFRF,purified MHC/competitive/radioactivity,Negative,12200.0,HLA-DPA1*01:03/DPB1*04:01,15
IKSDKPLKGPFNFRF,purified MHC/competitive/radioactivity,Negative,12400.0,HLA-DPA1*02:01/DPB1*05:01,15
NVFDEVIPTAFTVGK,purified MHC/competitive/radioactivity,Negative,30100.0,HLA-DPA1*03:01/DPB1*04:02,15
NVFDEVIPTAFTVGK,purified MHC/competitive/radioactivity,Negative,13100.0,HLA-DPB1*20:01,15
NVFDEVIPTAFTVGK,purified MHC/competitive/radioactivity,Negative,16700.0,HLA-DPB1*14:01,15
SDAKTLVLNIKYTRP,purified MHC/competitive/radioactivity,Negative,11900.0,HLA-DPA1*03:01/DPB1*04:02,15
SDAKTLVLNIKYTRP,purified MHC/competitive/radioactivity,Negative,23900.0,HLA-DPB1*20:01,15
SDAKTLVLNIKYTRP,purified MHC/competitive/radioactivity,Negative,21600.0,HLA-DPB1*14:01,15
SDAKTLVLNIKYTRP,purified MHC/competitive/radioactivity,Negative,11700.0,HLA-DPA1*01:03/DPB1*03:01,15
NAGFKAAVAAAAVVP,purified MHC/competitive/radioactivity,Negative,12300.0,HLA-DPA1*03:01/DPB1*04:02,15
LIEKINAGFKAAVAA,purified MHC/competitive/radioactivity,Negative,41500.0,HLA-DPA1*03:01/DPB1*04:02,15
LIEKINAGFKAAVAA,purified MHC/competitive/radioactivity,Negative,18300.0,HLA-DPA1*01:03/DPB1*04:01,15
PEAKYDAYVATLTEA,purified MHC/competitive/radioactivity,Negative,26500.0,HLA-DPA1*03:01/DPB1*04:02,15
PEAKYDAYVATLTEA,purified MHC/competitive/radioactivity,Negative,15000.0,HLA-DPB1*20:01,15
PEAKYDAYVATLTEA,purified MHC/competitive/radioactivity,Negative,30800.0,HLA-DPA1*01:03/DPB1*04:01,15
PAAAYATATPAAATA,purified MHC/competitive/radioactivity,Negative,36400.0,HLA-DPA1*03:01/DPB1*04:02,15
PAAAYATATPAAATA,purified MHC/competitive/radioactivity,Negative,21700.0,HLA-DPA1*01:03/DPB1*04:01,15
PAAAYATATPAAATA,purified MHC/competitive/radioactivity,Negative,12400.0,HLA-DPA1*02:01/DPB1*05:01,15
AFKIAATAANAAPTN,purified MHC/competitive/radioactivity,Negative,10200.0,HLA-DPA1*03:01/DPB1*04:02,15
PAVKYIEPDMIVNAT,purified MHC/competitive/radioactivity,Negative,13400.0,HLA-DPA1*01:03/DPB1*04:01,15
KFGVAKKANVYAVKV,purified MHC/competitive/radioactivity,Negative,46700.0,HLA-DPB1*14:01,15
LDLAVNAAVDAGIHF,purified MHC/competitive/radioactivity,Negative,43000.0,HLA-DPB1*14:01,15
DAFIAALTEALRVIA,purified MHC/competitive/radioactivity,Negative,29600.0,HLA-DPB1*14:01,15
HSRNLINELSERMAG,purified MHC/competitive/radioactivity,Negative,19300.0,HLA-DPA1*03:01/DPB1*04:02,15
HSRNLINELSERMAG,purified MHC/competitive/radioactivity,Negative,20000.0,HLA-DPB1*20:01,15
HSRNLINELSERMAG,purified MHC/competitive/radioactivity,Negative,15800.0,HLA-DPA1*01:03/DPB1*04:01,15
ATPEAKFDSFVAAFT,purified MHC/competitive/radioactivity,Negative,20100.0,HLA-DPA1*03:01/DPB1*04:02,15
DINVGFKAAVAAAAG,purified MHC/competitive/radioactivity,Negative,46700.0,HLA-DPA1*03:01/DPB1*04:02,15
DINVGFKAAVAAAAG,purified MHC/competitive/radioactivity,Negative,20600.0,HLA-DPA1*01:03/DPB1*04:01,15
FKAAVAAAAGAPPAD,purified MHC/competitive/radioactivity,Negative,25800.0,HLA-DPA1*03:01/DPB1*04:02,15
FKAAVAAAAGAPPAD,purified MHC/competitive/radioactivity,Negative,24700.0,HLA-DPA1*02:01/DPB1*01:01,15
FKAAVAAAAGAPPAD,purified MHC/competitive/radioactivity,Negative,28900.0,HLA-DPA1*01:03/DPB1*04:01,15
EYIEAAKWLLPPPKV,purified MHC/competitive/radioactivity,Negative,13300.0,HLA-DPB1*20:01,15
WLDAKSTWYGKPTGA,purified MHC/competitive/radioactivity,Negative,32400.0,HLA-DPA1*02:01/DPB1*01:01,15
WLDAKSTWYGKPTGA,purified MHC/competitive/radioactivity,Negative,40400.0,HLA-DPA1*03:01/DPB1*04:02,15
WLDAKSTWYGKPTGA,purified MHC/competitive/radioactivity,Negative,32000.0,HLA-DPB1*14:01,15
WLDAKSTWYGKPTGA,purified MHC/competitive/radioactivity,Negative,31700.0,HLA-DPA1*01:03/DPB1*04:01,15
WLDAKSTWYGKPTGA,purified MHC/competitive/radioactivity,Negative,46700.0,HLA-DPA1*02:01/DPB1*05:01,15
WLDAKSTWYGKPTGA,purified MHC/competitive/radioactivity,Negative,46700.0,HLA-DPA1*01:03/DPB1*03:01,15
IAFFRKEPLKECGGI,purified MHC/competitive/radioactivity,Negative,18100.0,HLA-DPB1*14:01,15
MRNVFDDVVPADFKV,purified MHC/competitive/radioactivity,Negative,46700.0,HLA-DPA1*03:01/DPB1*04:02,15
MRNVFDDVVPADFKV,purified MHC/competitive/radioactivity,Negative,24200.0,HLA-DPB1*14:01,15
LWEVKSAKPLTGPMN,purified MHC/competitive/radioactivity,Negative,12900.0,HLA-DPA1*02:01/DPB1*01:01,15
LWEVKSAKPLTGPMN,purified MHC/competitive/radioactivity,Negative,26300.0,HLA-DPA1*03:01/DPB1*04:02,15
LWEVKSAKPLTGPMN,purified MHC/competitive/radioactivity,Negative,18600.0,HLA-DPB1*14:01,15
IKLVKSSRPDCSEIP,purified MHC/competitive/radioactivity,Negative,21400.0,HLA-DPA1*02:01/DPB1*01:01,15
IKLVKSSRPDCSEIP,purified MHC/competitive/radioactivity,Negative,46700.0,HLA-DPA1*03:01/DPB1*04:02,15
IKLVKSSRPDCSEIP,purified MHC/competitive/radioactivity,Negative,39200.0,HLA-DPB1*14:01,15
IKLVKSSRPDCSEIP,purified MHC/competitive/radioactivity,Negative,24900.0,HLA-DPB1*02:01,15
IKLVKSSRPDCSEIP,purified MHC/competitive/radioactivity,Negative,12300.0,HLA-DPA1*01:03/DPB1*04:01,15
IKLVKSSRPDCSEIP,purified MHC/competitive/radioactivity,Negative,25600.0,HLA-DPA1*02:01/DPB1*05:01,15
LIDDVIAILPVDELY,purified MHC/competitive/radioactivity,Negative,14900.0,HLA-DPA1*01:03/DPB1*03:01,15
FETIVVTVDSLPEFK,purified MHC/competitive/radioactivity,Negative,37000.0,HLA-DPA1*01:03/DPB1*03:01,15
FETIVVTVDSLPEFK,purified MHC/competitive/radioactivity,Negative,13000.0,HLA-DPB1*02:01,15
FETIVVTVDSLPEFK,purified MHC/competitive/radioactivity,Negative,46700.0,HLA-DPB1*14:01,15
FETIVVTVDSLPEFK,purified MHC/competitive/radioactivity,Negative,34000.0,HLA-DPB1*20:01,15
FETIVVTVDSLPEFK,purified MHC/competitive/radioactivity,Negative,12100.0,HLA-DPA1*02:01/DPB1*05:01,15
ISSQYYIQQNGNLCY,purified MHC/competitive/radioactivity,Negative,46700.0,HLA-DPA1*01:03/DPB1*03:01,15
ISSQYYIQQNGNLCY,purified MHC/competitive/radioactivity,Negative,30500.0,HLA-DPB1*14:01,15
GNQNFLTVFDSTSCN,purified MHC/competitive/radioactivity,Negative,19700.0,HLA-DPB1*14:01,15
YFVAILDYLNHMAKE,purified MHC/competitive/radioactivity,Negative,22300.0,HLA-DPB1*14:01,15
ISDFRAAIANYHYDA,purified MHC/competitive/radioactivity,Negative,23600.0,HLA-DPB1*14:01,15
ISDFRAAIANYHYDA,purified MHC/competitive/radioactivity,Negative,10100.0,HLA-DPA1*02:01/DPB1*05:01,15
GEPIRFLLSYGEKDF,purified MHC/competitive/radioactivity,Negative,18700.0,HLA-DPB1*14:01,15
MIVDTISDFRAAIAN,purified MHC/competitive/radioactivity,Negative,28200.0,HLA-DPB1*14:01,15
NLEIDMIVDTISDFR,purified MHC/competitive/radioactivity,Negative,11200.0,HLA-DPA1*01:03/DPB1*03:01,15
NLEIDMIVDTISDFR,purified MHC/competitive/radioactivity,Negative,32200.0,HLA-DPB1*14:01,15
EVVKANGGYLAAGKL,purified MHC/competitive/radioactivity,Negative,45100.0,HLA-DPA1*01:03/DPB1*03:01,15
VAISRYLGKQFGLSG,purified MHC/competitive/radioactivity,Negative,12700.0,HLA-DPA1*01:03/DPB1*03:01,15
VAISRYLGKQFGLSG,purified MHC/competitive/radioactivity,Negative,33200.0,HLA-DPB1*14:01,15
LRKAFDAFDREKSGS,purified MHC/competitive/radioactivity,Negative,32600.0,HLA-DPB1*14:01,15
HFFIGDFFVDHYYSE,purified MHC/competitive/radioactivity,Negative,46700.0,HLA-DPB1*14:01,15
FLLSYGEKDFEDYRF,purified MHC/competitive/radioactivity,Negative,46700.0,HLA-DPB1*14:01,15
SMPFGKTPVLEIDGK,purified MHC/competitive/radioactivity,Negative,46700.0,HLA-DPA1*01:03/DPB1*03:01,15
SMPFGKTPVLEIDGK,purified MHC/competitive/radioactivity,Negative,46700.0,HLA-DPB1*14:01,15
SMPFGKTPVLEIDGK,purified MHC/competitive/radioactivity,Negative,34400.0,HLA-DPB1*20:01,15
HMAKEDLVANQPNLK,purified MHC/competitive/radioactivity,Negative,23700.0,HLA-DPB1*02:01,15
HMAKEDLVANQPNLK,purified MHC/competitive/radioactivity,Negative,46700.0,HLA-DPA1*01:03/DPB1*04:01,15
HMAKEDLVANQPNLK,purified MHC/competitive/radioactivity,Negative,16700.0,HLA-DPB1*14:01,15
DLVANQPNLKALREK,purified MHC/competitive/radioactivity,Negative,11100.0,HLA-DPB1*02:01,15
DLVANQPNLKALREK,purified MHC/competitive/radioactivity,Negative,22300.0,HLA-DPA1*01:03/DPB1*04:01,15
QPNLKALREKVLGLP,purified MHC/competitive/radioactivity,Negative,23500.0,HLA-DPA1*01:03/DPB1*03:01,15
QPNLKALREKVLGLP,purified MHC/competitive/radioactivity,Negative,21600.0,HLA-DPB1*14:01,15
QPNLKALREKVLGLP,purified MHC/competitive/radioactivity,Negative,10600.0,HLA-DPB1*20:01,15
VLGLPAIKAWVAKRP,purified MHC/competitive/radioactivity,Negative,14200.0,HLA-DPA1*02:01/DPB1*01:01,15
EAMEKELREAFRLYD,purified MHC/competitive/radioactivity,Negative,20800.0,HLA-DPA1*01:03/DPB1*03:01,15
SGTVDFDEFMEMMTG,purified MHC/competitive/radioactivity,Negative,46700.0,HLA-DPA1*01:03/DPB1*03:01,15
SGTVDFDEFMEMMTG,purified MHC/competitive/radioactivity,Negative,35800.0,HLA-DPB1*14:01,15
SGTVDFDEFMEMMTG,purified MHC/competitive/radioactivity,Negative,12800.0,HLA-DPB1*20:01,15
PEFQSIVQTLNAMPE,purified MHC/competitive/radioactivity,Negative,10200.0,HLA-DPB1*14:01,15
PELQNFLNFLEANGL,purified MHC/competitive/radioactivity,Negative,37400.0,HLA-DPA1*01:03/DPB1*03:01,15
PELQNFLNFLEANGL,purified MHC/competitive/radioactivity,Negative,30700.0,HLA-DPB1*14:01,15
PELQNFLNFLEANGL,purified MHC/competitive/radioactivity,Negative,10400.0,HLA-DPB1*20:01,15
MVGTILEMLGTRLDQ,purified MHC/competitive/radioactivity,Negative,46700.0,HLA-DPA1*01:03/DPB1*03:01,15
MVGTILEMLGTRLDQ,purified MHC/competitive/radioactivity,Negative,33300.0,HLA-DPB1*14:01,15
MVGTILEMLGTRLDQ,purified MHC/competitive/radioactivity,Negative,23700.0,HLA-DPB1*20:01,15
EEFCTLASRFLVEED,purified MHC/competitive/radioactivity,Negative,23900.0,HLA-DPA1*01:03/DPB1*03:01,15
EEFCTLASRFLVEED,purified MHC/competitive/radioactivity,Negative,46700.0,HLA-DPB1*14:01,15
PEQIQLLKKAFDAFD,purified MHC/competitive/radioactivity,Negative,32100.0,HLA-DPA1*01:03/DPB1*03:01,15
PEQIQLLKKAFDAFD,purified MHC/competitive/radioactivity,Negative,15900.0,HLA-DPB1*14:01,15
PEQIQLLKKAFDAFD,purified MHC/competitive/radioactivity,Negative,46700.0,HLA-DPB1*20:01,15
MVGTILEMLGHRLDD,purified MHC/competitive/radioactivity,Negative,33600.0,HLA-DPB1*14:01,15
IVQTLNAMPEYQNLL,purified MHC/competitive/radioactivity,Negative,28900.0,HLA-DPB1*14:01,15
AAAGLAAAAPLESRQ,purified MHC/competitive/radioactivity,Negative,40712.0,HLA-DPB1*04:01,15
AAAGLAAAAPLESRQ,purified MHC/competitive/radioactivity,Negative,19838.0,HLA-DPB1*04:02,15
AFKIAATAANAAPTN,purified MHC/competitive/radioactivity,Negative,10255.0,HLA-DPB1*04:02,15
ATPEAKFDSFVAAFT,purified MHC/competitive/radioactivity,Negative,20193.0,HLA-DPB1*04:02,15
DEYVEQVAQYKALPV,purified MHC/competitive/radioactivity,Negative,26784.0,HLA-DPB1*04:02,15
DEYVEQVAQYKALPV,purified MHC/competitive/radioactivity,Negative,16357.0,HLA-DPB1*05:01,15
DGVWEIKSDKPLKGP,purified MHC/competitive/radioactivity,Negative,18555.0,HLA-DPB1*01:01,15
DGVWEIKSDKPLKGP,purified MHC/competitive/radioactivity,Negative,50000.0,HLA-DPB1*04:02,15
DGVWEIKSDKPLKGP,purified MHC/competitive/radioactivity,Negative,50000.0,HLA-DPB1*05:01,15
DINVGFKAAVAAAAG,purified MHC/competitive/radioactivity,Negative,20678.0,HLA-DPB1*04:01,15
DINVGFKAAVAAAAG,purified MHC/competitive/radioactivity,Negative,50000.0,HLA-DPB1*04:02,15
DIYNYMEPYVSKVDP,purified MHC/competitive/radioactivity,Negative,50000.0,HLA-DPB1*01:01,15
DIYNYMEPYVSKVDP,purified MHC/competitive/radioactivity,Negative,50000.0,HLA-DPB1*03:01,15
DIYNYMEPYVSKVDP,purified MHC/competitive/radioactivity,Negative,23361.0,HLA-DPB1*04:01,15
EDTNIYNSNEAFKVE,purified MHC/competitive/radioactivity,Negative,39613.0,HLA-DPB1*03:01,15
EDTNIYNSNEAFKVE,purified MHC/competitive/radioactivity,Negative,13781.0,HLA-DPB1*04:01,15
EDTNIYNSNEAFKVE,purified MHC/competitive/radioactivity,Negative,18705.0,HLA-DPB1*04:02,15
EDTNIYNSNEAFKVE,purified MHC/competitive/radioactivity,Negative,14225.0,HLA-DPB1*05:01,15
FKAAVAAAAGAPPAD,purified MHC/competitive/radioactivity,Negative,24797.0,HLA-DPB1*01:01,15
FKAAVAAAAGAPPAD,purified MHC/competitive/radioactivity,Negative,28919.0,HLA-DPB1*04:01,15
FKAAVAAAAGAPPAD,purified MHC/competitive/radioactivity,Negative,25866.0,HLA-DPB1*04:02,15
FSGVAATESAYLAYR,purified MHC/competitive/radioactivity,Negative,20587.0,HLA-DPB1*04:02,15
GCIHMARSLANEWRD,purified MHC/competitive/radioactivity,Negative,21959.0,HLA-DPB1*04:01,15
GCIHMARSLANEWRD,purified MHC/competitive/radioactivity,Negative,32474.0,HLA-DPB1*04:02,15
GGSILKISNKFHTKG,purified MHC/competitive/radioactivity,Negative,17488.0,HLA-DPB1*03:01,15
GGSILKISNKFHTKG,purified MHC/competitive/radioactivity,Negative,18503.0,HLA-DPB1*04:01,15
GGSILKISNKYHTKG,purified MHC/competitive/radioactivity,Negative,12307.0,HLA-DPB1*03:01,15
GGSILKISNKYHTKG,purified MHC/competitive/radioactivity,Negative,10528.0,HLA-DPB1*04:01,15
GSCWAFSGVAATESA,purified MHC/competitive/radioactivity,Negative,14425.0,HLA-DPB1*04:01,15
GSCWAFSGVAATESA,purified MHC/competitive/radioactivity,Negative,17163.0,HLA-DPB1*05:01,15
GTGSLVITASMSGHI,purified MHC/competitive/radioactivity,Negative,12974.0,HLA-DPB1*01:01,15
GTGSLVITASMSGHI,purified MHC/competitive/radioactivity,Negative,10715.0,HLA-DPB1*04:02,15
IASLFAAAGLAAAAP,purified MHC/competitive/radioactivity,Negative,28038.0,HLA-DPB1*04:01,15
IIFSQNMNIKLKMPL,purified MHC/competitive/radioactivity,Negative,50000.0,HLA-DPB1*03:01,15
IKSDKPLKGPFNFRF,purified MHC/competitive/radioactivity,Negative,12300.0,HLA-DPB1*04:01,15
IKSDKPLKGPFNFRF,purified MHC/competitive/radioactivity,Negative,19660.0,HLA-DPB1*04:02,15
IKSDKPLKGPFNFRF,purified MHC/competitive/radioactivity,Negative,12418.0,HLA-DPB1*05:01,15
IVLNHMTGAQSGKGT,purified MHC/competitive/radioactivity,Negative,15476.0,HLA-DPB1*01:01,15
IVLNHMTGAQSGKGT,purified MHC/competitive/radioactivity,Negative,16086.0,HLA-DPB1*04:01,15
IVLNHMTGAQSGKGT,purified MHC/competitive/radioactivity,Negative,25757.0,HLA-DPB1*04:02,15
KALWIIFSQNMNIKL,purified MHC/competitive/radioactivity,Negative,12055.0,HLA-DPB1*04:02,15
LIEKINAGFKAAVAA,purified MHC/competitive/radioactivity,Negative,18310.0,HLA-DPB1*04:01,15
LIEKINAGFKAAVAA,purified MHC/competitive/radioactivity,Negative,41527.0,HLA-DPB1*04:02,15
LWEVKSAKPLTGPMN,purified MHC/competitive/radioactivity,Negative,12984.0,HLA-DPB1*01:01,15
LWEVKSAKPLTGPMN,purified MHC/competitive/radioactivity,Negative,26311.0,HLA-DPB1*04:02,15
MRNVFDDVVPADFKV,purified MHC/competitive/radioactivity,Negative,50000.0,HLA-DPB1*04:02,15
NLALSIKYNKEGDSM,purified MHC/competitive/radioactivity,Negative,18010.0,HLA-DPB1*03:01,15
NLNIKLNMPLYIAGN,purified MHC/competitive/radioactivity,Negative,11533.0,HLA-DPB1*04:01,15
NLNIKLNMPLYIAGN,purified MHC/competitive/radioactivity,Negative,16167.0,HLA-DPB1*04:02,15
NVFDEVIPTAFTVGK,purified MHC/competitive/radioactivity,Negative,30123.0,HLA-DPB1*04:02,15
PAAAYATATPAAATA,purified MHC/competitive/radioactivity,Negative,21724.0,HLA-DPB1*04:01,15
PAAAYATATPAAATA,purified MHC/competitive/radioactivity,Negative,36457.0,HLA-DPB1*04:02,15
PAAAYATATPAAATA,purified MHC/competitive/radioactivity,Negative,12422.0,HLA-DPB1*05:01,15
QGVADAYITLVTLPK,purified MHC/competitive/radioactivity,Negative,16881.0,HLA-DPB1*03:01,15
QIDAFIANAGATADS,purified MHC/competitive/radioactivity,Negative,19500.0,HLA-DPB1*04:02,15
QIDAFIANAGATADS,purified MHC/competitive/radioactivity,Negative,36023.0,HLA-DPB1*05:01,15
QVAQYKALPVVLENA,purified MHC/competitive/radioactivity,Negative,14857.0,HLA-DPB1*04:01,15
QVAQYKALPVVLENA,purified MHC/competitive/radioactivity,Negative,20869.0,HLA-DPB1*04:02,15
RGIEYIQHNGVVQES,purified MHC/competitive/radioactivity,Negative,35246.0,HLA-DPB1*05:01,15
SDAKTLVLNIKYTRP,purified MHC/competitive/radioactivity,Negative,11767.0,HLA-DPB1*03:01,15
SDAKTLVLNIKYTRP,purified MHC/competitive/radioactivity,Negative,11975.0,HLA-DPB1*04:02,15
SGVAATESAYLAYRN,purified MHC/competitive/radioactivity,Negative,20081.0,HLA-DPB1*04:02,15
SKKDKFVAANAGGTV,purified MHC/competitive/radioactivity,Negative,22256.0,HLA-DPB1*01:01,15
SKKDKFVAANAGGTV,purified MHC/competitive/radioactivity,Negative,11512.0,HLA-DPB1*04:01,15
SKKDKFVAANAGGTV,purified MHC/competitive/radioactivity,Negative,50000.0,HLA-DPB1*04:02,15
AAAGAEAGKATTEEQ,purified MHC/competitive/radioactivity,Negative,46700.0,HLA-DPA1*03:01/DPB1*04:02,15
AAAGAEAGKATTEEQ,purified MHC/competitive/radioactivity,Negative,38300.0,HLA-DPA1*02:01/DPB1*01:01,15
AAAGAEAGKATTEEQ,purified MHC/competitive/radioactivity,Negative,46700.0,HLA-DPA1*01:03/DPB1*02:01,15
AAAGAEAGKATTEEQ,purified MHC/competitive/radioactivity,Negative,46700.0,HLA-DPA1*02:01/DPB1*05:01,15
AAASVPAADKFKTFE,purified MHC/competitive/radioactivity,Negative,33100.0,HLA-DPA1*03:01/DPB1*04:02,15
AAASVPAADKFKTFE,purified MHC/competitive/radioactivity,Negative,13500.0,HLA-DPA1*01:03/DPB1*04:01,15
AAATATATAAVGAAT,purified MHC/competitive/radioactivity,Negative,46700.0,HLA-DPA1*03:01/DPB1*04:02,15
AAATATATAAVGAAT,purified MHC/competitive/radioactivity,Negative,46700.0,HLA-DPA1*02:01/DPB1*01:01,15
AAATATATAAVGAAT,purified MHC/competitive/radioactivity,Negative,46700.0,HLA-DPA1*01:03/DPB1*02:01,15
AAATATATAAVGAAT,purified MHC/competitive/radioactivity,Negative,46700.0,HLA-DPA1*02:01/DPB1*05:01,15
AAATATATAAVGAAT,purified MHC/competitive/radioactivity,Negative,14800.0,HLA-DPA1*01:03/DPB1*04:01,15
AADHAAPEDKYEAFV,purified MHC/competitive/radioactivity,Negative,46700.0,HLA-DPA1*03:01/DPB1*04:02,15
AAESSSKAALTSKLD,purified MHC/competitive/radioactivity,Negative,38700.0,HLA-DPA1*01:03/DPB1*02:01,15
AAESSSKAALTSKLD,purified MHC/competitive/radioactivity,Negative,46700.0,HLA-DPA1*02:01/DPB1*05:01,15
AAESSSKAALTSKLD,purified MHC/competitive/radioactivity,Negative,13400.0,HLA-DPA1*01:03/DPB1*04:01,15
AAFNNAIKAGTGGAY,purified MHC/competitive/radioactivity,Negative,44600.0,HLA-DPA1*03:01/DPB1*04:02,15
AAFNNAIKAGTGGAY,purified MHC/competitive/radioactivity,Negative,16100.0,HLA-DPA1*02:01/DPB1*01:01,15
AAFNNAIKAGTGGAY,purified MHC/competitive/radioactivity,Negative,23500.0,HLA-DPA1*01:03/DPB1*02:01,15
AAFNNAIKAGTGGAY,purified MHC/competitive/radioactivity,Negative,31900.0,HLA-DPA1*01:03/DPB1*04:01,15
AAGAATTAAGAASGA,purified MHC/competitive/radioactivity,Negative,46700.0,HLA-DPA1*03:01/DPB1*04:02,15
AAGAATTAAGAASGA,purified MHC/competitive/radioactivity,Negative,20600.0,HLA-DPA1*02:01/DPB1*01:01,15
AAGAATTAAGAASGA,purified MHC/competitive/radioactivity,Negative,35400.0,HLA-DPA1*02:01/DPB1*05:01,15
AAGAATTAAGAASGA,purified MHC/competitive/radioactivity,Negative,46700.0,HLA-DPA1*01:03/DPB1*04:01,15
AAGVPPADKYRTFVA,purified MHC/competitive/radioactivity,Negative,29200.0,HLA-DPA1*03:01/DPB1*04:02,15
AAGVPPADKYRTFVA,purified MHC/competitive/radioactivity,Negative,21300.0,HLA-DPA1*02:01/DPB1*01:01,15
AAGVPPADKYRTFVA,purified MHC/competitive/radioactivity,Negative,20700.0,HLA-DPA1*01:03/DPB1*02:01,15
AAGVPPADKYRTFVA,purified MHC/competitive/radioactivity,Negative,46700.0,HLA-DPA1*01:03/DPB1*04:01,15
AAKPAAAATATATAA,purified MHC/competitive/radioactivity,Negative,46700.0,HLA-DPA1*03:01/DPB1*04:02,15
AAKPAAAATATATAA,purified MHC/competitive/radioactivity,Negative,46700.0,HLA-DPA1*02:01/DPB1*01:01,15
AAKPAAAATATATAA,purified MHC/competitive/radioactivity,Negative,46700.0,HLA-DPA1*01:03/DPB1*02:01,15
AAKPAAAATATATAA,purified MHC/competitive/radioactivity,Negative,46700.0,HLA-DPA1*02:01/DPB1*05:01,15
AAKPAAAATATATAA,purified MHC/competitive/radioactivity,Negative,46700.0,HLA-DPA1*01:03/DPB1*04:01,15
AALAAAAGVPPADKY,purified MHC/competitive/radioactivity,Negative,35900.0,HLA-DPA1*03:01/DPB1*04:02,15
AALAAAAGVPPADKY,purified MHC/competitive/radioactivity,Negative,19700.0,HLA-DPA1*02:01/DPB1*01:01,15
AALAAAAGVPPADKY,purified MHC/competitive/radioactivity,Negative,30400.0,HLA-DPA1*01:03/DPB1*02:01,15
AALAAAAGVPPADKY,purified MHC/competitive/radioactivity,Negative,46700.0,HLA-DPA1*02:01/DPB1*05:01,15
AAPAAGYTPATPAAP,purified MHC/competitive/radioactivity,Negative,46700.0,HLA-DPA1*03:01/DPB1*04:02,15
AAPAAGYTPATPAAP,purified MHC/competitive/radioactivity,Negative,42700.0,HLA-DPA1*02:01/DPB1*01:01,15
AAPAAGYTPATPAAP,purified MHC/competitive/radioactivity,Negative,21800.0,HLA-DPA1*01:03/DPB1*02:01,15
AAPAAGYTPATPAAP,purified MHC/competitive/radioactivity,Negative,43400.0,HLA-DPA1*02:01/DPB1*05:01,15
AAPAAGYTPATPAAP,purified MHC/competitive/radioactivity,Negative,31100.0,HLA-DPA1*01:03/DPB1*04:01,15
AAPGAGYTPATPAAP,purified MHC/competitive/radioactivity,Negative,46700.0,HLA-DPA1*03:01/DPB1*04:02,15
AAPGAGYTPATPAAP,purified MHC/competitive/radioactivity,Negative,46700.0,HLA-DPA1*02:01/DPB1*01:01,15
AAPGAGYTPATPAAP,purified MHC/competitive/radioactivity,Negative,31000.0,HLA-DPA1*01:03/DPB1*02:01,15
AAPGAGYTPATPAAP,purified MHC/competitive/radioactivity,Negative,46700.0,HLA-DPA1*02:01/DPB1*05:01,15
AAPGAGYTPATPAAP,purified MHC/competitive/radioactivity,Negative,46700.0,HLA-DPA1*01:03/DPB1*04:01,15
AASGAATVAAGGYKV,purified MHC/competitive/radioactivity,Negative,46700.0,HLA-DPA1*03:01/DPB1*04:02,15
AASGAATVAAGGYKV,purified MHC/competitive/radioactivity,Negative,46700.0,HLA-DPA1*02:01/DPB1*01:01,15
AASGAATVAAGGYKV,purified MHC/competitive/radioactivity,Negative,46700.0,HLA-DPA1*01:03/DPB1*02:01,15
AASGAATVAAGGYKV,purified MHC/competitive/radioactivity,Negative,46700.0,HLA-DPA1*02:01/DPB1*05:01,15
AASGAATVAAGGYKV,purified MHC/competitive/radioactivity,Negative,46700.0,HLA-DPA1*01:03/DPB1*04:01,15
AASGADGTYDITKLG,purified MHC/competitive/radioactivity,Negative,14500.0,HLA-DPA1*03:01/DPB1*04:02,15
AASGADGTYDITKLG,purified MHC/competitive/radioactivity,Negative,18700.0,HLA-DPA1*02:01/DPB1*01:01,15
AASGADGTYDITKLG,purified MHC/competitive/radioactivity,Negative,46700.0,HLA-DPA1*02:01/DPB1*05:01,15
AASGADGTYDITKLG,purified MHC/competitive/radioactivity,Negative,30300.0,HLA-DPA1*01:03/DPB1*04:01,15
AATGAATAATGGYKV,purified MHC/competitive/radioactivity,Negative,46700.0,HLA-DPA1*02:01/DPB1*01:01,15
AATGAATAATGGYKV,purified MHC/competitive/radioactivity,Negative,46700.0,HLA-DPA1*01:03/DPB1*02:01,15
AATGAATAATGGYKV,purified MHC/competitive/radioactivity,Negative,46700.0,HLA-DPA1*02:01/DPB1*05:01,15
AATGAATAATGGYKV,purified MHC/competitive/radioactivity,Negative,46700.0,HLA-DPA1*01:03/DPB1*04:01,15
AAVGATPEAKFDSFV,purified MHC/competitive/radioactivity,Negative,41300.0,HLA-DPA1*03:01/DPB1*04:02,15
AAVGATPEAKFDSFV,purified MHC/competitive/radioactivity,Negative,13700.0,HLA-DPA1*02:01/DPB1*01:01,15
AAYKLAYKTAEGATP,purified MHC/competitive/radioactivity,Negative,13700.0,HLA-DPA1*01:03/DPB1*04:01,15
ADAGYAPATPAAAGA,purified MHC/competitive/radioactivity,Negative,46700.0,HLA-DPA1*03:01/DPB1*04:02,15
ADAGYAPATPAAAGA,purified MHC/competitive/radioactivity,Negative,46700.0,HLA-DPA1*02:01/DPB1*01:01,15
ADAGYAPATPAAAGA,purified MHC/competitive/radioactivity,Negative,46700.0,HLA-DPA1*01:03/DPB1*02:01,15
ADAGYAPATPAAAGA,purified MHC/competitive/radioactivity,Negative,46700.0,HLA-DPA1*02:01/DPB1*05:01,15
ADAGYAPATPAAAGA,purified MHC/competitive/radioactivity,Negative,46700.0,HLA-DPA1*01:03/DPB1*04:01,15
ADLGYGPATPAAPAA,purified MHC/competitive/radioactivity,Negative,14300.0,HLA-DPA1*03:01/DPB1*04:02,15
ADLGYGPATPAAPAA,purified MHC/competitive/radioactivity,Negative,46700.0,HLA-DPA1*02:01/DPB1*05:01,15
ADLGYGPATPAAPAA,purified MHC/competitive/radioactivity,Negative,46700.0,HLA-DPA1*01:03/DPB1*04:01,15
AEDVIPEGWKADTSY,purified MHC/competitive/radioactivity,Negative,21200.0,HLA-DPA1*03:01/DPB1*04:02,15
AEDVIPEGWKADTSY,purified MHC/competitive/radioactivity,Negative,15500.0,HLA-DPA1*02:01/DPB1*01:01,15
AEDVIPEGWKADTSY,purified MHC/competitive/radioactivity,Negative,46700.0,HLA-DPA1*02:01/DPB1*05:01,15
AEDVIPEGWKADTSY,purified MHC/competitive/radioactivity,Negative,22300.0,HLA-DPA1*01:03/DPB1*04:01,15
AEGGKATTEEQKLIE,purified MHC/competitive/radioactivity,Negative,46700.0,HLA-DPA1*03:01/DPB1*04:02,15
AEGGKATTEEQKLIE,purified MHC/competitive/radioactivity,Negative,16500.0,HLA-DPA1*02:01/DPB1*01:01,15
AEGGKATTEEQKLIE,purified MHC/competitive/radioactivity,Negative,46700.0,HLA-DPA1*01:03/DPB1*02:01,15
AEGGKATTEEQKLIE,purified MHC/competitive/radioactivity,Negative,39300.0,HLA-DPA1*02:01/DPB1*05:01,15
AEGGKATTEEQKLIE,purified MHC/competitive/radioactivity,Negative,24800.0,HLA-DPA1*01:03/DPB1*04:01,15
AEGLSGEPKGAAESS,purified MHC/competitive/radioactivity,Negative,20600.0,HLA-DPA1*03:01/DPB1*04:02,15
AEVELRQHGSEEWEP,purified MHC/competitive/radioactivity,Negative,46700.0,HLA-DPA1*03:01/DPB1*04:02,15
AEVELRQHGSEEWEP,purified MHC/competitive/radioactivity,Negative,39800.0,HLA-DPA1*01:03/DPB1*04:01,15
AFALVLLFCALASSC,purified MHC/competitive/radioactivity,Negative,46700.0,HLA-DPA1*02:01/DPB1*05:01,15
AGAEPAGKATTEEQK,purified MHC/competitive/radioactivity,Negative,46700.0,HLA-DPA1*03:01/DPB1*04:02,15
AGAEPAGKATTEEQK,purified MHC/competitive/radioactivity,Negative,31900.0,HLA-DPA1*02:01/DPB1*01:01,15
AGAEPAGKATTEEQK,purified MHC/competitive/radioactivity,Negative,20000.0,HLA-DPA1*01:03/DPB1*02:01,15
AGAEPAGKATTEEQK,purified MHC/competitive/radioactivity,Negative,46700.0,HLA-DPA1*02:01/DPB1*05:01,15
AGAEPAGKATTEEQK,purified MHC/competitive/radioactivity,Negative,46700.0,HLA-DPA1*01:03/DPB1*04:01,15
AGALEVHAVKPVTEE,purified MHC/competitive/radioactivity,Negative,13000.0,HLA-DPA1*01:03/DPB1*02:01,15
AGALEVHAVKPVTEE,purified MHC/competitive/radioactivity,Negative,46700.0,HLA-DPA1*02:01/DPB1*05:01,15
AGALEVHAVKPVTEE,purified MHC/competitive/radioactivity,Negative,11100.0,HLA-DPA1*01:03/DPB1*04:01,15
AGDGDVVAVDIKEKG,purified MHC/competitive/radioactivity,Negative,27700.0,HLA-DPA1*03:01/DPB1*04:02,15
AGDGDVVAVDIKEKG,purified MHC/competitive/radioactivity,Negative,16100.0,HLA-DPA1*02:01/DPB1*01:01,15
AGDGDVVAVDIKEKG,purified MHC/competitive/radioactivity,Negative,46700.0,HLA-DPA1*01:03/DPB1*02:01,15
AGDGDVVAVDIKEKG,purified MHC/competitive/radioactivity,Negative,46700.0,HLA-DPA1*02:01/DPB1*05:01,15
AGDGDVVAVDIKEKG,purified MHC/competitive/radioactivity,Negative,46700.0,HLA-DPA1*01:03/DPB1*04:01,15
AGIMIFDPYGATISA,purified MHC/competitive/radioactivity,Negative,46700.0,HLA-DPA1*02:01/DPB1*05:01,15
AGKATTEEQKLIEKI,purified MHC/competitive/radioactivity,Negative,22400.0,HLA-DPA1*03:01/DPB1*04:02,15
AGKATTEEQKLIEKI,purified MHC/competitive/radioactivity,Negative,21800.0,HLA-DPA1*01:03/DPB1*02:01,15
AGKATTEEQKLIEKI,purified MHC/competitive/radioactivity,Negative,45800.0,HLA-DPA1*02:01/DPB1*05:01,15
AGKATTEEQKLIEKI,purified MHC/competitive/radioactivity,Negative,22300.0,HLA-DPA1*01:03/DPB1*04:01,15
AGSYAADLGYGPATP,purified MHC/competitive/radioactivity,Negative,44600.0,HLA-DPA1*03:01/DPB1*04:02,15
AGSYAADLGYGPATP,purified MHC/competitive/radioactivity,Negative,20000.0,HLA-DPA1*02:01/DPB1*01:01,15
AGSYAADLGYGPATP,purified MHC/competitive/radioactivity,Negative,15400.0,HLA-DPA1*01:03/DPB1*02:01,15
AGSYAADLGYGPATP,purified MHC/competitive/radioactivity,Negative,13100.0,HLA-DPA1*02:01/DPB1*05:01,15
AGSYAADLGYGPATP,purified MHC/competitive/radioactivity,Negative,46700.0,HLA-DPA1*01:03/DPB1*04:01,15
AHGIPKVPPGPNITA,purified MHC/competitive/radioactivity,Negative,27900.0,HLA-DPA1*03:01/DPB1*04:02,15
AHGIPKVPPGPNITA,purified MHC/competitive/radioactivity,Negative,32400.0,HLA-DPA1*01:03/DPB1*02:01,15
AHGIPKVPPGPNITA,purified MHC/competitive/radioactivity,Negative,46700.0,HLA-DPA1*02:01/DPB1*05:01,15
AHGIPKVPPGPNITA,purified MHC/competitive/radioactivity,Negative,46700.0,HLA-DPA1*01:03/DPB1*04:01,15
AIKAGTGGAYESYKF,purified MHC/competitive/radioactivity,Negative,46700.0,HLA-DPA1*03:01/DPB1*04:02,15
AIKAGTGGAYESYKF,purified MHC/competitive/radioactivity,Negative,10600.0,HLA-DPA1*02:01/DPB1*01:01,15
AIPKVPPGPNITATY,purified MHC/competitive/radioactivity,Negative,46700.0,HLA-DPA1*02:01/DPB1*01:01,15
AIPKVPPGPNITATY,purified MHC/competitive/radioactivity,Negative,46700.0,HLA-DPA1*03:01/DPB1*04:02,15
AIPKVPPGPNITATY,purified MHC/competitive/radioactivity,Negative,46700.0,HLA-DPA1*01:03/DPB1*02:01,15
AIPKVPPGPNITATY,purified MHC/competitive/radioactivity,Negative,46700.0,HLA-DPA1*02:01/DPB1*05:01,15
AIPKVPPGPNITATY,purified MHC/competitive/radioactivity,Negative,46700.0,HLA-DPA1*01:03/DPB1*04:01,15
AITAMSEAQKAAKPA,purified MHC/competitive/radioactivity,Negative,46700.0,HLA-DPA1*03:01/DPB1*04:02,15
AITAMSEAQKAAKPA,purified MHC/competitive/radioactivity,Negative,32800.0,HLA-DPA1*02:01/DPB1*01:01,15
AITAMSEAQKAAKPA,purified MHC/competitive/radioactivity,Negative,46700.0,HLA-DPA1*01:03/DPB1*02:01,15
AITAMSEAQKAAKPA,purified MHC/competitive/radioactivity,Negative,46700.0,HLA-DPA1*01:03/DPB1*04:01,15
AKDVIPEGWKADTAY,purified MHC/competitive/radioactivity,Negative,17800.0,HLA-DPA1*03:01/DPB1*04:02,15
AKDVIPEGWKADTAY,purified MHC/competitive/radioactivity,Negative,11200.0,HLA-DPA1*02:01/DPB1*01:01,15
AKDVIPEGWKADTAY,purified MHC/competitive/radioactivity,Negative,46700.0,HLA-DPA1*02:01/DPB1*05:01,15
AKPDGKTDCTKEVEE,purified MHC/competitive/radioactivity,Negative,46700.0,HLA-DPA1*03:01/DPB1*04:02,15
AKPDGKTDCTKEVEE,purified MHC/competitive/radioactivity,Negative,32800.0,HLA-DPA1*02:01/DPB1*01:01,15
AKPDGKTDCTKEVEE,purified MHC/competitive/radioactivity,Negative,46700.0,HLA-DPA1*01:03/DPB1*02:01,15
AKPDGKTDCTKEVEE,purified MHC/competitive/radioactivity,Negative,46700.0,HLA-DPA1*02:01/DPB1*05:01,15
AKPDGKTDCTKEVEE,purified MHC/competitive/radioactivity,Negative,46700.0,HLA-DPA1*01:03/DPB1*04:01,15
AKSSPAYPSVLGQTI,purified MHC/competitive/radioactivity,Negative,46700.0,HLA-DPA1*02:01/DPB1*05:01,15
AKSSPAYPSVLGQTI,purified MHC/competitive/radioactivity,Negative,34100.0,HLA-DPA1*01:03/DPB1*04:01,15
ALEDDLLNRNNSFKP,purified MHC/competitive/radioactivity,Negative,26400.0,HLA-DPA1*02:01/DPB1*05:01,15
ALHIIAGTPEVHAVK,purified MHC/competitive/radioactivity,Negative,11000.0,HLA-DPA1*02:01/DPB1*05:01,15
ALKESWGAIWRIDTP,purified MHC/competitive/radioactivity,Negative,24300.0,HLA-DPA1*03:01/DPB1*04:02,15
ALKESWGAIWRIDTP,purified MHC/competitive/radioactivity,Negative,22600.0,HLA-DPA1*02:01/DPB1*05:01,15
ALTKAITAMSEVQKV,purified MHC/competitive/radioactivity,Negative,12000.0,HLA-DPA1*01:03/DPB1*02:01,15
ALTKAITAMSEVQKV,purified MHC/competitive/radioactivity,Negative,10200.0,HLA-DPA1*02:01/DPB1*05:01,15
ANGKLHDKKSMGDDH,purified MHC/competitive/radioactivity,Negative,29200.0,HLA-DPA1*03:01/DPB1*04:02,15
ANGKLHDKKSMGDDH,purified MHC/competitive/radioactivity,Negative,28000.0,HLA-DPA1*02:01/DPB1*01:01,15
ANGKLHDKKSMGDDH,purified MHC/competitive/radioactivity,Negative,11300.0,HLA-DPA1*02:01/DPB1*05:01,15
ANGKLHDKKSMGDDH,purified MHC/competitive/radioactivity,Negative,29700.0,HLA-DPA1*01:03/DPB1*04:01,15
APATPAAAGAEAGKA,purified MHC/competitive/radioactivity,Negative,19300.0,HLA-DPA1*03:01/DPB1*04:02,15
APATPAAAGAEAGKA,purified MHC/competitive/radioactivity,Negative,46700.0,HLA-DPA1*01:03/DPB1*04:01,15
APGAAAAPLSWSKDI,purified MHC/competitive/radioactivity,Negative,19600.0,HLA-DPA1*02:01/DPB1*05:01,15
APGAAAAPLSWSKDI,purified MHC/competitive/radioactivity,Negative,46700.0,HLA-DPA1*01:03/DPB1*04:01,15
APGDSPNTDGIHIGD,purified MHC/competitive/radioactivity,Negative,46700.0,HLA-DPA1*03:01/DPB1*04:02,15
APGDSPNTDGIHIGD,purified MHC/competitive/radioactivity,Negative,46700.0,HLA-DPA1*02:01/DPB1*01:01,15
APGDSPNTDGIHIGD,purified MHC/competitive/radioactivity,Negative,46700.0,HLA-DPA1*01:03/DPB1*02:01,15
APGDSPNTDGIHIGD,purified MHC/competitive/radioactivity,Negative,36200.0,HLA-DPA1*02:01/DPB1*05:01,15
APGDSPNTDGIHIGD,purified MHC/competitive/radioactivity,Negative,46700.0,HLA-DPA1*01:03/DPB1*04:01,15
APPPQLPRPPATPPP,purified MHC/competitive/radioactivity,Negative,41800.0,HLA-DPA1*02:01/DPB1*01:01,15
APPPQLPRPPATPPP,purified MHC/competitive/radioactivity,Negative,46700.0,HLA-DPA1*01:03/DPB1*02:01,15
APPPQLPRPPATPPP,purified MHC/competitive/radioactivity,Negative,31300.0,HLA-DPA1*02:01/DPB1*05:01,15
APPPQLPRPPATPPP,purified MHC/competitive/radioactivity,Negative,12300.0,HLA-DPA1*01:03/DPB1*04:01,15
APPPQLPRPPATPPP,purified MHC/competitive/radioactivity,Negative,26400.0,HLA-DPA1*01:03/DPB1*04:02,15
APQLPDDLMIRVIAQ,purified MHC/competitive/radioactivity,Negative,30700.0,HLA-DPA1*01:03/DPB1*02:01,15
APQLPDDLMIRVIAQ,purified MHC/competitive/radioactivity,Negative,46700.0,HLA-DPA1*02:01/DPB1*05:01,15
APQLPDDLMIRVIAQ,purified MHC/competitive/radioactivity,Negative,25100.0,HLA-DPA1*01:03/DPB1*04:01,15
APTGATTAAAGGYKV,purified MHC/competitive/radioactivity,Negative,46700.0,HLA-DPA1*02:01/DPB1*01:01,15
APTGATTAAAGGYKV,purified MHC/competitive/radioactivity,Negative,46700.0,HLA-DPA1*01:03/DPB1*02:01,15
APTGATTAAAGGYKV,purified MHC/competitive/radioactivity,Negative,46700.0,HLA-DPA1*02:01/DPB1*05:01,15
APTGATTAAAGGYKV,purified MHC/competitive/radioactivity,Negative,46700.0,HLA-DPA1*01:03/DPB1*04:01,15
APTGATTAAAGGYKV,purified MHC/competitive/radioactivity,Negative,46700.0,HLA-DPA1*01:03/DPB1*04:02,15
APTGATTAAAGGYKV,purified MHC/competitive/radioactivity,Negative,10100.0,HLA-DPA1*03:01/DPB1*04:02,15
ASAAIFGHDGTVWAQ,purified MHC/competitive/radioactivity,Negative,14500.0,HLA-DPA1*03:01/DPB1*04:02,15
ASAAIFGHDGTVWAQ,purified MHC/competitive/radioactivity,Negative,19600.0,HLA-DPA1*02:01/DPB1*05:01,15
ASAAILGHDGTVWAQ,purified MHC/competitive/radioactivity,Negative,24200.0,HLA-DPA1*03:01/DPB1*04:02,15
ASAAILGHDGTVWAQ,purified MHC/competitive/radioactivity,Negative,18700.0,HLA-DPA1*02:01/DPB1*01:01,15
ASAAILGHDGTVWAQ,purified MHC/competitive/radioactivity,Negative,42000.0,HLA-DPA1*02:01/DPB1*05:01,15
ASEGAVDIINRWQVV,purified MHC/competitive/radioactivity,Negative,18800.0,HLA-DPA1*02:01/DPB1*05:01,15
ASLTEALRVIAGALE,purified MHC/competitive/radioactivity,Negative,14600.0,HLA-DPA1*02:01/DPB1*05:01,15
ASLTEALRVIAGALE,purified MHC/competitive/radioactivity,Negative,10800.0,HLA-DPA1*01:03/DPB1*04:01,15
ASTGGAYESYKFIPA,purified MHC/competitive/radioactivity,Negative,40600.0,HLA-DPA1*03:01/DPB1*04:02,15
ATAANAAPANDKFTV,purified MHC/competitive/radioactivity,Negative,46700.0,HLA-DPA1*03:01/DPB1*04:02,15
ATAANAAPANDKFTV,purified MHC/competitive/radioactivity,Negative,33800.0,HLA-DPA1*02:01/DPB1*01:01,15
ATAANAAPANDKFTV,purified MHC/competitive/radioactivity,Negative,46700.0,HLA-DPA1*01:03/DPB1*02:01,15
ATAANAAPANDKFTV,purified MHC/competitive/radioactivity,Negative,46700.0,HLA-DPA1*02:01/DPB1*05:01,15
ATAANAAPANDKFTV,purified MHC/competitive/radioactivity,Negative,46700.0,HLA-DPA1*01:03/DPB1*04:01,15
ATATATSAVGAPTGA,purified MHC/competitive/radioactivity,Negative,44200.0,HLA-DPA1*03:01/DPB1*04:02,15
ATATATSAVGAPTGA,purified MHC/competitive/radioactivity,Negative,27000.0,HLA-DPA1*02:01/DPB1*01:01,15
ATATATSAVGAPTGA,purified MHC/competitive/radioactivity,Negative,46700.0,HLA-DPA1*01:03/DPB1*02:01,15
ATATATSAVGAPTGA,purified MHC/competitive/radioactivity,Negative,46700.0,HLA-DPA1*02:01/DPB1*05:01,15
ATATATSAVGAPTGA,purified MHC/competitive/radioactivity,Negative,46700.0,HLA-DPA1*01:03/DPB1*04:01,15
ATISATPESATPFPH,purified MHC/competitive/radioactivity,Negative,46700.0,HLA-DPA1*03:01/DPB1*04:02,15
ATISATPESATPFPH,purified MHC/competitive/radioactivity,Negative,46700.0,HLA-DPA1*02:01/DPB1*01:01,15
ATISATPESATPFPH,purified MHC/competitive/radioactivity,Negative,46700.0,HLA-DPA1*01:03/DPB1*02:01,15
ATISATPESATPFPH,purified MHC/competitive/radioactivity,Negative,38400.0,HLA-DPA1*02:01/DPB1*05:01,15
ATPPPPPPPQLGASP,purified MHC/competitive/radioactivity,Negative,19500.0,HLA-DPA1*03:01/DPB1*04:02,15
ATPPPPPPPQLGASP,purified MHC/competitive/radioactivity,Negative,34600.0,HLA-DPA1*02:01/DPB1*01:01,15
ATPPPPPPPQLGASP,purified MHC/competitive/radioactivity,Negative,32800.0,HLA-DPA1*01:03/DPB1*02:01,15
ATPPPPPPPQLGASP,purified MHC/competitive/radioactivity,Negative,46700.0,HLA-DPA1*02:01/DPB1*05:01,15
ATPPPPPPPQLGASP,purified MHC/competitive/radioactivity,Negative,46700.0,HLA-DPA1*01:03/DPB1*04:01,15
ATSPTAEGGKATTEE,purified MHC/competitive/radioactivity,Negative,46700.0,HLA-DPA1*03:01/DPB1*04:02,15
ATSPTAEGGKATTEE,purified MHC/competitive/radioactivity,Negative,46700.0,HLA-DPA1*02:01/DPB1*01:01,15
ATSPTAEGGKATTEE,purified MHC/competitive/radioactivity,Negative,46700.0,HLA-DPA1*01:03/DPB1*02:01,15
ATSPTAEGGKATTEE,purified MHC/competitive/radioactivity,Negative,46700.0,HLA-DPA1*02:01/DPB1*05:01,15
ATSPTAEGGKATTEE,purified MHC/competitive/radioactivity,Negative,46700.0,HLA-DPA1*01:03/DPB1*04:01,15
ATTANVPPADKYKTF,purified MHC/competitive/radioactivity,Negative,46700.0,HLA-DPA1*03:01/DPB1*04:02,15
ATTANVPPADKYKTF,purified MHC/competitive/radioactivity,Negative,46700.0,HLA-DPA1*02:01/DPB1*01:01,15
ATTANVPPADKYKTF,purified MHC/competitive/radioactivity,Negative,46700.0,HLA-DPA1*01:03/DPB1*02:01,15
ATTANVPPADKYKTF,purified MHC/competitive/radioactivity,Negative,46700.0,HLA-DPA1*02:01/DPB1*05:01,15
ATTANVPPADKYKTF,purified MHC/competitive/radioactivity,Negative,46700.0,HLA-DPA1*01:03/DPB1*04:01,15
ATTEEQKLIEDINAS,purified MHC/competitive/radioactivity,Negative,46700.0,HLA-DPA1*01:03/DPB1*04:01,15
ATTEEQKLIEDVNAS,purified MHC/competitive/radioactivity,Negative,13000.0,HLA-DPA1*01:03/DPB1*02:01,15
ATTEEQKLIEDVNAS,purified MHC/competitive/radioactivity,Negative,46700.0,HLA-DPA1*02:01/DPB1*05:01,15
ATTEEQKLIEDVNAS,purified MHC/competitive/radioactivity,Negative,46700.0,HLA-DPA1*01:03/DPB1*04:01,15
ATVATAPEVKYTVFE,purified MHC/competitive/radioactivity,Negative,11100.0,HLA-DPA1*03:01/DPB1*04:02,15
AVIRGKKGAGGITIK,purified MHC/competitive/radioactivity,Negative,34000.0,HLA-DPA1*03:01/DPB1*04:02,15
AVIRGKKGAGGITIK,purified MHC/competitive/radioactivity,Negative,11300.0,HLA-DPA1*01:03/DPB1*04:01,15
AVKPAAEEVKVIPAG,purified MHC/competitive/radioactivity,Negative,46700.0,HLA-DPA1*03:01/DPB1*04:02,15
AVKPAAEEVKVIPAG,purified MHC/competitive/radioactivity,Negative,28900.0,HLA-DPA1*02:01/DPB1*01:01,15
AVKPAAEEVKVIPAG,purified MHC/competitive/radioactivity,Negative,35700.0,HLA-DPA1*01:03/DPB1*02:01,15
AVKPAAEEVKVIPAG,purified MHC/competitive/radioactivity,Negative,15900.0,HLA-DPA1*02:01/DPB1*05:01,15
AVKPAAEEVKVIPAG,purified MHC/competitive/radioactivity,Negative,46700.0,HLA-DPA1*01:03/DPB1*04:01,15
AVVCGRRHGVRIRVR,purified MHC/competitive/radioactivity,Negative,11100.0,HLA-DPA1*01:03/DPB1*02:01,15
AVVCGRRHGVRIRVR,purified MHC/competitive/radioactivity,Negative,21700.0,HLA-DPA1*01:03/DPB1*04:01,15
AVWGKNSCAKNYNCK,purified MHC/competitive/radioactivity,Negative,46700.0,HLA-DPA1*02:01/DPB1*01:01,15
AVWGKNSCAKNYNCK,purified MHC/competitive/radioactivity,Negative,34600.0,HLA-DPA1*01:03/DPB1*02:01,15
AVWGKNSCAKNYNCK,purified MHC/competitive/radioactivity,Negative,46700.0,HLA-DPA1*01:03/DPB1*04:01,15
AVWVDGKARTAWVDS,purified MHC/competitive/radioactivity,Negative,46700.0,HLA-DPA1*03:01/DPB1*04:02,15
AVWVDGKARTAWVDS,purified MHC/competitive/radioactivity,Negative,17000.0,HLA-DPA1*02:01/DPB1*01:01,15
AVWVDGKARTAWVDS,purified MHC/competitive/radioactivity,Negative,10100.0,HLA-DPA1*01:03/DPB1*02:01,15
AVWVDGKARTAWVDS,purified MHC/competitive/radioactivity,Negative,42300.0,HLA-DPA1*02:01/DPB1*05:01,15
AWASACGGTGKNTIV,purified MHC/competitive/radioactivity,Negative,46700.0,HLA-DPA1*03:01/DPB1*04:02,15
AWASACGGTGKNTIV,purified MHC/competitive/radioactivity,Negative,32300.0,HLA-DPA1*02:01/DPB1*01:01,15
AWASACGGTGKNTIV,purified MHC/competitive/radioactivity,Negative,18600.0,HLA-DPA1*01:03/DPB1*02:01,15
AWASACGGTGKNTIV,purified MHC/competitive/radioactivity,Negative,25900.0,HLA-DPA1*02:01/DPB1*05:01,15
AWASACGGTGKNTIV,purified MHC/competitive/radioactivity,Negative,46700.0,HLA-DPA1*01:03/DPB1*04:01,15
AWVDSGAQLGELYYA,purified MHC/competitive/radioactivity,Negative,23300.0,HLA-DPA1*02:01/DPB1*05:01,15
AYGIPKVPPGPNITA,purified MHC/competitive/radioactivity,Negative,24200.0,HLA-DPA1*02:01/DPB1*01:01,15
AYGIPKVPPGPNITA,purified MHC/competitive/radioactivity,Negative,46700.0,HLA-DPA1*03:01/DPB1*04:02,15
AYGIPKVPPGPNITA,purified MHC/competitive/radioactivity,Negative,24700.0,HLA-DPA1*01:03/DPB1*02:01,15
AYGIPKVPPGPNITA,purified MHC/competitive/radioactivity,Negative,46700.0,HLA-DPA1*02:01/DPB1*05:01,15
AYKTAEGATPEAKYD,purified MHC/competitive/radioactivity,Negative,40600.0,HLA-DPA1*02:01/DPB1*01:01,15
AYKTAEGATPEAKYD,purified MHC/competitive/radioactivity,Negative,46700.0,HLA-DPA1*01:03/DPB1*02:01,15
AYKTAEGATPEAKYD,purified MHC/competitive/radioactivity,Negative,46700.0,HLA-DPA1*02:01/DPB1*05:01,15
AYKTAEGATPEAKYD,purified MHC/competitive/radioactivity,Negative,46700.0,HLA-DPA1*01:03/DPB1*04:01,15
CGGTGKNTIVIPKGD,purified MHC/competitive/radioactivity,Negative,46700.0,HLA-DPA1*03:01/DPB1*04:02,15
CGGTGKNTIVIPKGD,purified MHC/competitive/radioactivity,Negative,21100.0,HLA-DPA1*02:01/DPB1*01:01,15
CGGTGKNTIVIPKGD,purified MHC/competitive/radioactivity,Negative,14600.0,HLA-DPA1*02:01/DPB1*05:01,15
CGGTGKNTIVIPKGD,purified MHC/competitive/radioactivity,Negative,46700.0,HLA-DPA1*01:03/DPB1*04:01,15
CGRRHSVRIRVRSGG,purified MHC/competitive/radioactivity,Negative,19900.0,HLA-DPA1*03:01/DPB1*04:02,15
CGRRHSVRIRVRSGG,purified MHC/competitive/radioactivity,Negative,31700.0,HLA-DPA1*02:01/DPB1*01:01,15
CGRRHSVRIRVRSGG,purified MHC/competitive/radioactivity,Negative,25300.0,HLA-DPA1*01:03/DPB1*04:01,15
CIPSLEAAVKQAYAA,purified MHC/competitive/radioactivity,Negative,18200.0,HLA-DPA1*03:01/DPB1*04:02,15
CIPSLEAAVKQAYAA,purified MHC/competitive/radioactivity,Negative,20500.0,HLA-DPA1*01:03/DPB1*02:01,15
CIPSLEAAVKQAYAA,purified MHC/competitive/radioactivity,Negative,25700.0,HLA-DPA1*01:03/DPB1*04:01,15
CNANPGLMKDVAKVF,purified MHC/competitive/radioactivity,Negative,12900.0,HLA-DPA1*02:01/DPB1*01:01,15
CNANPGLMKDVAKVF,purified MHC/competitive/radioactivity,Negative,10600.0,HLA-DPA1*01:03/DPB1*02:01,15
CNANPGLMKDVAKVF,purified MHC/competitive/radioactivity,Negative,46700.0,HLA-DPA1*01:03/DPB1*04:01,15
CSGEPVVVHITDDNE,purified MHC/competitive/radioactivity,Negative,27300.0,HLA-DPA1*03:01/DPB1*04:02,15
CSGEPVVVHITDDNE,purified MHC/competitive/radioactivity,Negative,31100.0,HLA-DPA1*02:01/DPB1*01:01,15
CSGEPVVVHITDDNE,purified MHC/competitive/radioactivity,Negative,46700.0,HLA-DPA1*01:03/DPB1*02:01,15
CSGEPVVVHITDDNE,purified MHC/competitive/radioactivity,Negative,46700.0,HLA-DPA1*02:01/DPB1*05:01,15
CSGEPVVVHITDDNE,purified MHC/competitive/radioactivity,Negative,46700.0,HLA-DPA1*01:03/DPB1*04:01,15
CTNAKVTAKGVSEAN,purified MHC/competitive/radioactivity,Negative,46700.0,HLA-DPA1*03:01/DPB1*04:02,15
CTNAKVTAKGVSEAN,purified MHC/competitive/radioactivity,Negative,25000.0,HLA-DPA1*02:01/DPB1*01:01,15
CTNAKVTAKGVSEAN,purified MHC/competitive/radioactivity,Negative,18100.0,HLA-DPA1*01:03/DPB1*02:01,15
CTNAKVTAKGVSEAN,purified MHC/competitive/radioactivity,Negative,26100.0,HLA-DPA1*02:01/DPB1*05:01,15
CTNAKVTAKGVSEAN,purified MHC/competitive/radioactivity,Negative,12400.0,HLA-DPA1*01:03/DPB1*04:01,15
CVPKVTFTVEKGSNE,purified MHC/competitive/radioactivity,Negative,28500.0,HLA-DPA1*03:01/DPB1*04:02,15
DCISIGPGSTGLNIT,purified MHC/competitive/radioactivity,Negative,27000.0,HLA-DPA1*03:01/DPB1*04:02,15
DCISIGPGSTGLNIT,purified MHC/competitive/radioactivity,Negative,18400.0,HLA-DPA1*02:01/DPB1*01:01,15
DCISIGPGSTGLNIT,purified MHC/competitive/radioactivity,Negative,17600.0,HLA-DPA1*02:01/DPB1*05:01,15
DCISIGPGSTGLNIT,purified MHC/competitive/radioactivity,Negative,11600.0,HLA-DPA1*01:03/DPB1*04:01,15
DDLMIRVIAQGPTAT,purified MHC/competitive/radioactivity,Negative,29200.0,HLA-DPA1*03:01/DPB1*04:02,15
DDLMIRVIAQGPTAT,purified MHC/competitive/radioactivity,Negative,40000.0,HLA-DPA1*02:01/DPB1*01:01,15
DDLMIRVIAQGPTAT,purified MHC/competitive/radioactivity,Negative,46700.0,HLA-DPA1*01:03/DPB1*02:01,15
DDLMIRVIAQGPTAT,purified MHC/competitive/radioactivity,Negative,46700.0,HLA-DPA1*02:01/DPB1*05:01,15
DDLMIRVIAQGPTAT,purified MHC/competitive/radioactivity,Negative,12700.0,HLA-DPA1*01:03/DPB1*04:01,15
DGQGKAVWGKNSCAK,purified MHC/competitive/radioactivity,Negative,31100.0,HLA-DPA1*02:01/DPB1*01:01,15
DGQGKAVWGKNSCAK,purified MHC/competitive/radioactivity,Negative,16200.0,HLA-DPA1*02:01/DPB1*05:01,15
DGQGKAVWGKNSCAK,purified MHC/competitive/radioactivity,Negative,46700.0,HLA-DPA1*01:03/DPB1*04:01,15
DGTYDITKLGAKPDG,purified MHC/competitive/radioactivity,Negative,14600.0,HLA-DPA1*03:01/DPB1*04:02,15
DGTYDITKLGAKPDG,purified MHC/competitive/radioactivity,Negative,12100.0,HLA-DPA1*01:03/DPB1*02:01,15
DGTYDITKLGAKPDG,purified MHC/competitive/radioactivity,Negative,21500.0,HLA-DPA1*02:01/DPB1*05:01,15
DGTYDITKLGAKPDG,purified MHC/competitive/radioactivity,Negative,37900.0,HLA-DPA1*01:03/DPB1*04:01,15
DIDLGRNEVVNDVST,purified MHC/competitive/radioactivity,Negative,42300.0,HLA-DPA1*02:01/DPB1*05:01,15
DIDLGRNEVVNDVST,purified MHC/competitive/radioactivity,Negative,40200.0,HLA-DPA1*01:03/DPB1*04:01,15
DINASFRAAMATTAN,purified MHC/competitive/radioactivity,Negative,12400.0,HLA-DPA1*02:01/DPB1*01:01,15
DINASFRAAMATTAN,purified MHC/competitive/radioactivity,Negative,12100.0,HLA-DPA1*01:03/DPB1*02:01,15
DINASFRAAMATTAN,purified MHC/competitive/radioactivity,Negative,46700.0,HLA-DPA1*02:01/DPB1*05:01,15
DINASFRAAMATTAN,purified MHC/competitive/radioactivity,Negative,10100.0,HLA-DPA1*01:03/DPB1*04:01,15
DITVKNCVLKKSTNG,purified MHC/competitive/radioactivity,Negative,10100.0,HLA-DPA1*03:01/DPB1*04:02,15
DITVKNCVLKKSTNG,purified MHC/competitive/radioactivity,Negative,30100.0,HLA-DPA1*02:01/DPB1*01:01,15
DITVKNCVLKKSTNG,purified MHC/competitive/radioactivity,Negative,46700.0,HLA-DPA1*01:03/DPB1*04:01,15
DKGPGFVVTGRVYCD,purified MHC/competitive/radioactivity,Negative,46700.0,HLA-DPA1*03:01/DPB1*04:02,15
DKGPGFVVTGRVYCD,purified MHC/competitive/radioactivity,Negative,46700.0,HLA-DPA1*02:01/DPB1*01:01,15
DKGPGFVVTGRVYCD,purified MHC/competitive/radioactivity,Negative,32000.0,HLA-DPA1*01:03/DPB1*02:01,15
DKGPGFVVTGRVYCD,purified MHC/competitive/radioactivity,Negative,30600.0,HLA-DPA1*02:01/DPB1*05:01,15
DKLTGPFTVRYTTEG,purified MHC/competitive/radioactivity,Negative,17000.0,HLA-DPA1*02:01/DPB1*01:01,15
DKLTGPFTVRYTTEG,purified MHC/competitive/radioactivity,Negative,12600.0,HLA-DPA1*01:03/DPB1*02:01,15
DKLTGPFTVRYTTEG,purified MHC/competitive/radioactivity,Negative,46700.0,HLA-DPA1*02:01/DPB1*05:01,15
DKLTGPFTVRYTTEG,purified MHC/competitive/radioactivity,Negative,31000.0,HLA-DPA1*01:03/DPB1*04:01,15
DLGRNEVVNDVSTFS,purified MHC/competitive/radioactivity,Negative,24000.0,HLA-DPA1*03:01/DPB1*04:02,15
DLGRNEVVNDVSTFS,purified MHC/competitive/radioactivity,Negative,20000.0,HLA-DPA1*02:01/DPB1*01:01,15
DLGRNEVVNDVSTFS,purified MHC/competitive/radioactivity,Negative,10300.0,HLA-DPA1*01:03/DPB1*02:01,15
DLGRNEVVNDVSTFS,purified MHC/competitive/radioactivity,Negative,42300.0,HLA-DPA1*02:01/DPB1*05:01,15
DLGRNEVVNDVSTFS,purified MHC/competitive/radioactivity,Negative,46700.0,HLA-DPA1*01:03/DPB1*04:01,15
DLGYAPATPAAPGAG,purified MHC/competitive/radioactivity,Negative,10800.0,HLA-DPA1*02:01/DPB1*01:01,15
DLGYAPATPAAPGAG,purified MHC/competitive/radioactivity,Negative,18300.0,HLA-DPA1*01:03/DPB1*02:01,15
DLGYAPATPAAPGAG,purified MHC/competitive/radioactivity,Negative,34900.0,HLA-DPA1*02:01/DPB1*05:01,15
DLGYAPATPAAPGAG,purified MHC/competitive/radioactivity,Negative,10500.0,HLA-DPA1*01:03/DPB1*04:01,15
DLGYAPATPAAPGAG,purified MHC/competitive/radioactivity,Negative,38500.0,HLA-DPA1*03:01/DPB1*04:02,15
DVNASFRAAMATTAN,purified MHC/competitive/radioactivity,Negative,22600.0,HLA-DPA1*02:01/DPB1*01:01,15
DVNASFRAAMATTAN,purified MHC/competitive/radioactivity,Negative,18900.0,HLA-DPA1*01:03/DPB1*02:01,15
DVNASFRAAMATTAN,purified MHC/competitive/radioactivity,Negative,46700.0,HLA-DPA1*02:01/DPB1*05:01,15
DVNASFRAAMATTAN,purified MHC/competitive/radioactivity,Negative,10700.0,HLA-DPA1*01:03/DPB1*04:01,15
DVTITAPGDSPNTDG,purified MHC/competitive/radioactivity,Negative,46700.0,HLA-DPA1*03:01/DPB1*04:02,15
DVTITAPGDSPNTDG,purified MHC/competitive/radioactivity,Negative,34900.0,HLA-DPA1*02:01/DPB1*01:01,15
DVTITAPGDSPNTDG,purified MHC/competitive/radioactivity,Negative,46700.0,HLA-DPA1*01:03/DPB1*02:01,15
DVTITAPGDSPNTDG,purified MHC/competitive/radioactivity,Negative,46700.0,HLA-DPA1*02:01/DPB1*05:01,15
DVTITAPGDSPNTDG,purified MHC/competitive/radioactivity,Negative,35800.0,HLA-DPA1*01:03/DPB1*04:01,15
DVVPEKYTIGATYAP,purified MHC/competitive/radioactivity,Negative,10300.0,HLA-DPA1*03:01/DPB1*04:02,15
EAAFNKAIKESTGGA,purified MHC/competitive/radioactivity,Negative,33000.0,HLA-DPA1*02:01/DPB1*01:01,15
EAAFNKAIKESTGGA,purified MHC/competitive/radioactivity,Negative,46700.0,HLA-DPA1*01:03/DPB1*02:01,15
EAAFNKAIKESTGGA,purified MHC/competitive/radioactivity,Negative,11800.0,HLA-DPA1*02:01/DPB1*05:01,15
EAAFNKAIKESTGGA,purified MHC/competitive/radioactivity,Negative,46700.0,HLA-DPA1*01:03/DPB1*04:01,15
EAAFTVSSKRNLADA,purified MHC/competitive/radioactivity,Negative,21500.0,HLA-DPA1*01:03/DPB1*04:02,15
EAAVKQAYAATVAAA,purified MHC/competitive/radioactivity,Negative,11000.0,HLA-DPA1*03:01/DPB1*04:02,15
EAAVKQAYAATVAAA,purified MHC/competitive/radioactivity,Negative,11300.0,HLA-DPA1*01:03/DPB1*02:01,15
EAAVKQAYAATVAAA,purified MHC/competitive/radioactivity,Negative,10400.0,HLA-DPA1*02:01/DPB1*05:01,15
EAAVKQAYAATVAAA,purified MHC/competitive/radioactivity,Negative,11400.0,HLA-DPA1*01:03/DPB1*04:01,15
EAGKATTEEQKLIED,purified MHC/competitive/radioactivity,Negative,23900.0,HLA-DPA1*03:01/DPB1*04:02,15
EAGKATTEEQKLIED,purified MHC/competitive/radioactivity,Negative,11500.0,HLA-DPA1*02:01/DPB1*05:01,15
EAGKATTEEQKLIED,purified MHC/competitive/radioactivity,Negative,46700.0,HLA-DPA1*01:03/DPB1*04:01,15
EATTDGLGWYKIEID,purified MHC/competitive/radioactivity,Negative,34000.0,HLA-DPA1*01:03/DPB1*04:01,15
EAVSLLCSDKQPCNG,purified MHC/competitive/radioactivity,Negative,18400.0,HLA-DPA1*02:01/DPB1*01:01,15
EAVSLLCSDKQPCNG,purified MHC/competitive/radioactivity,Negative,24100.0,HLA-DPA1*02:01/DPB1*05:01,15
EAVSLLCSDKQPCNG,purified MHC/competitive/radioactivity,Negative,28900.0,HLA-DPA1*01:03/DPB1*04:01,15
ECGGILQAYDLRDAP,purified MHC/competitive/radioactivity,Negative,10100.0,HLA-DPA1*02:01/DPB1*05:01,15
EDDLLNRNNTFKPFA,purified MHC/competitive/radioactivity,Negative,46700.0,HLA-DPA1*03:01/DPB1*04:02,15
EDDLLNRNNTFKPFA,purified MHC/competitive/radioactivity,Negative,25900.0,HLA-DPA1*02:01/DPB1*01:01,15
EDDLLNRNNTFKPFA,purified MHC/competitive/radioactivity,Negative,13100.0,HLA-DPA1*02:01/DPB1*05:01,15
EDDLLNRNNTFKPFA,purified MHC/competitive/radioactivity,Negative,17700.0,HLA-DPA1*01:03/DPB1*04:01,15
EDVGYPIIIDQKYCP,purified MHC/competitive/radioactivity,Negative,21500.0,HLA-DPA1*02:01/DPB1*01:01,15
EDVGYPIIIDQKYCP,purified MHC/competitive/radioactivity,Negative,21000.0,HLA-DPA1*01:03/DPB1*04:01,15
EEWEPLTKKGNVWEV,purified MHC/competitive/radioactivity,Negative,46700.0,HLA-DPA1*03:01/DPB1*04:02,15
EEWEPLTKKGNVWEV,purified MHC/competitive/radioactivity,Negative,23400.0,HLA-DPA1*02:01/DPB1*01:01,15
EEWEPLTKKGNVWEV,purified MHC/competitive/radioactivity,Negative,46700.0,HLA-DPA1*01:03/DPB1*02:01,15
EEWEPLTKKGNVWEV,purified MHC/competitive/radioactivity,Negative,32600.0,HLA-DPA1*02:01/DPB1*05:01,15
EGATPEAKYDAYVAT,purified MHC/competitive/radioactivity,Negative,46700.0,HLA-DPA1*03:01/DPB1*04:02,15
EGATPEAKYDAYVAT,purified MHC/competitive/radioactivity,Negative,33400.0,HLA-DPA1*02:01/DPB1*01:01,15
EGATPEAKYDAYVAT,purified MHC/competitive/radioactivity,Negative,14600.0,HLA-DPA1*01:03/DPB1*02:01,15
EGATPEAKYDAYVAT,purified MHC/competitive/radioactivity,Negative,46700.0,HLA-DPA1*01:03/DPB1*04:01,15
EGHHLASAAIFGHDG,purified MHC/competitive/radioactivity,Negative,23200.0,HLA-DPA1*02:01/DPB1*05:01,15
EGHHLASAAIFGHDG,purified MHC/competitive/radioactivity,Negative,46700.0,HLA-DPA1*01:03/DPB1*04:02,15
EGTKVTFHVEKGSNP,purified MHC/competitive/radioactivity,Negative,10500.0,HLA-DPA1*03:01/DPB1*04:02,15
EGTKVTFHVEKGSNP,purified MHC/competitive/radioactivity,Negative,25800.0,HLA-DPA1*01:03/DPB1*04:01,15
EHGSDEWVAMTKGEG,purified MHC/competitive/radioactivity,Negative,22500.0,HLA-DPA1*03:01/DPB1*04:02,15
EHGSDEWVAMTKGEG,purified MHC/competitive/radioactivity,Negative,29700.0,HLA-DPA1*02:01/DPB1*01:01,15
EHGSDEWVAMTKGEG,purified MHC/competitive/radioactivity,Negative,33600.0,HLA-DPA1*01:03/DPB1*02:01,15
EHGSDEWVAMTKGEG,purified MHC/competitive/radioactivity,Negative,46700.0,HLA-DPA1*02:01/DPB1*05:01,15
EHGSDEWVAMTKGEG,purified MHC/competitive/radioactivity,Negative,46700.0,HLA-DPA1*01:03/DPB1*04:01,15
EICEVVLAKSPDTTC,purified MHC/competitive/radioactivity,Negative,13400.0,HLA-DPA1*02:01/DPB1*05:01,15
EICEVVLAKSPDTTC,purified MHC/competitive/radioactivity,Negative,46700.0,HLA-DPA1*01:03/DPB1*04:01,15
EIDTDGDGFIDFNEF,purified MHC/competitive/radioactivity,Negative,18000.0,HLA-DPA1*03:01/DPB1*04:02,15
EITGIMKDFDEPGHL,purified MHC/competitive/radioactivity,Negative,23100.0,HLA-DPA1*03:01/DPB1*04:02,15
EITGIMKDFDEPGHL,purified MHC/competitive/radioactivity,Negative,20900.0,HLA-DPA1*02:01/DPB1*01:01,15
EITGIMKDFDEPGHL,purified MHC/competitive/radioactivity,Negative,24500.0,HLA-DPA1*01:03/DPB1*02:01,15
EITGIMKDFDEPGHL,purified MHC/competitive/radioactivity,Negative,46700.0,HLA-DPA1*02:01/DPB1*05:01,15
EITGIMKDFDEPGHL,purified MHC/competitive/radioactivity,Negative,46700.0,HLA-DPA1*01:03/DPB1*04:01,15
EITGIMKDLDEPGHL,purified MHC/competitive/radioactivity,Negative,23500.0,HLA-DPA1*03:01/DPB1*04:02,15
EITGIMKDLDEPGHL,purified MHC/competitive/radioactivity,Negative,34400.0,HLA-DPA1*02:01/DPB1*01:01,15
EITGIMKDLDEPGHL,purified MHC/competitive/radioactivity,Negative,36400.0,HLA-DPA1*01:03/DPB1*02:01,15
EITGIMKDLDEPGHL,purified MHC/competitive/radioactivity,Negative,38400.0,HLA-DPA1*02:01/DPB1*05:01,15
EITGIMKDLDEPGHL,purified MHC/competitive/radioactivity,Negative,46700.0,HLA-DPA1*01:03/DPB1*04:01,15
EKDVTDITVKNCVLK,purified MHC/competitive/radioactivity,Negative,33100.0,HLA-DPA1*02:01/DPB1*01:01,15
EKDVTDITVKNCVLK,purified MHC/competitive/radioactivity,Negative,23600.0,HLA-DPA1*01:03/DPB1*02:01,15
EKDVTDITVKNCVLK,purified MHC/competitive/radioactivity,Negative,46700.0,HLA-DPA1*01:03/DPB1*04:01,15
EKVDAAFKVAATAAN,purified MHC/competitive/radioactivity,Negative,21800.0,HLA-DPA1*03:01/DPB1*04:02,15
EKVDAAFKVAATAAN,purified MHC/competitive/radioactivity,Negative,11700.0,HLA-DPA1*02:01/DPB1*01:01,15
EKVDAAFKVAATAAN,purified MHC/competitive/radioactivity,Negative,39600.0,HLA-DPA1*01:03/DPB1*04:01,15
ELKESWGAIWRIDTP,purified MHC/competitive/radioactivity,Negative,30800.0,HLA-DPA1*03:01/DPB1*04:02,15
ELKESWGAIWRIDTP,purified MHC/competitive/radioactivity,Negative,12300.0,HLA-DPA1*02:01/DPB1*01:01,15
ELKESWGAIWRIDTP,purified MHC/competitive/radioactivity,Negative,17900.0,HLA-DPA1*02:01/DPB1*05:01,15
ENVIDVKLVDANGKL,purified MHC/competitive/radioactivity,Negative,40400.0,HLA-DPA1*01:03/DPB1*04:01,15
EPGHLAPTGMFVAAA,purified MHC/competitive/radioactivity,Negative,22000.0,HLA-DPA1*02:01/DPB1*05:01,15
EPGHLAPTGMFVAGA,purified MHC/competitive/radioactivity,Negative,13900.0,HLA-DPA1*02:01/DPB1*01:01,15
EPGHLAPTGMFVAGA,purified MHC/competitive/radioactivity,Negative,30300.0,HLA-DPA1*02:01/DPB1*05:01,15
EPIAAYHFDLSGIAF,purified MHC/competitive/radioactivity,Negative,27900.0,HLA-DPA1*02:01/DPB1*05:01,15
EPIAPYHFDLSGHAF,purified MHC/competitive/radioactivity,Negative,46700.0,HLA-DPA1*02:01/DPB1*05:01,15
ERIFKRFDTNGDGKI,purified MHC/competitive/radioactivity,Negative,38400.0,HLA-DPA1*03:01/DPB1*04:02,15
ERIFKRFDTNGDGKI,purified MHC/competitive/radioactivity,Negative,18600.0,HLA-DPA1*02:01/DPB1*01:01,15
ERIFKRFDTNGDGKI,purified MHC/competitive/radioactivity,Negative,18800.0,HLA-DPA1*02:01/DPB1*05:01,15
ERIFKRFDTNGDGKI,purified MHC/competitive/radioactivity,Negative,46700.0,HLA-DPA1*01:03/DPB1*04:01,15
EVELREHGSDEWVAM,purified MHC/competitive/radioactivity,Negative,37000.0,HLA-DPA1*03:01/DPB1*04:02,15
EVELREHGSDEWVAM,purified MHC/competitive/radioactivity,Negative,15800.0,HLA-DPA1*02:01/DPB1*01:01,15
EVELREHGSDEWVAM,purified MHC/competitive/radioactivity,Negative,38300.0,HLA-DPA1*01:03/DPB1*02:01,15
EVELREHGSDEWVAM,purified MHC/competitive/radioactivity,Negative,46700.0,HLA-DPA1*02:01/DPB1*05:01,15
EVELREHGSDEWVAM,purified MHC/competitive/radioactivity,Negative,27200.0,HLA-DPA1*01:03/DPB1*04:01,15
EVIPTAFKIGKTYTP,purified MHC/competitive/radioactivity,Negative,25300.0,HLA-DPA1*01:03/DPB1*04:01,15
EVLKGPFTVRYTTEG,purified MHC/competitive/radioactivity,Negative,46700.0,HLA-DPA1*02:01/DPB1*05:01,15
EVQKVSQPATGAATV,purified MHC/competitive/radioactivity,Negative,36200.0,HLA-DPA1*01:03/DPB1*04:01,15
EWATPFPHRKGVLFN,purified MHC/competitive/radioactivity,Negative,18900.0,HLA-DPA1*03:01/DPB1*04:02,15
EWATPFPHRKGVLFN,purified MHC/competitive/radioactivity,Negative,17100.0,HLA-DPA1*02:01/DPB1*01:01,15
EWATPFPHRKGVLFN,purified MHC/competitive/radioactivity,Negative,21400.0,HLA-DPA1*01:03/DPB1*02:01,15
EWATPFPHRKGVLFN,purified MHC/competitive/radioactivity,Negative,13400.0,HLA-DPA1*02:01/DPB1*05:01,15
EWVAMTKGEGGVWTF,purified MHC/competitive/radioactivity,Negative,46700.0,HLA-DPA1*03:01/DPB1*04:02,15
EWVAMTKGEGGVWTF,purified MHC/competitive/radioactivity,Negative,46700.0,HLA-DPA1*02:01/DPB1*01:01,15
EWVAMTKGEGGVWTF,purified MHC/competitive/radioactivity,Negative,46700.0,HLA-DPA1*01:03/DPB1*02:01,15
EWVAMTKGEGGVWTF,purified MHC/competitive/radioactivity,Negative,46700.0,HLA-DPA1*02:01/DPB1*05:01,15
EWVAMTKGEGGVWTF,purified MHC/competitive/radioactivity,Negative,46700.0,HLA-DPA1*01:03/DPB1*04:01,15
FAGAWCVPKVTFTVE,purified MHC/competitive/radioactivity,Negative,14700.0,HLA-DPA1*01:03/DPB1*02:01,15
FAGAWCVPKVTFTVE,purified MHC/competitive/radioactivity,Negative,46700.0,HLA-DPA1*02:01/DPB1*05:01,15
FDPYGATISATPESA,purified MHC/competitive/radioactivity,Negative,34700.0,HLA-DPA1*03:01/DPB1*04:02,15
FDPYGATISATPESA,purified MHC/competitive/radioactivity,Negative,24600.0,HLA-DPA1*02:01/DPB1*01:01,15
FDPYGATISATPESA,purified MHC/competitive/radioactivity,Negative,39800.0,HLA-DPA1*01:03/DPB1*02:01,15
FDPYGATISATPESA,purified MHC/competitive/radioactivity,Negative,46700.0,HLA-DPA1*02:01/DPB1*05:01,15
FEAAFNDAIKASTGG,purified MHC/competitive/radioactivity,Negative,30600.0,HLA-DPA1*03:01/DPB1*04:02,15
FEAAFNDAIKASTGG,purified MHC/competitive/radioactivity,Negative,41300.0,HLA-DPA1*01:03/DPB1*02:01,15
FEAAFNDAIKASTGG,purified MHC/competitive/radioactivity,Negative,28400.0,HLA-DPA1*01:03/DPB1*04:01,15
FEAMYLGTCQTLTPM,purified MHC/competitive/radioactivity,Negative,33500.0,HLA-DPA1*02:01/DPB1*05:01,15
FEIKCTKPEACSGEP,purified MHC/competitive/radioactivity,Negative,46700.0,HLA-DPA1*03:01/DPB1*04:02,15
FEIKCTKPEACSGEP,purified MHC/competitive/radioactivity,Negative,46700.0,HLA-DPA1*02:01/DPB1*01:01,15
FEIKCTKPEACSGEP,purified MHC/competitive/radioactivity,Negative,46700.0,HLA-DPA1*01:03/DPB1*02:01,15
FEIKCTKPEACSGEP,purified MHC/competitive/radioactivity,Negative,46700.0,HLA-DPA1*02:01/DPB1*05:01,15
FEIKCTKPEACSGEP,purified MHC/competitive/radioactivity,Negative,34500.0,HLA-DPA1*01:03/DPB1*04:01,15
FETNVSHNVQGATVA,purified MHC/competitive/radioactivity,Negative,31600.0,HLA-DPA1*03:01/DPB1*04:02,15
FETNVSHNVQGATVA,purified MHC/competitive/radioactivity,Negative,35700.0,HLA-DPA1*02:01/DPB1*01:01,15
FETNVSHNVQGATVA,purified MHC/competitive/radioactivity,Negative,28900.0,HLA-DPA1*01:03/DPB1*02:01,15
FETNVSHNVQGATVA,purified MHC/competitive/radioactivity,Negative,46700.0,HLA-DPA1*02:01/DPB1*05:01,15
FGHDGTVWAQSADFP,purified MHC/competitive/radioactivity,Negative,29700.0,HLA-DPA1*03:01/DPB1*04:02,15
FGHDGTVWAQSADFP,purified MHC/competitive/radioactivity,Negative,27200.0,HLA-DPA1*02:01/DPB1*01:01,15
FGHDGTVWAQSADFP,purified MHC/competitive/radioactivity,Negative,12800.0,HLA-DPA1*02:01/DPB1*05:01,15
FGHDGTVWAQSADFP,purified MHC/competitive/radioactivity,Negative,26800.0,HLA-DPA1*01:03/DPB1*04:01,15
FKPFAEYKSDYVYEP,purified MHC/competitive/radioactivity,Negative,10700.0,HLA-DPA1*03:01/DPB1*04:02,15
FKPFAEYKSDYVYEP,purified MHC/competitive/radioactivity,Negative,39300.0,HLA-DPA1*02:01/DPB1*05:01,15
FKSGRGCGSCFEIKC,purified MHC/competitive/radioactivity,Negative,46700.0,HLA-DPA1*03:01/DPB1*04:02,15
FKSGRGCGSCFEIKC,purified MHC/competitive/radioactivity,Negative,46700.0,HLA-DPA1*02:01/DPB1*01:01,15
FKSGRGCGSCFEIKC,purified MHC/competitive/radioactivity,Negative,36400.0,HLA-DPA1*01:03/DPB1*02:01,15
FKSGRGCGSCFEIKC,purified MHC/competitive/radioactivity,Negative,46700.0,HLA-DPA1*02:01/DPB1*05:01,15
FKSGRGCGSCFEIKC,purified MHC/competitive/radioactivity,Negative,12500.0,HLA-DPA1*01:03/DPB1*04:01,15
FKVAATAAATAPADD,purified MHC/competitive/radioactivity,Negative,25100.0,HLA-DPA1*03:01/DPB1*04:02,15
FKVAATAAATAPADD,purified MHC/competitive/radioactivity,Negative,13300.0,HLA-DPA1*02:01/DPB1*01:01,15
FKVAATAAATAPADD,purified MHC/competitive/radioactivity,Negative,10900.0,HLA-DPA1*02:01/DPB1*05:01,15
FKVAATAAATAPADD,purified MHC/competitive/radioactivity,Negative,46700.0,HLA-DPA1*01:03/DPB1*04:01,15
FLAVALVAGPAGSYA,purified MHC/competitive/radioactivity,Negative,29500.0,HLA-DPA1*02:01/DPB1*01:01,15
FLAVALVAGPAGSYA,purified MHC/competitive/radioactivity,Negative,46700.0,HLA-DPA1*01:03/DPB1*04:01,15
FLAVAVVLGLATSPT,purified MHC/competitive/radioactivity,Negative,17400.0,HLA-DPA1*02:01/DPB1*01:01,15
FLAVAVVLGLATSPT,purified MHC/competitive/radioactivity,Negative,14100.0,HLA-DPA1*02:01/DPB1*05:01,15
FLAVAVVLGLATSPT,purified MHC/competitive/radioactivity,Negative,29300.0,HLA-DPA1*01:03/DPB1*04:01,15
FLTGPLNFTGPCKGD,purified MHC/competitive/radioactivity,Negative,12800.0,HLA-DPA1*02:01/DPB1*01:01,15
FLTGPLNFTGPCKGD,purified MHC/competitive/radioactivity,Negative,34400.0,HLA-DPA1*01:03/DPB1*04:01,15
FNGGESKLKAEATTD,purified MHC/competitive/radioactivity,Negative,31400.0,HLA-DPA1*03:01/DPB1*04:02,15
FNGGESKLKAEATTD,purified MHC/competitive/radioactivity,Negative,15400.0,HLA-DPA1*02:01/DPB1*01:01,15
FNGGESKLKAEATTD,purified MHC/competitive/radioactivity,Negative,17700.0,HLA-DPA1*01:03/DPB1*02:01,15
FNGGESKLKAEATTD,purified MHC/competitive/radioactivity,Negative,46700.0,HLA-DPA1*02:01/DPB1*05:01,15
FNGGESKLKAEATTD,purified MHC/competitive/radioactivity,Negative,46700.0,HLA-DPA1*01:03/DPB1*04:01,15
FNIQYVNYWFAPGAA,purified MHC/competitive/radioactivity,Negative,12200.0,HLA-DPA1*01:03/DPB1*04:01,15
FRAAMATTANVPPAD,purified MHC/competitive/radioactivity,Negative,46700.0,HLA-DPA1*03:01/DPB1*04:02,15
FRAAMATTANVPPAD,purified MHC/competitive/radioactivity,Negative,46700.0,HLA-DPA1*02:01/DPB1*01:01,15
FRAAMATTANVPPAD,purified MHC/competitive/radioactivity,Negative,32800.0,HLA-DPA1*01:03/DPB1*02:01,15
FRAAMATTANVPPAD,purified MHC/competitive/radioactivity,Negative,46700.0,HLA-DPA1*02:01/DPB1*05:01,15
FRAAMATTANVPPAD,purified MHC/competitive/radioactivity,Negative,24100.0,HLA-DPA1*01:03/DPB1*04:01,15
FRDRARVPLTSNNGI,purified MHC/competitive/radioactivity,Negative,12400.0,HLA-DPA1*02:01/DPB1*05:01,15
FRDRARVPLTSNNGI,purified MHC/competitive/radioactivity,Negative,46700.0,HLA-DPA1*01:03/DPB1*04:01,15
FTVQKGSDPKKLVLD,purified MHC/competitive/radioactivity,Negative,43800.0,HLA-DPA1*03:01/DPB1*04:02,15
FTVQKGSDPKKLVLD,purified MHC/competitive/radioactivity,Negative,13200.0,HLA-DPA1*02:01/DPB1*01:01,15
FTVQKGSDPKKLVLD,purified MHC/competitive/radioactivity,Negative,46700.0,HLA-DPA1*01:03/DPB1*02:01,15
FTVQKGSDPKKLVLD,purified MHC/competitive/radioactivity,Negative,18600.0,HLA-DPA1*02:01/DPB1*05:01,15
FTVQKGSDPKKLVLD,purified MHC/competitive/radioactivity,Negative,26500.0,HLA-DPA1*01:03/DPB1*04:01,15
FTVQKGSDPKKLVLN,purified MHC/competitive/radioactivity,Negative,46700.0,HLA-DPA1*03:01/DPB1*04:02,15
FTVQKGSDPKKLVLN,purified MHC/competitive/radioactivity,Negative,21200.0,HLA-DPA1*02:01/DPB1*01:01,15
FTVQKGSDPKKLVLN,purified MHC/competitive/radioactivity,Negative,46700.0,HLA-DPA1*01:03/DPB1*02:01,15
FTVQKGSDPKKLVLN,purified MHC/competitive/radioactivity,Negative,32800.0,HLA-DPA1*02:01/DPB1*05:01,15
FTVQKGSDPKKLVLN,purified MHC/competitive/radioactivity,Negative,25900.0,HLA-DPA1*01:03/DPB1*04:01,15
FVHLGHRDNIEDDLL,purified MHC/competitive/radioactivity,Negative,45800.0,HLA-DPA1*02:01/DPB1*05:01,15
FVHLGHRDNIEDDLL,purified MHC/competitive/radioactivity,Negative,12900.0,HLA-DPA1*01:03/DPB1*04:01,15
FVVTGRVYCDPCRAG,purified MHC/competitive/radioactivity,Negative,13500.0,HLA-DPA1*02:01/DPB1*01:01,15
FVVTGRVYCDPCRAG,purified MHC/competitive/radioactivity,Negative,13200.0,HLA-DPA1*01:03/DPB1*02:01,15
FVVTGRVYCDPCRAG,purified MHC/competitive/radioactivity,Negative,46700.0,HLA-DPA1*01:03/DPB1*04:01,15
FWAVRGGGGESFGIV,purified MHC/competitive/radioactivity,Negative,27400.0,HLA-DPA1*03:01/DPB1*04:02,15
GAATVAAGAATTAAG,purified MHC/competitive/radioactivity,Negative,46700.0,HLA-DPA1*03:01/DPB1*04:02,15
GAATVAAGAATTAAG,purified MHC/competitive/radioactivity,Negative,14100.0,HLA-DPA1*02:01/DPB1*01:01,15
GAATVAAGAATTAAG,purified MHC/competitive/radioactivity,Negative,29700.0,HLA-DPA1*01:03/DPB1*02:01,15
GAATVAAGAATTAAG,purified MHC/competitive/radioactivity,Negative,28700.0,HLA-DPA1*01:03/DPB1*04:01,15
GAGAAPLSWSKEIYN,purified MHC/competitive/radioactivity,Negative,26400.0,HLA-DPA1*02:01/DPB1*05:01,15
GAGAAPLSWSKEIYN,purified MHC/competitive/radioactivity,Negative,21200.0,HLA-DPA1*01:03/DPB1*04:01,15
GAMAKKGDEQKLRSA,purified MHC/competitive/radioactivity,Negative,24700.0,HLA-DPA1*02:01/DPB1*05:01,15
GAMAKKGDEQKLRSA,purified MHC/competitive/radioactivity,Negative,46700.0,HLA-DPA1*01:03/DPB1*04:01,15
GATVAVDCRPFNGGE,purified MHC/competitive/radioactivity,Negative,46700.0,HLA-DPA1*03:01/DPB1*04:02,15
GATVAVDCRPFNGGE,purified MHC/competitive/radioactivity,Negative,26400.0,HLA-DPA1*02:01/DPB1*01:01,15
GATVAVDCRPFNGGE,purified MHC/competitive/radioactivity,Negative,46700.0,HLA-DPA1*02:01/DPB1*05:01,15
GATVAVDCRPFNGGE,purified MHC/competitive/radioactivity,Negative,46700.0,HLA-DPA1*01:03/DPB1*04:01,15
GAVDIINKWQVVAPQ,purified MHC/competitive/radioactivity,Negative,18100.0,HLA-DPA1*03:01/DPB1*04:02,15
GAVDIINKWQVVAPQ,purified MHC/competitive/radioactivity,Negative,15900.0,HLA-DPA1*02:01/DPB1*01:01,15
GAVDIINKWQVVAPQ,purified MHC/competitive/radioactivity,Negative,46700.0,HLA-DPA1*02:01/DPB1*05:01,15
GCGSCFEIKCTKPEA,purified MHC/competitive/radioactivity,Negative,46700.0,HLA-DPA1*03:01/DPB1*04:02,15
GCGSCFEIKCTKPEA,purified MHC/competitive/radioactivity,Negative,46700.0,HLA-DPA1*02:01/DPB1*01:01,15
GCGSCFEIKCTKPEA,purified MHC/competitive/radioactivity,Negative,46700.0,HLA-DPA1*01:03/DPB1*02:01,15
GCGSCFEIKCTKPEA,purified MHC/competitive/radioactivity,Negative,46700.0,HLA-DPA1*02:01/DPB1*05:01,15
GCGSCFEIKCTKPEA,purified MHC/competitive/radioactivity,Negative,16100.0,HLA-DPA1*01:03/DPB1*04:01,15
GDGKISLSELTDALR,purified MHC/competitive/radioactivity,Negative,21800.0,HLA-DPA1*02:01/DPB1*05:01,15
GDTMAEVELREHGSD,purified MHC/competitive/radioactivity,Negative,46700.0,HLA-DPA1*02:01/DPB1*05:01,15
GEPKGAAESSSKAAL,purified MHC/competitive/radioactivity,Negative,26500.0,HLA-DPA1*03:01/DPB1*04:02,15
GEPKGAAESSSKAAL,purified MHC/competitive/radioactivity,Negative,22900.0,HLA-DPA1*02:01/DPB1*01:01,15
GEPKGAAESSSKAAL,purified MHC/competitive/radioactivity,Negative,35400.0,HLA-DPA1*01:03/DPB1*02:01,15
GEPKGAAESSSKAAL,purified MHC/competitive/radioactivity,Negative,46700.0,HLA-DPA1*02:01/DPB1*05:01,15
GEPKGAAESSSKAAL,purified MHC/competitive/radioactivity,Negative,19500.0,HLA-DPA1*01:03/DPB1*04:01,15
GEVEIQFRRVKCKYP,purified MHC/competitive/radioactivity,Negative,15000.0,HLA-DPA1*03:01/DPB1*04:02,15
GGACGYKDVDKPPFS,purified MHC/competitive/radioactivity,Negative,18300.0,HLA-DPA1*03:01/DPB1*04:02,15
GGACGYKDVDKPPFS,purified MHC/competitive/radioactivity,Negative,36700.0,HLA-DPA1*02:01/DPB1*01:01,15
GGACGYKDVDKPPFS,purified MHC/competitive/radioactivity,Negative,46700.0,HLA-DPA1*01:03/DPB1*02:01,15
GGACGYKDVDKPPFS,purified MHC/competitive/radioactivity,Negative,46700.0,HLA-DPA1*02:01/DPB1*05:01,15
GGACGYKDVDKPPFS,purified MHC/competitive/radioactivity,Negative,30500.0,HLA-DPA1*01:03/DPB1*04:01,15
GGESFGIVVAWKVRL,purified MHC/competitive/radioactivity,Negative,11600.0,HLA-DPA1*03:01/DPB1*04:02,15
GGESFGIVVAWKVRL,purified MHC/competitive/radioactivity,Negative,10500.0,HLA-DPA1*02:01/DPB1*05:01,15
GGGFGMLLRKYGIAA,purified MHC/competitive/radioactivity,Negative,22600.0,HLA-DPA1*03:01/DPB1*04:02,15
GGGFGMLLRKYGIAA,purified MHC/competitive/radioactivity,Negative,10900.0,HLA-DPA1*01:03/DPB1*04:01,15
GILQAYDLRDAPETP,purified MHC/competitive/radioactivity,Negative,38200.0,HLA-DPA1*01:03/DPB1*04:01,15
GKARTAWVDSGAQLG,purified MHC/competitive/radioactivity,Negative,24200.0,HLA-DPA1*03:01/DPB1*04:02,15
GKARTAWVDSGAQLG,purified MHC/competitive/radioactivity,Negative,46200.0,HLA-DPA1*02:01/DPB1*05:01,15
GKARTAWVDSGAQLG,purified MHC/competitive/radioactivity,Negative,13100.0,HLA-DPA1*01:03/DPB1*04:01,15
GKGTLDGQGKAVWGK,purified MHC/competitive/radioactivity,Negative,16600.0,HLA-DPA1*02:01/DPB1*01:01,15
GKGTLDGQGKAVWGK,purified MHC/competitive/radioactivity,Negative,17400.0,HLA-DPA1*02:01/DPB1*05:01,15
GKGTLDGQGKAVWGK,purified MHC/competitive/radioactivity,Negative,46700.0,HLA-DPA1*01:03/DPB1*04:01,15
GKKEEKKEEKKESGD,purified MHC/competitive/radioactivity,Negative,10300.0,HLA-DPA1*02:01/DPB1*01:01,15
GKKEEKKEEKKESGD,purified MHC/competitive/radioactivity,Negative,46700.0,HLA-DPA1*02:01/DPB1*05:01,15
GKKEEKKEEKKESGD,purified MHC/competitive/radioactivity,Negative,23200.0,HLA-DPA1*01:03/DPB1*04:01,15
GKWLDAKSTWYGKPT,purified MHC/competitive/radioactivity,Negative,26800.0,HLA-DPA1*03:01/DPB1*04:02,15
GKWLDAKSTWYGKPT,purified MHC/competitive/radioactivity,Negative,11400.0,HLA-DPA1*02:01/DPB1*05:01,15
GLGWYKIEIDQDHQE,purified MHC/competitive/radioactivity,Negative,32400.0,HLA-DPA1*02:01/DPB1*05:01,15
GLGWYKIEIDQDHQE,purified MHC/competitive/radioactivity,Negative,30400.0,HLA-DPA1*01:03/DPB1*04:01,15
GLNITGVTCGPGHGI,purified MHC/competitive/radioactivity,Negative,14100.0,HLA-DPA1*03:01/DPB1*04:02,15
GLNITGVTCGPGHGI,purified MHC/competitive/radioactivity,Negative,39800.0,HLA-DPA1*02:01/DPB1*01:01,15
GLNITGVTCGPGHGI,purified MHC/competitive/radioactivity,Negative,14600.0,HLA-DPA1*01:03/DPB1*02:01,15
GLNITGVTCGPGHGI,purified MHC/competitive/radioactivity,Negative,46700.0,HLA-DPA1*02:01/DPB1*05:01,15
GLNITGVTCGPGHGI,purified MHC/competitive/radioactivity,Negative,46700.0,HLA-DPA1*01:03/DPB1*04:01,15
GLSGEPKGGAESSSK,purified MHC/competitive/radioactivity,Negative,19600.0,HLA-DPA1*03:01/DPB1*04:02,15
GLSGEPKGGAESSSK,purified MHC/competitive/radioactivity,Negative,21300.0,HLA-DPA1*02:01/DPB1*01:01,15
GLSGEPKGGAESSSK,purified MHC/competitive/radioactivity,Negative,21300.0,HLA-DPA1*01:03/DPB1*02:01,15
GLSGEPKGGAESSSK,purified MHC/competitive/radioactivity,Negative,17900.0,HLA-DPA1*02:01/DPB1*05:01,15
GLSGEPKGGAESSSK,purified MHC/competitive/radioactivity,Negative,46700.0,HLA-DPA1*01:03/DPB1*04:01,15
GMNPSHCNEMSWIQS,purified MHC/competitive/radioactivity,Negative,46700.0,HLA-DPA1*03:01/DPB1*04:02,15
GMNPSHCNEMSWIQS,purified MHC/competitive/radioactivity,Negative,46700.0,HLA-DPA1*02:01/DPB1*01:01,15
GMNPSHCNEMSWIQS,purified MHC/competitive/radioactivity,Negative,15400.0,HLA-DPA1*01:03/DPB1*02:01,15
GMNPSHCNEMSWIQS,purified MHC/competitive/radioactivity,Negative,38100.0,HLA-DPA1*02:01/DPB1*05:01,15
GMNPSHCNEMSWIQS,purified MHC/competitive/radioactivity,Negative,27900.0,HLA-DPA1*01:03/DPB1*04:01,15
GMTGCGNTPIFKSGR,purified MHC/competitive/radioactivity,Negative,46700.0,HLA-DPA1*03:01/DPB1*04:02,15
GMTGCGNTPIFKSGR,purified MHC/competitive/radioactivity,Negative,46700.0,HLA-DPA1*02:01/DPB1*01:01,15
GMTGCGNTPIFKSGR,purified MHC/competitive/radioactivity,Negative,46700.0,HLA-DPA1*01:03/DPB1*02:01,15
GMTGCGNTPIFKSGR,purified MHC/competitive/radioactivity,Negative,46700.0,HLA-DPA1*02:01/DPB1*05:01,15
GMTGCGNTPIFKSGR,purified MHC/competitive/radioactivity,Negative,34900.0,HLA-DPA1*01:03/DPB1*04:01,15
GNTPIFKSGRGCGSC,purified MHC/competitive/radioactivity,Negative,46700.0,HLA-DPA1*03:01/DPB1*04:02,15
GNTPIFKSGRGCGSC,purified MHC/competitive/radioactivity,Negative,46700.0,HLA-DPA1*02:01/DPB1*01:01,15
GNTPIFKSGRGCGSC,purified MHC/competitive/radioactivity,Negative,46700.0,HLA-DPA1*01:03/DPB1*02:01,15
GNTPIFKSGRGCGSC,purified MHC/competitive/radioactivity,Negative,46700.0,HLA-DPA1*02:01/DPB1*05:01,15
GNTPIFKSGRGCGSC,purified MHC/competitive/radioactivity,Negative,46700.0,HLA-DPA1*01:03/DPB1*04:01,15
GPATPAAPAAGYTPA,purified MHC/competitive/radioactivity,Negative,25300.0,HLA-DPA1*03:01/DPB1*04:02,15
GPATPAAPAAGYTPA,purified MHC/competitive/radioactivity,Negative,25700.0,HLA-DPA1*02:01/DPB1*01:01,15
GPATPAAPAAGYTPA,purified MHC/competitive/radioactivity,Negative,46700.0,HLA-DPA1*02:01/DPB1*05:01,15
GPATPAAPAAGYTPA,purified MHC/competitive/radioactivity,Negative,46700.0,HLA-DPA1*01:03/DPB1*04:01,15
GPGSTGLNITGVTCG,purified MHC/competitive/radioactivity,Negative,18000.0,HLA-DPA1*03:01/DPB1*04:02,15
GPGSTGLNITGVTCG,purified MHC/competitive/radioactivity,Negative,46700.0,HLA-DPA1*02:01/DPB1*01:01,15
GPGSTGLNITGVTCG,purified MHC/competitive/radioactivity,Negative,17300.0,HLA-DPA1*01:03/DPB1*02:01,15
GPGSTGLNITGVTCG,purified MHC/competitive/radioactivity,Negative,46700.0,HLA-DPA1*02:01/DPB1*05:01,15
GPGSTGLNITGVTCG,purified MHC/competitive/radioactivity,Negative,46700.0,HLA-DPA1*01:03/DPB1*04:01,15
GPKDNGGACGYKDVD,purified MHC/competitive/radioactivity,Negative,46700.0,HLA-DPA1*02:01/DPB1*01:01,15
GPKDNGGACGYKDVD,purified MHC/competitive/radioactivity,Negative,41700.0,HLA-DPA1*01:03/DPB1*02:01,15
GPKDNGGACGYKDVD,purified MHC/competitive/radioactivity,Negative,46700.0,HLA-DPA1*02:01/DPB1*05:01,15
GPKDNGGACGYKDVD,purified MHC/competitive/radioactivity,Negative,46700.0,HLA-DPA1*01:03/DPB1*04:01,15
GRSYAADAGYAPATP,purified MHC/competitive/radioactivity,Negative,46700.0,HLA-DPA1*03:01/DPB1*04:02,15
GRSYAADAGYAPATP,purified MHC/competitive/radioactivity,Negative,46700.0,HLA-DPA1*02:01/DPB1*01:01,15
GRSYAADAGYAPATP,purified MHC/competitive/radioactivity,Negative,17300.0,HLA-DPA1*02:01/DPB1*05:01,15
GRSYAADAGYAPATP,purified MHC/competitive/radioactivity,Negative,35100.0,HLA-DPA1*01:03/DPB1*04:01,15
GRYKDEKDVTDITVK,purified MHC/competitive/radioactivity,Negative,36700.0,HLA-DPA1*03:01/DPB1*04:02,15
GRYKDEKDVTDITVK,purified MHC/competitive/radioactivity,Negative,46700.0,HLA-DPA1*02:01/DPB1*01:01,15
GRYKDEKDVTDITVK,purified MHC/competitive/radioactivity,Negative,46700.0,HLA-DPA1*01:03/DPB1*02:01,15
GRYKDEKDVTDITVK,purified MHC/competitive/radioactivity,Negative,46700.0,HLA-DPA1*02:01/DPB1*05:01,15
GRYKDEKDVTDITVK,purified MHC/competitive/radioactivity,Negative,46700.0,HLA-DPA1*01:03/DPB1*04:01,15
GSMAKKGDEQKLRSA,purified MHC/competitive/radioactivity,Negative,12100.0,HLA-DPA1*02:01/DPB1*01:01,15
GSMAKKGDEQKLRSA,purified MHC/competitive/radioactivity,Negative,12800.0,HLA-DPA1*01:03/DPB1*02:01,15
GSMAKKGDEQKLRSA,purified MHC/competitive/radioactivity,Negative,46700.0,HLA-DPA1*02:01/DPB1*05:01,15
GSMAKKGDEQKLRSA,purified MHC/competitive/radioactivity,Negative,14300.0,HLA-DPA1*01:03/DPB1*04:01,15
GTKGEAKDVIPEGWK,purified MHC/competitive/radioactivity,Negative,13900.0,HLA-DPA1*03:01/DPB1*04:02,15
GTKGEAKDVIPEGWK,purified MHC/competitive/radioactivity,Negative,12800.0,HLA-DPA1*02:01/DPB1*01:01,15
GTKGEAKDVIPEGWK,purified MHC/competitive/radioactivity,Negative,13000.0,HLA-DPA1*01:03/DPB1*02:01,15
GTKGEAKDVIPEGWK,purified MHC/competitive/radioactivity,Negative,46700.0,HLA-DPA1*02:01/DPB1*05:01,15
GTKGEAKDVIPEGWK,purified MHC/competitive/radioactivity,Negative,46700.0,HLA-DPA1*01:03/DPB1*04:01,15
GTKTEAEDVIPEGWK,purified MHC/competitive/radioactivity,Negative,46700.0,HLA-DPA1*03:01/DPB1*04:02,15
GTKTEAEDVIPEGWK,purified MHC/competitive/radioactivity,Negative,46700.0,HLA-DPA1*02:01/DPB1*01:01,15
GTKTEAEDVIPEGWK,purified MHC/competitive/radioactivity,Negative,46700.0,HLA-DPA1*01:03/DPB1*02:01,15
GTKTEAEDVIPEGWK,purified MHC/competitive/radioactivity,Negative,46700.0,HLA-DPA1*02:01/DPB1*05:01,15
GTKTEAEDVIPEGWK,purified MHC/competitive/radioactivity,Negative,46700.0,HLA-DPA1*01:03/DPB1*04:01,15
GTLHDKKSMGDDHFW,purified MHC/competitive/radioactivity,Negative,37800.0,HLA-DPA1*03:01/DPB1*04:02,15
GTLHDKKSMGDDHFW,purified MHC/competitive/radioactivity,Negative,37800.0,HLA-DPA1*02:01/DPB1*01:01,15
GTLHDKKSMGDDHFW,purified MHC/competitive/radioactivity,Negative,40100.0,HLA-DPA1*01:03/DPB1*02:01,15
GTLHDKKSMGDDHFW,purified MHC/competitive/radioactivity,Negative,46700.0,HLA-DPA1*01:03/DPB1*04:01,15
GVTCGPGHGISVGSL,purified MHC/competitive/radioactivity,Negative,46700.0,HLA-DPA1*03:01/DPB1*04:02,15
GVTCGPGHGISVGSL,purified MHC/competitive/radioactivity,Negative,46700.0,HLA-DPA1*02:01/DPB1*01:01,15
GVTCGPGHGISVGSL,purified MHC/competitive/radioactivity,Negative,40800.0,HLA-DPA1*01:03/DPB1*02:01,15
GVTCGPGHGISVGSL,purified MHC/competitive/radioactivity,Negative,28900.0,HLA-DPA1*02:01/DPB1*05:01,15
GVTCGPGHGISVGSL,purified MHC/competitive/radioactivity,Negative,46700.0,HLA-DPA1*01:03/DPB1*04:01,15
GVTVKDVTITAPGDS,purified MHC/competitive/radioactivity,Negative,10500.0,HLA-DPA1*03:01/DPB1*04:02,15
GVTVKDVTITAPGDS,purified MHC/competitive/radioactivity,Negative,46700.0,HLA-DPA1*02:01/DPB1*05:01,15
GVTVKDVTITAPGDS,purified MHC/competitive/radioactivity,Negative,37700.0,HLA-DPA1*01:03/DPB1*04:01,15
GYTPATPAAPAGAEP,purified MHC/competitive/radioactivity,Negative,46700.0,HLA-DPA1*03:01/DPB1*04:02,15
GYTPATPAAPAGAEP,purified MHC/competitive/radioactivity,Negative,36500.0,HLA-DPA1*02:01/DPB1*01:01,15
GYTPATPAAPAGAEP,purified MHC/competitive/radioactivity,Negative,46700.0,HLA-DPA1*01:03/DPB1*02:01,15
GYTPATPAAPAGAEP,purified MHC/competitive/radioactivity,Negative,46700.0,HLA-DPA1*02:01/DPB1*05:01,15
GYTPATPAAPAGAEP,purified MHC/competitive/radioactivity,Negative,24600.0,HLA-DPA1*01:03/DPB1*04:01,15
HCNEMSWIQSIPFVH,purified MHC/competitive/radioactivity,Negative,21500.0,HLA-DPA1*02:01/DPB1*05:01,15
HRDNIEDDLLNRNNT,purified MHC/competitive/radioactivity,Negative,26300.0,HLA-DPA1*02:01/DPB1*05:01,15
IFKISKTVSEGAVDI,purified MHC/competitive/radioactivity,Negative,46700.0,HLA-DPA1*03:01/DPB1*04:02,15
IFKISKTVSEGAVDI,purified MHC/competitive/radioactivity,Negative,45500.0,HLA-DPA1*02:01/DPB1*01:01,15
IFKISKTVSEGAVDI,purified MHC/competitive/radioactivity,Negative,25400.0,HLA-DPA1*01:03/DPB1*02:01,15
IFKISKTVSEGAVDI,purified MHC/competitive/radioactivity,Negative,41600.0,HLA-DPA1*02:01/DPB1*05:01,15
IGTGDDCISIGPGST,purified MHC/competitive/radioactivity,Negative,46700.0,HLA-DPA1*02:01/DPB1*01:01,15
IGTGDDCISIGPGST,purified MHC/competitive/radioactivity,Negative,10300.0,HLA-DPA1*01:03/DPB1*02:01,15
IGTGDDCISIGPGST,purified MHC/competitive/radioactivity,Negative,46700.0,HLA-DPA1*02:01/DPB1*05:01,15
IGTGDDCISIGPGST,purified MHC/competitive/radioactivity,Negative,46700.0,HLA-DPA1*01:03/DPB1*04:01,15
IHIGDSSKVTITDTT,purified MHC/competitive/radioactivity,Negative,13900.0,HLA-DPA1*03:01/DPB1*04:02,15
IHIGDSSKVTITDTT,purified MHC/competitive/radioactivity,Negative,46700.0,HLA-DPA1*02:01/DPB1*01:01,15
IHIGDSSKVTITDTT,purified MHC/competitive/radioactivity,Negative,34900.0,HLA-DPA1*01:03/DPB1*02:01,15
IHIGDSSKVTITDTT,purified MHC/competitive/radioactivity,Negative,32800.0,HLA-DPA1*02:01/DPB1*05:01,15
IHIGDSSKVTITDTT,purified MHC/competitive/radioactivity,Negative,46700.0,HLA-DPA1*01:03/DPB1*04:01,15
IIAGTPEVHAVKPGA,purified MHC/competitive/radioactivity,Negative,15500.0,HLA-DPA1*02:01/DPB1*01:01,15
IIAGTPEVHAVKPGA,purified MHC/competitive/radioactivity,Negative,41000.0,HLA-DPA1*01:03/DPB1*02:01,15
IIAGTPEVHAVKPGA,purified MHC/competitive/radioactivity,Negative,35900.0,HLA-DPA1*02:01/DPB1*05:01,15
IIAGTPEVHAVKPGA,purified MHC/competitive/radioactivity,Negative,46700.0,HLA-DPA1*01:03/DPB1*04:01,15
IITPTNVSHIQSAVV,purified MHC/competitive/radioactivity,Negative,16300.0,HLA-DPA1*01:03/DPB1*02:01,15
IITPTNVSHIQSAVV,purified MHC/competitive/radioactivity,Negative,46700.0,HLA-DPA1*02:01/DPB1*05:01,15
IITPTNVSHIQSAVV,purified MHC/competitive/radioactivity,Negative,20700.0,HLA-DPA1*01:03/DPB1*04:01,15
IKEKGKDKWIALKES,purified MHC/competitive/radioactivity,Negative,27700.0,HLA-DPA1*03:01/DPB1*04:02,15
IKEKGKDKWIALKES,purified MHC/competitive/radioactivity,Negative,17500.0,HLA-DPA1*01:03/DPB1*02:01,15
IKEKGKDKWIELKES,purified MHC/competitive/radioactivity,Negative,12500.0,HLA-DPA1*03:01/DPB1*04:02,15
IKEKGKDKWIELKES,purified MHC/competitive/radioactivity,Negative,33700.0,HLA-DPA1*01:03/DPB1*02:01,15
IKEKGKDKWIELKES,purified MHC/competitive/radioactivity,Negative,23900.0,HLA-DPA1*01:03/DPB1*04:01,15
IKYTRPGDSLAEVEL,purified MHC/competitive/radioactivity,Negative,13500.0,HLA-DPA1*03:01/DPB1*04:02,15
IKYTRPGDSLAEVEL,purified MHC/competitive/radioactivity,Negative,46700.0,HLA-DPA1*01:03/DPB1*02:01,15
IKYTRPGDSLAEVEL,purified MHC/competitive/radioactivity,Negative,14900.0,HLA-DPA1*02:01/DPB1*05:01,15
IKYTRPGDSLAEVEL,purified MHC/competitive/radioactivity,Negative,20400.0,HLA-DPA1*01:03/DPB1*04:01,15
ILPNTLVLDFCDDAL,purified MHC/competitive/radioactivity,Negative,13000.0,HLA-DPA1*02:01/DPB1*05:01,15
IMRIKKLTITGKGTL,purified MHC/competitive/radioactivity,Negative,16900.0,HLA-DPA1*01:03/DPB1*04:01,15
INKWQVVAPQLPADL,purified MHC/competitive/radioactivity,Negative,15400.0,HLA-DPA1*03:01/DPB1*04:02,15
INKWQVVAPQLPADL,purified MHC/competitive/radioactivity,Negative,13200.0,HLA-DPA1*02:01/DPB1*01:01,15
INKWQVVAPQLPADL,purified MHC/competitive/radioactivity,Negative,25200.0,HLA-DPA1*02:01/DPB1*05:01,15
INVGFKAAVAAAASV,purified MHC/competitive/radioactivity,Negative,13900.0,HLA-DPA1*03:01/DPB1*04:02,15
INVGFKAAVAAAASV,purified MHC/competitive/radioactivity,Negative,16100.0,HLA-DPA1*02:01/DPB1*05:01,15
INVGFKAAVAAAASV,purified MHC/competitive/radioactivity,Negative,46700.0,HLA-DPA1*01:03/DPB1*04:01,15
IPAGELQIIDKIDAA,purified MHC/competitive/radioactivity,Negative,15100.0,HLA-DPA1*02:01/DPB1*05:01,15
IPAGELQIIDKIDAA,purified MHC/competitive/radioactivity,Negative,36200.0,HLA-DPA1*01:03/DPB1*04:01,15
IPFVHLGHRDALEDD,purified MHC/competitive/radioactivity,Negative,15200.0,HLA-DPA1*02:01/DPB1*05:01,15
IPTAFKIGKTYTPEE,purified MHC/competitive/radioactivity,Negative,30900.0,HLA-DPA1*01:03/DPB1*02:01,15
IPTAFKIGKTYTPEE,purified MHC/competitive/radioactivity,Negative,46700.0,HLA-DPA1*01:03/DPB1*04:01,15
IPTAFSIGKTYKPEE,purified MHC/competitive/radioactivity,Negative,25000.0,HLA-DPA1*01:03/DPB1*02:01,15
IPTAFSIGKTYKPEE,purified MHC/competitive/radioactivity,Negative,26700.0,HLA-DPA1*01:03/DPB1*04:01,15
ISATPEWATPFPHRK,purified MHC/competitive/radioactivity,Negative,12600.0,HLA-DPA1*02:01/DPB1*01:01,15
ISATPEWATPFPHRK,purified MHC/competitive/radioactivity,Negative,41300.0,HLA-DPA1*02:01/DPB1*05:01,15
ISFCNANPGLMKDVA,purified MHC/competitive/radioactivity,Negative,11700.0,HLA-DPA1*01:03/DPB1*04:01,15
ITAMSEVQKVSQPAT,purified MHC/competitive/radioactivity,Negative,16600.0,HLA-DPA1*03:01/DPB1*04:02,15
ITAMSEVQKVSQPAT,purified MHC/competitive/radioactivity,Negative,23900.0,HLA-DPA1*01:03/DPB1*04:01,15
ITDTTIGTGDDCISI,purified MHC/competitive/radioactivity,Negative,46700.0,HLA-DPA1*03:01/DPB1*04:02,15
ITDTTIGTGDDCISI,purified MHC/competitive/radioactivity,Negative,46700.0,HLA-DPA1*02:01/DPB1*01:01,15
ITDTTIGTGDDCISI,purified MHC/competitive/radioactivity,Negative,13300.0,HLA-DPA1*01:03/DPB1*02:01,15
ITDTTIGTGDDCISI,purified MHC/competitive/radioactivity,Negative,46700.0,HLA-DPA1*02:01/DPB1*05:01,15
ITDTTIGTGDDCISI,purified MHC/competitive/radioactivity,Negative,46700.0,HLA-DPA1*01:03/DPB1*04:01,15
ITKGKVDPTDYFRNE,purified MHC/competitive/radioactivity,Negative,39300.0,HLA-DPA1*03:01/DPB1*04:02,15
ITKGKVDPTDYFRNE,purified MHC/competitive/radioactivity,Negative,21000.0,HLA-DPA1*02:01/DPB1*01:01,15
ITKGKVDPTDYFRNE,purified MHC/competitive/radioactivity,Negative,46700.0,HLA-DPA1*01:03/DPB1*04:01,15
ITKLGAKPDGKTDCT,purified MHC/competitive/radioactivity,Negative,46700.0,HLA-DPA1*03:01/DPB1*04:02,15
ITKLGAKPDGKTDCT,purified MHC/competitive/radioactivity,Negative,46700.0,HLA-DPA1*02:01/DPB1*01:01,15
ITKLGAKPDGKTDCT,purified MHC/competitive/radioactivity,Negative,46700.0,HLA-DPA1*01:03/DPB1*02:01,15
ITKLGAKPDGKTDCT,purified MHC/competitive/radioactivity,Negative,46700.0,HLA-DPA1*02:01/DPB1*05:01,15
ITKLGAKPDGKTDCT,purified MHC/competitive/radioactivity,Negative,46700.0,HLA-DPA1*01:03/DPB1*04:01,15
IVPPADKYRTFVATF,purified MHC/competitive/radioactivity,Negative,26700.0,HLA-DPA1*03:01/DPB1*04:02,15
IVPPADKYRTFVATF,purified MHC/competitive/radioactivity,Negative,20800.0,HLA-DPA1*01:03/DPB1*04:01,15
IYECKGVTVKDVTIT,purified MHC/competitive/radioactivity,Negative,13800.0,HLA-DPA1*02:01/DPB1*05:01,15
KAAVAAAASVPAADK,purified MHC/competitive/radioactivity,Negative,46700.0,HLA-DPA1*03:01/DPB1*04:02,15
KAAVAAAASVPAADK,purified MHC/competitive/radioactivity,Negative,11800.0,HLA-DPA1*02:01/DPB1*01:01,15
KAAVAAAASVPAADK,purified MHC/competitive/radioactivity,Negative,29000.0,HLA-DPA1*01:03/DPB1*02:01,15
KAAVAAAASVPAADK,purified MHC/competitive/radioactivity,Negative,31300.0,HLA-DPA1*01:03/DPB1*04:01,15
KAFAEGLSGEPKGGA,purified MHC/competitive/radioactivity,Negative,19900.0,HLA-DPA1*03:01/DPB1*04:02,15
KAFAEGLSGEPKGGA,purified MHC/competitive/radioactivity,Negative,46700.0,HLA-DPA1*01:03/DPB1*02:01,15
KAFAEGLSGEPKGGA,purified MHC/competitive/radioactivity,Negative,46700.0,HLA-DPA1*01:03/DPB1*04:01,15
KAIKESTGGAYDTYK,purified MHC/competitive/radioactivity,Negative,46700.0,HLA-DPA1*03:01/DPB1*04:02,15
KAIKESTGGAYDTYK,purified MHC/competitive/radioactivity,Negative,26500.0,HLA-DPA1*02:01/DPB1*01:01,15
KAIKESTGGAYDTYK,purified MHC/competitive/radioactivity,Negative,10700.0,HLA-DPA1*01:03/DPB1*02:01,15
KAIKESTGGAYDTYK,purified MHC/competitive/radioactivity,Negative,33400.0,HLA-DPA1*01:03/DPB1*04:01,15
KASPVLAFPAGVCPT,purified MHC/competitive/radioactivity,Negative,11300.0,HLA-DPA1*01:03/DPB1*02:01,15
KASPVLAFPAGVCPT,purified MHC/competitive/radioactivity,Negative,25700.0,HLA-DPA1*01:03/DPB1*04:01,15
KCKYPEGTKVTFHVE,purified MHC/competitive/radioactivity,Negative,22400.0,HLA-DPA1*03:01/DPB1*04:02,15
KCKYPEGTKVTFHVE,purified MHC/competitive/radioactivity,Negative,22900.0,HLA-DPA1*01:03/DPB1*02:01,15
KCKYPEGTKVTFHVE,purified MHC/competitive/radioactivity,Negative,14300.0,HLA-DPA1*02:01/DPB1*05:01,15
KCKYPEGTKVTFHVE,purified MHC/competitive/radioactivity,Negative,12400.0,HLA-DPA1*01:03/DPB1*04:01,15
KDKWIALKESWGAIW,purified MHC/competitive/radioactivity,Negative,12700.0,HLA-DPA1*03:01/DPB1*04:02,15
KDKWIALKESWGAIW,purified MHC/competitive/radioactivity,Negative,19300.0,HLA-DPA1*02:01/DPB1*05:01,15
KDKWIELKESWGAIW,purified MHC/competitive/radioactivity,Negative,12600.0,HLA-DPA1*03:01/DPB1*04:02,15
KDKWIELKESWGAIW,purified MHC/competitive/radioactivity,Negative,28000.0,HLA-DPA1*02:01/DPB1*05:01,15
KDVTFRNITGTSSTP,purified MHC/competitive/radioactivity,Negative,22500.0,HLA-DPA1*01:03/DPB1*04:01,15
KEIYNYMEPYVSKNP,purified MHC/competitive/radioactivity,Negative,14000.0,HLA-DPA1*02:01/DPB1*05:01,15
KEIYNYMEPYVSKNP,purified MHC/competitive/radioactivity,Negative,11800.0,HLA-DPA1*01:03/DPB1*04:01,15
KEIYNYMEPYVSKNP,purified MHC/competitive/radioactivity,Negative,31000.0,HLA-DPA1*01:03/DPB1*04:02,15
KESGDAASGADGTYD,purified MHC/competitive/radioactivity,Negative,46700.0,HLA-DPA1*03:01/DPB1*04:02,15
KESGDAASGADGTYD,purified MHC/competitive/radioactivity,Negative,46700.0,HLA-DPA1*02:01/DPB1*01:01,15
KESGDAASGADGTYD,purified MHC/competitive/radioactivity,Negative,46700.0,HLA-DPA1*01:03/DPB1*02:01,15
KESGDAASGADGTYD,purified MHC/competitive/radioactivity,Negative,46700.0,HLA-DPA1*02:01/DPB1*05:01,15
KESGDAASGADGTYD,purified MHC/competitive/radioactivity,Negative,46700.0,HLA-DPA1*01:03/DPB1*04:01,15
KEVEEAWASACGGTG,purified MHC/competitive/radioactivity,Negative,46700.0,HLA-DPA1*03:01/DPB1*04:02,15
KEVEEAWASACGGTG,purified MHC/competitive/radioactivity,Negative,12800.0,HLA-DPA1*02:01/DPB1*01:01,15
KEVEEAWASACGGTG,purified MHC/competitive/radioactivity,Negative,46700.0,HLA-DPA1*01:03/DPB1*04:01,15
KFPELGMNPSHCNEM,purified MHC/competitive/radioactivity,Negative,18000.0,HLA-DPA1*03:01/DPB1*04:02,15
KFPELGMNPSHCNEM,purified MHC/competitive/radioactivity,Negative,21800.0,HLA-DPA1*02:01/DPB1*01:01,15
KFPELGMNPSHCNEM,purified MHC/competitive/radioactivity,Negative,29400.0,HLA-DPA1*02:01/DPB1*05:01,15
KGDEQKLRSAGELEL,purified MHC/competitive/radioactivity,Negative,29900.0,HLA-DPA1*02:01/DPB1*05:01,15
KGDEQKLRSAGEVEI,purified MHC/competitive/radioactivity,Negative,10100.0,HLA-DPA1*01:03/DPB1*02:01,15
KGDEQKLRSAGEVEI,purified MHC/competitive/radioactivity,Negative,46700.0,HLA-DPA1*02:01/DPB1*05:01,15
KIDAAFKVAATAAAT,purified MHC/competitive/radioactivity,Negative,15200.0,HLA-DPA1*01:03/DPB1*02:01,15
KIDAAFKVAATAAAT,purified MHC/competitive/radioactivity,Negative,27200.0,HLA-DPA1*01:03/DPB1*04:01,15
KIEIDQDHQEEICEV,purified MHC/competitive/radioactivity,Negative,46700.0,HLA-DPA1*02:01/DPB1*05:01,15
KIPKKASEGAVDIIN,purified MHC/competitive/radioactivity,Negative,19400.0,HLA-DPA1*01:03/DPB1*04:01,15
KKEEKKESGDAASGA,purified MHC/competitive/radioactivity,Negative,21500.0,HLA-DPA1*03:01/DPB1*04:02,15
KKEEKKESGDAASGA,purified MHC/competitive/radioactivity,Negative,29400.0,HLA-DPA1*02:01/DPB1*01:01,15
KKEEKKESGDAASGA,purified MHC/competitive/radioactivity,Negative,40000.0,HLA-DPA1*01:03/DPB1*02:01,15
KKEEKKESGDAASGA,purified MHC/competitive/radioactivity,Negative,46700.0,HLA-DPA1*02:01/DPB1*05:01,15
KKEEKKESGDAASGA,purified MHC/competitive/radioactivity,Negative,46700.0,HLA-DPA1*01:03/DPB1*04:01,15
KKGAGGITIKKTGQA,purified MHC/competitive/radioactivity,Negative,35400.0,HLA-DPA1*03:01/DPB1*04:02,15
KKGAGGITIKKTGQA,purified MHC/competitive/radioactivity,Negative,21800.0,HLA-DPA1*02:01/DPB1*01:01,15
KKGAGGITIKKTGQA,purified MHC/competitive/radioactivity,Negative,17000.0,HLA-DPA1*01:03/DPB1*02:01,15
KKGAGGITIKKTGQA,purified MHC/competitive/radioactivity,Negative,34000.0,HLA-DPA1*02:01/DPB1*05:01,15
KKGAGGITIKKTGQA,purified MHC/competitive/radioactivity,Negative,46700.0,HLA-DPA1*01:03/DPB1*04:01,15
KLIEDINVGFKAAVA,purified MHC/competitive/radioactivity,Negative,29200.0,HLA-DPA1*01:03/DPB1*04:01,15
KLTITGKGTLDGQGK,purified MHC/competitive/radioactivity,Negative,12500.0,HLA-DPA1*02:01/DPB1*01:01,15
KLTITGKGTLDGQGK,purified MHC/competitive/radioactivity,Negative,15400.0,HLA-DPA1*01:03/DPB1*02:01,15
KLTITGKGTLDGQGK,purified MHC/competitive/radioactivity,Negative,13500.0,HLA-DPA1*02:01/DPB1*05:01,15
KLTITGKGTLDGQGK,purified MHC/competitive/radioactivity,Negative,46700.0,HLA-DPA1*01:03/DPB1*04:01,15
KLTITGKGTLDGQGK,purified MHC/competitive/radioactivity,Negative,46700.0,HLA-DPA1*01:03/DPB1*04:02,15
KLVLDIKYTRPGDSL,purified MHC/competitive/radioactivity,Negative,26700.0,HLA-DPA1*02:01/DPB1*05:01,15
KNTIVIPKGDFLTGP,purified MHC/competitive/radioactivity,Negative,46700.0,HLA-DPA1*03:01/DPB1*04:02,15
KNVFDDVVPEKYTIG,purified MHC/competitive/radioactivity,Negative,31000.0,HLA-DPA1*01:03/DPB1*04:01,15
KPAAAATATATSAVG,purified MHC/competitive/radioactivity,Negative,19800.0,HLA-DPA1*02:01/DPB1*01:01,15
KPAAAATATATSAVG,purified MHC/competitive/radioactivity,Negative,46700.0,HLA-DPA1*01:03/DPB1*02:01,15
KPAAAATATATSAVG,purified MHC/competitive/radioactivity,Negative,46700.0,HLA-DPA1*02:01/DPB1*05:01,15
KPAAAATATATSAVG,purified MHC/competitive/radioactivity,Negative,40600.0,HLA-DPA1*01:03/DPB1*04:01,15
KPAAAATATATSAVG,purified MHC/competitive/radioactivity,Negative,26900.0,HLA-DPA1*03:01/DPB1*04:02,15
KPPFSGMTGCGNTPI,purified MHC/competitive/radioactivity,Negative,14900.0,HLA-DPA1*03:01/DPB1*04:02,15
KPPFSGMTGCGNTPI,purified MHC/competitive/radioactivity,Negative,46700.0,HLA-DPA1*02:01/DPB1*01:01,15
KPPFSGMTGCGNTPI,purified MHC/competitive/radioactivity,Negative,36400.0,HLA-DPA1*01:03/DPB1*02:01,15
KPPFSGMTGCGNTPI,purified MHC/competitive/radioactivity,Negative,46700.0,HLA-DPA1*02:01/DPB1*05:01,15
KPPFSGMTGCGNTPI,purified MHC/competitive/radioactivity,Negative,13200.0,HLA-DPA1*01:03/DPB1*04:01,15
KPTAAGPKDNGGACG,purified MHC/competitive/radioactivity,Negative,23800.0,HLA-DPA1*03:01/DPB1*04:02,15
KPTAAGPKDNGGACG,purified MHC/competitive/radioactivity,Negative,46700.0,HLA-DPA1*02:01/DPB1*01:01,15
KPTAAGPKDNGGACG,purified MHC/competitive/radioactivity,Negative,46700.0,HLA-DPA1*01:03/DPB1*02:01,15
KPTAAGPKDNGGACG,purified MHC/competitive/radioactivity,Negative,46700.0,HLA-DPA1*02:01/DPB1*05:01,15
KPTAAGPKDNGGACG,purified MHC/competitive/radioactivity,Negative,16800.0,HLA-DPA1*01:03/DPB1*04:01,15
KPTGAGPKDNGGACG,purified MHC/competitive/radioactivity,Negative,46700.0,HLA-DPA1*03:01/DPB1*04:02,15
KPTGAGPKDNGGACG,purified MHC/competitive/radioactivity,Negative,46700.0,HLA-DPA1*02:01/DPB1*01:01,15
KPTGAGPKDNGGACG,purified MHC/competitive/radioactivity,Negative,46700.0,HLA-DPA1*01:03/DPB1*02:01,15
KPTGAGPKDNGGACG,purified MHC/competitive/radioactivity,Negative,46700.0,HLA-DPA1*02:01/DPB1*05:01,15
KPTGAGPKDNGGACG,purified MHC/competitive/radioactivity,Negative,46700.0,HLA-DPA1*01:03/DPB1*04:01,15
KQAYAATVATAPEVK,purified MHC/competitive/radioactivity,Negative,12200.0,HLA-DPA1*03:01/DPB1*04:02,15
KQAYAATVATAPEVK,purified MHC/competitive/radioactivity,Negative,33100.0,HLA-DPA1*02:01/DPB1*05:01,15
KQAYAATVATAPEVK,purified MHC/competitive/radioactivity,Negative,13100.0,HLA-DPA1*01:03/DPB1*04:01,15
KSTNGLRIKSYEDAK,purified MHC/competitive/radioactivity,Negative,11300.0,HLA-DPA1*03:01/DPB1*04:02,15
KSTNGLRIKSYEDAK,purified MHC/competitive/radioactivity,Negative,41600.0,HLA-DPA1*02:01/DPB1*01:01,15
KSTNGLRIKSYEDAK,purified MHC/competitive/radioactivity,Negative,10100.0,HLA-DPA1*02:01/DPB1*05:01,15
KSTNGLRIKSYEDAK,purified MHC/competitive/radioactivity,Negative,27600.0,HLA-DPA1*01:03/DPB1*04:01,15
KTDCTKEVEEAWASA,purified MHC/competitive/radioactivity,Negative,46700.0,HLA-DPA1*03:01/DPB1*04:02,15
KTDCTKEVEEAWASA,purified MHC/competitive/radioactivity,Negative,46700.0,HLA-DPA1*01:03/DPB1*04:01,15
KTMAVCTNAKVTAKG,purified MHC/competitive/radioactivity,Negative,12200.0,HLA-DPA1*03:01/DPB1*04:02,15
KTMAVCTNAKVTAKG,purified MHC/competitive/radioactivity,Negative,29000.0,HLA-DPA1*02:01/DPB1*01:01,15
KTVSEGAVDIINKWQ,purified MHC/competitive/radioactivity,Negative,35400.0,HLA-DPA1*03:01/DPB1*04:02,15
KTVSEGAVDIINKWQ,purified MHC/competitive/radioactivity,Negative,21000.0,HLA-DPA1*02:01/DPB1*01:01,15
KTVSEGAVDIINKWQ,purified MHC/competitive/radioactivity,Negative,18300.0,HLA-DPA1*02:01/DPB1*05:01,15
KTVSEGAVDIINKWQ,purified MHC/competitive/radioactivity,Negative,38400.0,HLA-DPA1*01:03/DPB1*04:01,15
KVPPGPNITATYGDK,purified MHC/competitive/radioactivity,Negative,46700.0,HLA-DPA1*02:01/DPB1*01:01,15
KVPPGPNITATYGDK,purified MHC/competitive/radioactivity,Negative,13000.0,HLA-DPA1*01:03/DPB1*02:01,15
KVPPGPNITATYGDK,purified MHC/competitive/radioactivity,Negative,46700.0,HLA-DPA1*02:01/DPB1*05:01,15
KVPPGPNITATYGDK,purified MHC/competitive/radioactivity,Negative,46700.0,HLA-DPA1*01:03/DPB1*04:01,15
KVTAKGVSEANTCAA,purified MHC/competitive/radioactivity,Negative,21400.0,HLA-DPA1*03:01/DPB1*04:02,15
KVTAKGVSEANTCAA,purified MHC/competitive/radioactivity,Negative,20000.0,HLA-DPA1*02:01/DPB1*01:01,15
KVTAKGVSEANTCAA,purified MHC/competitive/radioactivity,Negative,15200.0,HLA-DPA1*02:01/DPB1*05:01,15
KVTAKGVSEANTCAA,purified MHC/competitive/radioactivity,Negative,15400.0,HLA-DPA1*01:03/DPB1*04:01,15
LCSDKQPCNGVTMND,purified MHC/competitive/radioactivity,Negative,11600.0,HLA-DPA1*03:01/DPB1*04:02,15
LCSDKQPCNGVTMND,purified MHC/competitive/radioactivity,Negative,16600.0,HLA-DPA1*02:01/DPB1*05:01,15
LCSDKQPCNGVTMND,purified MHC/competitive/radioactivity,Negative,46700.0,HLA-DPA1*01:03/DPB1*04:01,15
LDEVYNAAYNAADHA,purified MHC/competitive/radioactivity,Negative,25900.0,HLA-DPA1*03:01/DPB1*04:02,15
LDEVYNAAYNAADHA,purified MHC/competitive/radioactivity,Negative,46700.0,HLA-DPA1*02:01/DPB1*05:01,15
LDEVYNAAYNAADHA,purified MHC/competitive/radioactivity,Negative,13900.0,HLA-DPA1*01:03/DPB1*04:01,15
LEAAVKQAYAATVAT,purified MHC/competitive/radioactivity,Negative,25900.0,HLA-DPA1*03:01/DPB1*04:02,15
LEAAVKQAYAATVAT,purified MHC/competitive/radioactivity,Negative,24700.0,HLA-DPA1*02:01/DPB1*05:01,15
LEAAVKQAYAATVAT,purified MHC/competitive/radioactivity,Negative,17800.0,HLA-DPA1*01:03/DPB1*04:01,15
LGASPYKLGPSPKAR,purified MHC/competitive/radioactivity,Negative,46700.0,HLA-DPA1*03:01/DPB1*04:02,15
LGASPYKLGPSPKAR,purified MHC/competitive/radioactivity,Negative,33700.0,HLA-DPA1*02:01/DPB1*01:01,15
LGASPYKLGPSPKAR,purified MHC/competitive/radioactivity,Negative,25900.0,HLA-DPA1*01:03/DPB1*02:01,15
LGASPYKLGPSPKAR,purified MHC/competitive/radioactivity,Negative,24000.0,HLA-DPA1*02:01/DPB1*05:01,15
LGASPYKLGPSPKAR,purified MHC/competitive/radioactivity,Negative,46700.0,HLA-DPA1*01:03/DPB1*04:01,15
LGHDGTVWAQSADFP,purified MHC/competitive/radioactivity,Negative,46700.0,HLA-DPA1*03:01/DPB1*04:02,15
LGHDGTVWAQSADFP,purified MHC/competitive/radioactivity,Negative,28600.0,HLA-DPA1*02:01/DPB1*01:01,15
LGHDGTVWAQSADFP,purified MHC/competitive/radioactivity,Negative,15000.0,HLA-DPA1*01:03/DPB1*02:01,15
LGHDGTVWAQSADFP,purified MHC/competitive/radioactivity,Negative,46700.0,HLA-DPA1*01:03/DPB1*04:01,15
LGHRDALEDDLLNRN,purified MHC/competitive/radioactivity,Negative,10300.0,HLA-DPA1*01:03/DPB1*02:01,15
LGHRDALEDDLLNRN,purified MHC/competitive/radioactivity,Negative,46700.0,HLA-DPA1*02:01/DPB1*05:01,15
LGHRDALEDDLLNRN,purified MHC/competitive/radioactivity,Negative,14100.0,HLA-DPA1*01:03/DPB1*04:01,15
LGQTIRNSRWSSPDN,purified MHC/competitive/radioactivity,Negative,46700.0,HLA-DPA1*03:01/DPB1*04:02,15
LGQTIRNSRWSSPDN,purified MHC/competitive/radioactivity,Negative,23900.0,HLA-DPA1*02:01/DPB1*05:01,15
LGTCQTLTPMMSSKF,purified MHC/competitive/radioactivity,Negative,17100.0,HLA-DPA1*02:01/DPB1*05:01,15
LLAMAVLAALFAGAW,purified MHC/competitive/radioactivity,Negative,46700.0,HLA-DPA1*02:01/DPB1*05:01,15
LLFCALASSCQVAFS,purified MHC/competitive/radioactivity,Negative,46700.0,HLA-DPA1*02:01/DPB1*05:01,15
LLNRNNSFKPFAEYK,purified MHC/competitive/radioactivity,Negative,27600.0,HLA-DPA1*03:01/DPB1*04:02,15
LLNRNNSFKPFAEYK,purified MHC/competitive/radioactivity,Negative,26000.0,HLA-DPA1*02:01/DPB1*05:01,15
LMCEIEGHHLASAAI,purified MHC/competitive/radioactivity,Negative,17700.0,HLA-DPA1*02:01/DPB1*01:01,15
LMCEIEGHHLASAAI,purified MHC/competitive/radioactivity,Negative,46700.0,HLA-DPA1*02:01/DPB1*05:01,15
LNFTGPCKGDSVTIK,purified MHC/competitive/radioactivity,Negative,11800.0,HLA-DPA1*03:01/DPB1*04:02,15
LNFTGPCKGDSVTIK,purified MHC/competitive/radioactivity,Negative,24700.0,HLA-DPA1*02:01/DPB1*01:01,15
LNFTGPCKGDSVTIK,purified MHC/competitive/radioactivity,Negative,32800.0,HLA-DPA1*02:01/DPB1*05:01,15
LNFTGPCKGDSVTIK,purified MHC/competitive/radioactivity,Negative,46700.0,HLA-DPA1*01:03/DPB1*04:01,15
LPADLMIRIIAQGPK,purified MHC/competitive/radioactivity,Negative,14300.0,HLA-DPA1*02:01/DPB1*05:01,15
LPADLMIRIIAQGPK,purified MHC/competitive/radioactivity,Negative,13100.0,HLA-DPA1*01:03/DPB1*04:01,15
LPRPPATPPPPPPPQ,purified MHC/competitive/radioactivity,Negative,46700.0,HLA-DPA1*03:01/DPB1*04:02,15
LPRPPATPPPPPPPQ,purified MHC/competitive/radioactivity,Negative,46700.0,HLA-DPA1*02:01/DPB1*01:01,15
LPRPPATPPPPPPPQ,purified MHC/competitive/radioactivity,Negative,40300.0,HLA-DPA1*01:03/DPB1*02:01,15
LPRPPATPPPPPPPQ,purified MHC/competitive/radioactivity,Negative,46700.0,HLA-DPA1*02:01/DPB1*05:01,15
LPRPPATPPPPPPPQ,purified MHC/competitive/radioactivity,Negative,46700.0,HLA-DPA1*01:03/DPB1*04:01,15
LPVPPTVTVFKIPKK,purified MHC/competitive/radioactivity,Negative,10800.0,HLA-DPA1*01:03/DPB1*04:01,15
LQIIDKIDAAFKVAA,purified MHC/competitive/radioactivity,Negative,13800.0,HLA-DPA1*01:03/DPB1*04:01,15
LRIKSYEDAKSPLTA,purified MHC/competitive/radioactivity,Negative,16800.0,HLA-DPA1*02:01/DPB1*01:01,15
LRIKSYEDAKSPLTA,purified MHC/competitive/radioactivity,Negative,46700.0,HLA-DPA1*01:03/DPB1*04:01,15
LSSNDLAKYKANWIE,purified MHC/competitive/radioactivity,Negative,10800.0,HLA-DPA1*03:01/DPB1*04:02,15
LSSNDLAKYKANWIE,purified MHC/competitive/radioactivity,Negative,30000.0,HLA-DPA1*01:03/DPB1*04:01,15
LTKKGNVWEVKSSKP,purified MHC/competitive/radioactivity,Negative,46700.0,HLA-DPA1*03:01/DPB1*04:02,15
LTKKGNVWEVKSSKP,purified MHC/competitive/radioactivity,Negative,40300.0,HLA-DPA1*02:01/DPB1*01:01,15
LTKKGNVWEVKSSKP,purified MHC/competitive/radioactivity,Negative,41300.0,HLA-DPA1*01:03/DPB1*02:01,15
LTKKGNVWEVKSSKP,purified MHC/competitive/radioactivity,Negative,22200.0,HLA-DPA1*02:01/DPB1*05:01,15
LTKKGNVWEVKSSKP,purified MHC/competitive/radioactivity,Negative,29100.0,HLA-DPA1*01:03/DPB1*04:01,15
LVAGPAGSYAADLGY,purified MHC/competitive/radioactivity,Negative,18500.0,HLA-DPA1*02:01/DPB1*05:01,15
LVAGPAGSYAADLGY,purified MHC/competitive/radioactivity,Negative,46700.0,HLA-DPA1*01:03/DPB1*04:01,15
LVDANGTLHDKKSMG,purified MHC/competitive/radioactivity,Negative,46700.0,HLA-DPA1*03:01/DPB1*04:02,15
LVDANGTLHDKKSMG,purified MHC/competitive/radioactivity,Negative,46700.0,HLA-DPA1*02:01/DPB1*01:01,15
LVDANGTLHDKKSMG,purified MHC/competitive/radioactivity,Negative,24800.0,HLA-DPA1*01:03/DPB1*02:01,15
LVDANGTLHDKKSMG,purified MHC/competitive/radioactivity,Negative,29400.0,HLA-DPA1*02:01/DPB1*05:01,15
LVDANGTLHDKKSMG,purified MHC/competitive/radioactivity,Negative,36100.0,HLA-DPA1*01:03/DPB1*04:01,15
LVGPFNFRFMSKGGM,purified MHC/competitive/radioactivity,Negative,15900.0,HLA-DPA1*01:03/DPB1*02:01,15
LVGPFNFRFMSKGGM,purified MHC/competitive/radioactivity,Negative,21000.0,HLA-DPA1*02:01/DPB1*05:01,15
LVKFVAGDGDVVAVD,purified MHC/competitive/radioactivity,Negative,26300.0,HLA-DPA1*03:01/DPB1*04:02,15
LVKFVAGDGDVVAVD,purified MHC/competitive/radioactivity,Negative,21900.0,HLA-DPA1*02:01/DPB1*01:01,15
LVKFVAGDGDVVAVD,purified MHC/competitive/radioactivity,Negative,12100.0,HLA-DPA1*01:03/DPB1*02:01,15
LVKFVAGDGDVVAVD,purified MHC/competitive/radioactivity,Negative,46700.0,HLA-DPA1*02:01/DPB1*05:01,15
LVKFVAGDGDVVAVD,purified MHC/competitive/radioactivity,Negative,10200.0,HLA-DPA1*01:03/DPB1*04:01,15
LVKPGAGIMIFDPYG,purified MHC/competitive/radioactivity,Negative,22500.0,HLA-DPA1*01:03/DPB1*02:01,15
LVKPGAGIMIFDPYG,purified MHC/competitive/radioactivity,Negative,34000.0,HLA-DPA1*02:01/DPB1*05:01,15
LVKPGAGIMIFDPYG,purified MHC/competitive/radioactivity,Negative,10900.0,HLA-DPA1*01:03/DPB1*04:01,15
LVKYEGDTMAEVELR,purified MHC/competitive/radioactivity,Negative,10300.0,HLA-DPA1*02:01/DPB1*05:01,15
LVKYVNGDGDVVAVD,purified MHC/competitive/radioactivity,Negative,46700.0,HLA-DPA1*03:01/DPB1*04:02,15
LVKYVNGDGDVVAVD,purified MHC/competitive/radioactivity,Negative,46700.0,HLA-DPA1*02:01/DPB1*01:01,15
LVKYVNGDGDVVAVD,purified MHC/competitive/radioactivity,Negative,46700.0,HLA-DPA1*01:03/DPB1*02:01,15
LVKYVNGDGDVVAVD,purified MHC/competitive/radioactivity,Negative,46700.0,HLA-DPA1*02:01/DPB1*05:01,15
LVKYVNGDGDVVAVD,purified MHC/competitive/radioactivity,Negative,46700.0,HLA-DPA1*01:03/DPB1*04:01,15
LVVGIYDEPMTPGQC,purified MHC/competitive/radioactivity,Negative,10200.0,HLA-DPA1*03:01/DPB1*04:02,15
LVVGIYDEPMTPGQC,purified MHC/competitive/radioactivity,Negative,24100.0,HLA-DPA1*02:01/DPB1*05:01,15
LVVGIYDEPMTPGQC,purified MHC/competitive/radioactivity,Negative,46700.0,HLA-DPA1*01:03/DPB1*04:01,15
MADDMERIFKRFDTN,purified MHC/competitive/radioactivity,Negative,12000.0,HLA-DPA1*02:01/DPB1*01:01,15
MADDMERIFKRFDTN,purified MHC/competitive/radioactivity,Negative,21000.0,HLA-DPA1*01:03/DPB1*02:01,15
MADDMERIFKRFDTN,purified MHC/competitive/radioactivity,Negative,30100.0,HLA-DPA1*02:01/DPB1*05:01,15
MADDMERIFKRFDTN,purified MHC/competitive/radioactivity,Negative,17400.0,HLA-DPA1*01:03/DPB1*04:01,15
MANSRAFALVLLFCA,purified MHC/competitive/radioactivity,Negative,33300.0,HLA-DPA1*01:03/DPB1*04:01,15
MASSSSVLLVVVLFA,purified MHC/competitive/radioactivity,Negative,29000.0,HLA-DPA1*02:01/DPB1*05:01,15
MGDDHFWAVRGGGGE,purified MHC/competitive/radioactivity,Negative,46700.0,HLA-DPA1*02:01/DPB1*05:01,15
MGKATTEEQKLIEDV,purified MHC/competitive/radioactivity,Negative,32800.0,HLA-DPA1*02:01/DPB1*05:01,15
MIRIIAQGPKATFEA,purified MHC/competitive/radioactivity,Negative,11700.0,HLA-DPA1*03:01/DPB1*04:02,15
MIRIIAQGPKATFEA,purified MHC/competitive/radioactivity,Negative,28600.0,HLA-DPA1*02:01/DPB1*01:01,15
MIRIIAQGPKATFEA,purified MHC/competitive/radioactivity,Negative,12300.0,HLA-DPA1*01:03/DPB1*02:01,15
MKDFDEPGHLAPTGM,purified MHC/competitive/radioactivity,Negative,10300.0,HLA-DPA1*02:01/DPB1*01:01,15
MKDFDEPGHLAPTGM,purified MHC/competitive/radioactivity,Negative,11900.0,HLA-DPA1*01:03/DPB1*02:01,15
MKDFDEPGHLAPTGM,purified MHC/competitive/radioactivity,Negative,23400.0,HLA-DPA1*02:01/DPB1*05:01,15
MKDFDEPGHLAPTGM,purified MHC/competitive/radioactivity,Negative,28300.0,HLA-DPA1*01:03/DPB1*04:01,15
MKDLDEPGHLAPTGM,purified MHC/competitive/radioactivity,Negative,23300.0,HLA-DPA1*03:01/DPB1*04:02,15
MKDLDEPGHLAPTGM,purified MHC/competitive/radioactivity,Negative,29800.0,HLA-DPA1*02:01/DPB1*01:01,15
MKDLDEPGHLAPTGM,purified MHC/competitive/radioactivity,Negative,46700.0,HLA-DPA1*01:03/DPB1*02:01,15
MKDLDEPGHLAPTGM,purified MHC/competitive/radioactivity,Negative,46700.0,HLA-DPA1*02:01/DPB1*05:01,15
MKDLDEPGHLAPTGM,purified MHC/competitive/radioactivity,Negative,46700.0,HLA-DPA1*01:03/DPB1*04:01,15
MLLRKYGIAAENVID,purified MHC/competitive/radioactivity,Negative,29600.0,HLA-DPA1*01:03/DPB1*04:01,15
MSMASSSSSSLLAMA,purified MHC/competitive/radioactivity,Negative,46700.0,HLA-DPA1*02:01/DPB1*05:01,15
MSSKFPELGMNASHC,purified MHC/competitive/radioactivity,Negative,21300.0,HLA-DPA1*03:01/DPB1*04:02,15
MSSKFPELGMNASHC,purified MHC/competitive/radioactivity,Negative,11400.0,HLA-DPA1*02:01/DPB1*01:01,15
MSSKFPELGMNASHC,purified MHC/competitive/radioactivity,Negative,26600.0,HLA-DPA1*01:03/DPB1*02:01,15
MSSKFPELGMNASHC,purified MHC/competitive/radioactivity,Negative,10100.0,HLA-DPA1*02:01/DPB1*05:01,15
NAAYNAADHAAPEDK,purified MHC/competitive/radioactivity,Negative,46700.0,HLA-DPA1*03:01/DPB1*04:02,15
NAAYNAADHAAPEDK,purified MHC/competitive/radioactivity,Negative,29100.0,HLA-DPA1*02:01/DPB1*01:01,15
NAAYNAADHAAPEDK,purified MHC/competitive/radioactivity,Negative,32900.0,HLA-DPA1*01:03/DPB1*02:01,15
NAAYNAADHAAPEDK,purified MHC/competitive/radioactivity,Negative,46700.0,HLA-DPA1*02:01/DPB1*05:01,15
NAAYNAADHAAPEDK,purified MHC/competitive/radioactivity,Negative,46700.0,HLA-DPA1*01:03/DPB1*04:01,15
NAGFKAALAAAAGVP,purified MHC/competitive/radioactivity,Negative,19100.0,HLA-DPA1*02:01/DPB1*05:01,15
NAGFKAALAAAAGVP,purified MHC/competitive/radioactivity,Negative,10900.0,HLA-DPA1*01:03/DPB1*04:01,15
NASHCNEMSWIQSIP,purified MHC/competitive/radioactivity,Negative,24700.0,HLA-DPA1*02:01/DPB1*05:01,15
NDAIKASTGGAYESY,purified MHC/competitive/radioactivity,Negative,46700.0,HLA-DPA1*03:01/DPB1*04:02,15
NDAIKASTGGAYESY,purified MHC/competitive/radioactivity,Negative,21800.0,HLA-DPA1*02:01/DPB1*01:01,15
NDAIKASTGGAYESY,purified MHC/competitive/radioactivity,Negative,25000.0,HLA-DPA1*01:03/DPB1*04:01,15
NDVSTYASGKVWGQK,purified MHC/competitive/radioactivity,Negative,19300.0,HLA-DPA1*03:01/DPB1*04:02,15
NDVSTYASGKVWGQK,purified MHC/competitive/radioactivity,Negative,12400.0,HLA-DPA1*01:03/DPB1*02:01,15
NDVSTYASGKVWGQK,purified MHC/competitive/radioactivity,Negative,29400.0,HLA-DPA1*02:01/DPB1*05:01,15
NFRFMSKGGMRNVFD,purified MHC/competitive/radioactivity,Negative,20700.0,HLA-DPA1*01:03/DPB1*02:01,15
NFRFMSKGGMRNVFD,purified MHC/competitive/radioactivity,Negative,46700.0,HLA-DPA1*02:01/DPB1*05:01,15
NFRFMSKGGMRNVFD,purified MHC/competitive/radioactivity,Negative,12300.0,HLA-DPA1*01:03/DPB1*04:01,15
NGDGDVVAVDIKEKG,purified MHC/competitive/radioactivity,Negative,34900.0,HLA-DPA1*03:01/DPB1*04:02,15
NGDGDVVAVDIKEKG,purified MHC/competitive/radioactivity,Negative,12200.0,HLA-DPA1*02:01/DPB1*01:01,15
NGDGDVVAVDIKEKG,purified MHC/competitive/radioactivity,Negative,46700.0,HLA-DPA1*01:03/DPB1*02:01,15
NGDGDVVAVDIKEKG,purified MHC/competitive/radioactivity,Negative,46700.0,HLA-DPA1*02:01/DPB1*05:01,15
NGDGDVVAVDIKEKG,purified MHC/competitive/radioactivity,Negative,46700.0,HLA-DPA1*01:03/DPB1*04:01,15
NGSAEVHRGAVPRRG,purified MHC/competitive/radioactivity,Negative,46700.0,HLA-DPA1*03:01/DPB1*04:02,15
NGSAEVHRGAVPRRG,purified MHC/competitive/radioactivity,Negative,46700.0,HLA-DPA1*02:01/DPB1*01:01,15
NGSAEVHRGAVPRRG,purified MHC/competitive/radioactivity,Negative,46700.0,HLA-DPA1*01:03/DPB1*02:01,15
NGSAEVHRGAVPRRG,purified MHC/competitive/radioactivity,Negative,32000.0,HLA-DPA1*02:01/DPB1*05:01,15
NGSAEVHRGAVPRRG,purified MHC/competitive/radioactivity,Negative,46700.0,HLA-DPA1*01:03/DPB1*04:01,15
NKICTSKGDSARVTV,purified MHC/competitive/radioactivity,Negative,14900.0,HLA-DPA1*03:01/DPB1*04:02,15
NKICTSKGDSARVTV,purified MHC/competitive/radioactivity,Negative,46700.0,HLA-DPA1*02:01/DPB1*01:01,15
NKICTSKGDSARVTV,purified MHC/competitive/radioactivity,Negative,35700.0,HLA-DPA1*01:03/DPB1*02:01,15
NKICTSKGDSARVTV,purified MHC/competitive/radioactivity,Negative,41600.0,HLA-DPA1*02:01/DPB1*05:01,15
NKICTSKGDSARVTV,purified MHC/competitive/radioactivity,Negative,46700.0,HLA-DPA1*01:03/DPB1*04:01,15
NLADAVSKAPQLVPK,purified MHC/competitive/radioactivity,Negative,17800.0,HLA-DPA1*03:01/DPB1*04:02,15
NLADAVSKAPQLVPK,purified MHC/competitive/radioactivity,Negative,12600.0,HLA-DPA1*02:01/DPB1*01:01,15
NLADAVSKAPQLVPK,purified MHC/competitive/radioactivity,Negative,15000.0,HLA-DPA1*01:03/DPB1*02:01,15
NLADAVSKAPQLVPK,purified MHC/competitive/radioactivity,Negative,31600.0,HLA-DPA1*02:01/DPB1*05:01,15
NPRQAYANYRDIDLG,purified MHC/competitive/radioactivity,Negative,35200.0,HLA-DPA1*03:01/DPB1*04:02,15
NPRQAYANYRDIDLG,purified MHC/competitive/radioactivity,Negative,11400.0,HLA-DPA1*02:01/DPB1*01:01,15
NPRQAYANYRDIDLG,purified MHC/competitive/radioactivity,Negative,42300.0,HLA-DPA1*02:01/DPB1*05:01,15
NSCAKNYNCKILPNT,purified MHC/competitive/radioactivity,Negative,22900.0,HLA-DPA1*02:01/DPB1*01:01,15
NSCAKNYNCKILPNT,purified MHC/competitive/radioactivity,Negative,46700.0,HLA-DPA1*01:03/DPB1*02:01,15
NSCAKNYNCKILPNT,purified MHC/competitive/radioactivity,Negative,46700.0,HLA-DPA1*01:03/DPB1*04:01,15
NVSHIQSAVVCGRRH,purified MHC/competitive/radioactivity,Negative,26900.0,HLA-DPA1*02:01/DPB1*01:01,15
NVSHIQSAVVCGRRH,purified MHC/competitive/radioactivity,Negative,17300.0,HLA-DPA1*01:03/DPB1*02:01,15
NVSHIQSAVVCGRRH,purified MHC/competitive/radioactivity,Negative,46700.0,HLA-DPA1*02:01/DPB1*05:01,15
NVSHIQSAVVCGRRH,purified MHC/competitive/radioactivity,Negative,22900.0,HLA-DPA1*01:03/DPB1*04:01,15
NVWEVKSSKPLVGPF,purified MHC/competitive/radioactivity,Negative,11000.0,HLA-DPA1*02:01/DPB1*05:01,15
NYLALLVKFVAGDGD,purified MHC/competitive/radioactivity,Negative,10200.0,HLA-DPA1*03:01/DPB1*04:02,15
NYLALLVKFVAGDGD,purified MHC/competitive/radioactivity,Negative,16400.0,HLA-DPA1*02:01/DPB1*01:01,15
NYLALLVKYVNGDGD,purified MHC/competitive/radioactivity,Negative,21100.0,HLA-DPA1*02:01/DPB1*01:01,15
NYLALLVKYVNGDGD,purified MHC/competitive/radioactivity,Negative,18800.0,HLA-DPA1*01:03/DPB1*02:01,15
NYLALLVKYVNGDGD,purified MHC/competitive/radioactivity,Negative,30300.0,HLA-DPA1*02:01/DPB1*05:01,15
PADKYKTLEAAFTVS,purified MHC/competitive/radioactivity,Negative,46700.0,HLA-DPA1*01:03/DPB1*04:01,15
PAGVCPTIGVGGNFA,purified MHC/competitive/radioactivity,Negative,46700.0,HLA-DPA1*03:01/DPB1*04:02,15
PAGVCPTIGVGGNFA,purified MHC/competitive/radioactivity,Negative,46700.0,HLA-DPA1*02:01/DPB1*01:01,15
PAGVCPTIGVGGNFA,purified MHC/competitive/radioactivity,Negative,46700.0,HLA-DPA1*01:03/DPB1*02:01,15
PAGVCPTIGVGGNFA,purified MHC/competitive/radioactivity,Negative,23400.0,HLA-DPA1*02:01/DPB1*05:01,15
PAGVCPTIGVGGNFA,purified MHC/competitive/radioactivity,Negative,20900.0,HLA-DPA1*01:03/DPB1*04:01,15
PATPAAPGAGYTPAT,purified MHC/competitive/radioactivity,Negative,46700.0,HLA-DPA1*03:01/DPB1*04:02,15
PATPAAPGAGYTPAT,purified MHC/competitive/radioactivity,Negative,46700.0,HLA-DPA1*02:01/DPB1*01:01,15
PATPAAPGAGYTPAT,purified MHC/competitive/radioactivity,Negative,41300.0,HLA-DPA1*01:03/DPB1*02:01,15
PATPAAPGAGYTPAT,purified MHC/competitive/radioactivity,Negative,46700.0,HLA-DPA1*02:01/DPB1*05:01,15
PATPAAPGAGYTPAT,purified MHC/competitive/radioactivity,Negative,24700.0,HLA-DPA1*01:03/DPB1*04:01,15
PCKGDSVTIKLDGNL,purified MHC/competitive/radioactivity,Negative,12300.0,HLA-DPA1*02:01/DPB1*01:01,15
PCKGDSVTIKLDGNL,purified MHC/competitive/radioactivity,Negative,31300.0,HLA-DPA1*01:03/DPB1*02:01,15
PCKGDSVTIKLDGNL,purified MHC/competitive/radioactivity,Negative,46700.0,HLA-DPA1*02:01/DPB1*05:01,15
PCKGDSVTIKLDGNL,purified MHC/competitive/radioactivity,Negative,46700.0,HLA-DPA1*01:03/DPB1*04:01,15
PCRAGFETNVSHNVQ,purified MHC/competitive/radioactivity,Negative,16800.0,HLA-DPA1*02:01/DPB1*05:01,15
PDNVKPIYIVTPTNA,purified MHC/competitive/radioactivity,Negative,11900.0,HLA-DPA1*03:01/DPB1*04:02,15
PDNVKPIYIVTPTNA,purified MHC/competitive/radioactivity,Negative,30900.0,HLA-DPA1*01:03/DPB1*04:01,15
PDTTCSEIEEFRDRA,purified MHC/competitive/radioactivity,Negative,16800.0,HLA-DPA1*02:01/DPB1*05:01,15
PDTTCSEIEEFRDRA,purified MHC/competitive/radioactivity,Negative,28300.0,HLA-DPA1*01:03/DPB1*04:01,15
PELGMNASHCNEMSW,purified MHC/competitive/radioactivity,Negative,11400.0,HLA-DPA1*03:01/DPB1*04:02,15
PELGMNASHCNEMSW,purified MHC/competitive/radioactivity,Negative,14300.0,HLA-DPA1*02:01/DPB1*01:01,15
PELGMNASHCNEMSW,purified MHC/competitive/radioactivity,Negative,46700.0,HLA-DPA1*01:03/DPB1*02:01,15
PELGMNASHCNEMSW,purified MHC/competitive/radioactivity,Negative,35700.0,HLA-DPA1*02:01/DPB1*05:01,15
PFTVRYTTEGGTKGE,purified MHC/competitive/radioactivity,Negative,22900.0,HLA-DPA1*03:01/DPB1*04:02,15
PFTVRYTTEGGTKGE,purified MHC/competitive/radioactivity,Negative,22100.0,HLA-DPA1*02:01/DPB1*05:01,15
PFTVRYTTEGGTKGE,purified MHC/competitive/radioactivity,Negative,16700.0,HLA-DPA1*01:03/DPB1*04:01,15
PFTVRYTTEGGTKTE,purified MHC/competitive/radioactivity,Negative,26000.0,HLA-DPA1*03:01/DPB1*04:02,15
PFTVRYTTEGGTKTE,purified MHC/competitive/radioactivity,Negative,31000.0,HLA-DPA1*02:01/DPB1*05:01,15
PFTVRYTTEGGTKTE,purified MHC/competitive/radioactivity,Negative,12000.0,HLA-DPA1*01:03/DPB1*04:01,15
PGDSLAEVELRQHGS,purified MHC/competitive/radioactivity,Negative,12900.0,HLA-DPA1*01:03/DPB1*04:01,15
PGHGISVGSLGRYKD,purified MHC/competitive/radioactivity,Negative,45800.0,HLA-DPA1*03:01/DPB1*04:02,15
PGHGISVGSLGRYKD,purified MHC/competitive/radioactivity,Negative,45700.0,HLA-DPA1*02:01/DPB1*01:01,15
PGHGISVGSLGRYKD,purified MHC/competitive/radioactivity,Negative,16200.0,HLA-DPA1*01:03/DPB1*02:01,15
PGHGISVGSLGRYKD,purified MHC/competitive/radioactivity,Negative,33700.0,HLA-DPA1*02:01/DPB1*05:01,15
PGHGISVGSLGRYKD,purified MHC/competitive/radioactivity,Negative,34800.0,HLA-DPA1*01:03/DPB1*04:01,15
PGMAKIPAGELQIID,purified MHC/competitive/radioactivity,Negative,22400.0,HLA-DPA1*03:01/DPB1*04:02,15
PGMAKIPAGELQIID,purified MHC/competitive/radioactivity,Negative,10800.0,HLA-DPA1*01:03/DPB1*02:01,15
PGMAKIPAGELQIID,purified MHC/competitive/radioactivity,Negative,35500.0,HLA-DPA1*01:03/DPB1*04:01,15
PGPNITATYGGKWLD,purified MHC/competitive/radioactivity,Negative,36300.0,HLA-DPA1*02:01/DPB1*01:01,15
PGPNITATYGGKWLD,purified MHC/competitive/radioactivity,Negative,39300.0,HLA-DPA1*03:01/DPB1*04:02,15
PGPNITATYGGKWLD,purified MHC/competitive/radioactivity,Negative,46700.0,HLA-DPA1*02:01/DPB1*05:01,15
PIIIDQKYCPNKICT,purified MHC/competitive/radioactivity,Negative,23100.0,HLA-DPA1*03:01/DPB1*04:02,15
PIIIDQKYCPNKICT,purified MHC/competitive/radioactivity,Negative,17000.0,HLA-DPA1*02:01/DPB1*01:01,15
PIIIDQKYCPNKICT,purified MHC/competitive/radioactivity,Negative,25000.0,HLA-DPA1*01:03/DPB1*04:01,15
PISVTAPPPQLPRPP,purified MHC/competitive/radioactivity,Negative,15600.0,HLA-DPA1*03:01/DPB1*04:02,15
PISVTAPPPQLPRPP,purified MHC/competitive/radioactivity,Negative,13300.0,HLA-DPA1*02:01/DPB1*01:01,15
PISVTAPPPQLPRPP,purified MHC/competitive/radioactivity,Negative,11200.0,HLA-DPA1*02:01/DPB1*05:01,15
PIYIVTPTNASHIQS,purified MHC/competitive/radioactivity,Negative,27600.0,HLA-DPA1*02:01/DPB1*01:01,15
PIYIVTPTNASHIQS,purified MHC/competitive/radioactivity,Negative,12000.0,HLA-DPA1*01:03/DPB1*02:01,15
PIYIVTPTNASHIQS,purified MHC/competitive/radioactivity,Negative,46700.0,HLA-DPA1*02:01/DPB1*05:01,15
PKGGAESSSKAALTS,purified MHC/competitive/radioactivity,Negative,15300.0,HLA-DPA1*02:01/DPB1*05:01,15
PKGGAESSSKAALTS,purified MHC/competitive/radioactivity,Negative,46700.0,HLA-DPA1*01:03/DPB1*04:01,15
PLSWSKEIYNYMEPY,purified MHC/competitive/radioactivity,Negative,18000.0,HLA-DPA1*02:01/DPB1*05:01,15
PNITATYGDKWLDAK,purified MHC/competitive/radioactivity,Negative,34900.0,HLA-DPA1*02:01/DPB1*05:01,15
PNTDGIHIGDSSKVT,purified MHC/competitive/radioactivity,Negative,46700.0,HLA-DPA1*03:01/DPB1*04:02,15
PNTDGIHIGDSSKVT,purified MHC/competitive/radioactivity,Negative,46700.0,HLA-DPA1*02:01/DPB1*01:01,15
PNTDGIHIGDSSKVT,purified MHC/competitive/radioactivity,Negative,46700.0,HLA-DPA1*01:03/DPB1*02:01,15
PNTDGIHIGDSSKVT,purified MHC/competitive/radioactivity,Negative,27100.0,HLA-DPA1*02:01/DPB1*05:01,15
PNTDGIHIGDSSKVT,purified MHC/competitive/radioactivity,Negative,46700.0,HLA-DPA1*01:03/DPB1*04:01,15
PPPPQLGASPYKLGP,purified MHC/competitive/radioactivity,Negative,30300.0,HLA-DPA1*03:01/DPB1*04:02,15
PPPPQLGASPYKLGP,purified MHC/competitive/radioactivity,Negative,11700.0,HLA-DPA1*02:01/DPB1*05:01,15
PRGGPGRSYAADAGY,purified MHC/competitive/radioactivity,Negative,46700.0,HLA-DPA1*03:01/DPB1*04:02,15
PRGGPGRSYAADAGY,purified MHC/competitive/radioactivity,Negative,46700.0,HLA-DPA1*02:01/DPB1*01:01,15
PRGGPGRSYAADAGY,purified MHC/competitive/radioactivity,Negative,38300.0,HLA-DPA1*01:03/DPB1*02:01,15
PRGGPGRSYAADAGY,purified MHC/competitive/radioactivity,Negative,21800.0,HLA-DPA1*02:01/DPB1*05:01,15
PRGGPGRSYAADAGY,purified MHC/competitive/radioactivity,Negative,46700.0,HLA-DPA1*01:03/DPB1*04:01,15
PRLLYAKSSPAYPSV,purified MHC/competitive/radioactivity,Negative,18300.0,HLA-DPA1*01:03/DPB1*04:01,15
PTIGVGGNFAGGGFG,purified MHC/competitive/radioactivity,Negative,28200.0,HLA-DPA1*03:01/DPB1*04:02,15
PTIGVGGNFAGGGFG,purified MHC/competitive/radioactivity,Negative,30100.0,HLA-DPA1*02:01/DPB1*01:01,15
PTIGVGGNFAGGGFG,purified MHC/competitive/radioactivity,Negative,25200.0,HLA-DPA1*02:01/DPB1*05:01,15
PTIGVGGNFAGGGFG,purified MHC/competitive/radioactivity,Negative,11000.0,HLA-DPA1*01:03/DPB1*04:01,15
PTLAFPAGVCPTIGV,purified MHC/competitive/radioactivity,Negative,15300.0,HLA-DPA1*03:01/DPB1*04:02,15
PTLAFPAGVCPTIGV,purified MHC/competitive/radioactivity,Negative,14900.0,HLA-DPA1*02:01/DPB1*01:01,15
PTLAFPAGVCPTIGV,purified MHC/competitive/radioactivity,Negative,14900.0,HLA-DPA1*02:01/DPB1*05:01,15
PVTEEPGMAKIPAGE,purified MHC/competitive/radioactivity,Negative,46700.0,HLA-DPA1*03:01/DPB1*04:02,15
PVTEEPGMAKIPAGE,purified MHC/competitive/radioactivity,Negative,46700.0,HLA-DPA1*02:01/DPB1*01:01,15
PVTEEPGMAKIPAGE,purified MHC/competitive/radioactivity,Negative,40900.0,HLA-DPA1*01:03/DPB1*02:01,15
PVTEEPGMAKIPAGE,purified MHC/competitive/radioactivity,Negative,46700.0,HLA-DPA1*02:01/DPB1*05:01,15
PVTEEPGMAKIPAGE,purified MHC/competitive/radioactivity,Negative,46700.0,HLA-DPA1*01:03/DPB1*04:01,15
PYGATISATPEWATP,purified MHC/competitive/radioactivity,Negative,22000.0,HLA-DPA1*02:01/DPB1*05:01,15
PYGATISATPEWATP,purified MHC/competitive/radioactivity,Negative,21500.0,HLA-DPA1*01:03/DPB1*04:01,15
PYVSKNPRQAYANYR,purified MHC/competitive/radioactivity,Negative,46700.0,HLA-DPA1*03:01/DPB1*04:02,15
PYVSKNPRQAYANYR,purified MHC/competitive/radioactivity,Negative,41300.0,HLA-DPA1*02:01/DPB1*01:01,15
PYVSKNPRQAYANYR,purified MHC/competitive/radioactivity,Negative,15200.0,HLA-DPA1*01:03/DPB1*02:01,15
PYVSKNPRQAYANYR,purified MHC/competitive/radioactivity,Negative,42300.0,HLA-DPA1*02:01/DPB1*05:01,15
PYVSKNPRQAYANYR,purified MHC/competitive/radioactivity,Negative,46700.0,HLA-DPA1*01:03/DPB1*04:01,15
QAYAATVAAAPQVKY,purified MHC/competitive/radioactivity,Negative,13000.0,HLA-DPA1*03:01/DPB1*04:02,15
QFKPEEITGIMKDFD,purified MHC/competitive/radioactivity,Negative,13900.0,HLA-DPA1*02:01/DPB1*05:01,15
QFKPEEITGIMKDFD,purified MHC/competitive/radioactivity,Negative,39800.0,HLA-DPA1*01:03/DPB1*04:01,15
QFKPEEITGIMKDLD,purified MHC/competitive/radioactivity,Negative,46700.0,HLA-DPA1*02:01/DPB1*05:01,15
QFRRVKCKYPEGTKV,purified MHC/competitive/radioactivity,Negative,43800.0,HLA-DPA1*03:01/DPB1*04:02,15
QFRRVKCKYPEGTKV,purified MHC/competitive/radioactivity,Negative,27200.0,HLA-DPA1*02:01/DPB1*01:01,15
QFRRVKCKYPEGTKV,purified MHC/competitive/radioactivity,Negative,37500.0,HLA-DPA1*01:03/DPB1*02:01,15
QFRRVKCKYPEGTKV,purified MHC/competitive/radioactivity,Negative,28900.0,HLA-DPA1*02:01/DPB1*05:01,15
QFRRVKCKYPEGTKV,purified MHC/competitive/radioactivity,Negative,28400.0,HLA-DPA1*01:03/DPB1*04:01,15
QGEPGAVIRGKKGAG,purified MHC/competitive/radioactivity,Negative,11900.0,HLA-DPA1*03:01/DPB1*04:02,15
QGEPGAVIRGKKGAG,purified MHC/competitive/radioactivity,Negative,36100.0,HLA-DPA1*02:01/DPB1*01:01,15
QGEPGAVIRGKKGAG,purified MHC/competitive/radioactivity,Negative,15800.0,HLA-DPA1*01:03/DPB1*02:01,15
QGEPGAVIRGKKGAG,purified MHC/competitive/radioactivity,Negative,46700.0,HLA-DPA1*02:01/DPB1*05:01,15
QGEPGAVIRGKKGAG,purified MHC/competitive/radioactivity,Negative,46700.0,HLA-DPA1*01:03/DPB1*04:01,15
QGEPGRVIRGKKGAG,purified MHC/competitive/radioactivity,Negative,46700.0,HLA-DPA1*02:01/DPB1*01:01,15
QGEPGRVIRGKKGAG,purified MHC/competitive/radioactivity,Negative,46700.0,HLA-DPA1*01:03/DPB1*02:01,15
QGEPGRVIRGKKGAG,purified MHC/competitive/radioactivity,Negative,10500.0,HLA-DPA1*02:01/DPB1*05:01,15
QGEPGRVIRGKKGAG,purified MHC/competitive/radioactivity,Negative,46700.0,HLA-DPA1*01:03/DPB1*04:01,15
QKYCPNKICTSKGDS,purified MHC/competitive/radioactivity,Negative,34900.0,HLA-DPA1*03:01/DPB1*04:02,15
QKYCPNKICTSKGDS,purified MHC/competitive/radioactivity,Negative,16000.0,HLA-DPA1*02:01/DPB1*01:01,15
QKYCPNKICTSKGDS,purified MHC/competitive/radioactivity,Negative,23100.0,HLA-DPA1*01:03/DPB1*02:01,15
QKYCPNKICTSKGDS,purified MHC/competitive/radioactivity,Negative,23800.0,HLA-DPA1*02:01/DPB1*05:01,15
QKYCPNKICTSKGDS,purified MHC/competitive/radioactivity,Negative,26600.0,HLA-DPA1*01:03/DPB1*04:01,15
QLVPKLDEVYNAAYN,purified MHC/competitive/radioactivity,Negative,31600.0,HLA-DPA1*01:03/DPB1*04:01,15
QRMMAEIDTDGDGFI,purified MHC/competitive/radioactivity,Negative,28200.0,HLA-DPA1*03:01/DPB1*04:02,15
QRMMAEIDTDGDGFI,purified MHC/competitive/radioactivity,Negative,12900.0,HLA-DPA1*02:01/DPB1*01:01,15
QRMMAEIDTDGDGFI,purified MHC/competitive/radioactivity,Negative,46700.0,HLA-DPA1*02:01/DPB1*05:01,15
QRMMAEIDTDGDGFI,purified MHC/competitive/radioactivity,Negative,46700.0,HLA-DPA1*01:03/DPB1*04:01,15
QSAVVCGRRHSVRIR,purified MHC/competitive/radioactivity,Negative,46700.0,HLA-DPA1*03:01/DPB1*04:02,15
QSAVVCGRRHSVRIR,purified MHC/competitive/radioactivity,Negative,46700.0,HLA-DPA1*02:01/DPB1*01:01,15
QSAVVCGRRHSVRIR,purified MHC/competitive/radioactivity,Negative,46700.0,HLA-DPA1*01:03/DPB1*02:01,15
QSAVVCGRRHSVRIR,purified MHC/competitive/radioactivity,Negative,14000.0,HLA-DPA1*02:01/DPB1*05:01,15
QSAVVCGRRHSVRIR,purified MHC/competitive/radioactivity,Negative,46700.0,HLA-DPA1*01:03/DPB1*04:01,15
QVAFSYFPPPAAKED,purified MHC/competitive/radioactivity,Negative,39300.0,HLA-DPA1*02:01/DPB1*05:01,15
RFDTNGDGKISLSEL,purified MHC/competitive/radioactivity,Negative,14800.0,HLA-DPA1*02:01/DPB1*01:01,15
RFDTNGDGKISLSEL,purified MHC/competitive/radioactivity,Negative,34200.0,HLA-DPA1*02:01/DPB1*05:01,15
RFDTNGDGKISLSEL,purified MHC/competitive/radioactivity,Negative,46700.0,HLA-DPA1*01:03/DPB1*04:01,15
RIDTPDKLTGPFTVR,purified MHC/competitive/radioactivity,Negative,29700.0,HLA-DPA1*03:01/DPB1*04:02,15
RIDTPDKLTGPFTVR,purified MHC/competitive/radioactivity,Negative,31900.0,HLA-DPA1*02:01/DPB1*01:01,15
RIDTPDKLTGPFTVR,purified MHC/competitive/radioactivity,Negative,23700.0,HLA-DPA1*01:03/DPB1*02:01,15
RIDTPDKLTGPFTVR,purified MHC/competitive/radioactivity,Negative,46700.0,HLA-DPA1*02:01/DPB1*05:01,15
RIDTPDKLTGPFTVR,purified MHC/competitive/radioactivity,Negative,34600.0,HLA-DPA1*01:03/DPB1*04:01,15
RIDTPEVLKGPFTVR,purified MHC/competitive/radioactivity,Negative,46700.0,HLA-DPA1*02:01/DPB1*05:01,15
RIDTPEVLKGPFTVR,purified MHC/competitive/radioactivity,Negative,14100.0,HLA-DPA1*01:03/DPB1*04:01,15
RNITGTSSTPEAVSL,purified MHC/competitive/radioactivity,Negative,27400.0,HLA-DPA1*03:01/DPB1*04:02,15
RNITGTSSTPEAVSL,purified MHC/competitive/radioactivity,Negative,13200.0,HLA-DPA1*02:01/DPB1*05:01,15
RNITGTSSTPEAVSL,purified MHC/competitive/radioactivity,Negative,22300.0,HLA-DPA1*01:03/DPB1*04:01,15
RNSRWSSPDNVKPLY,purified MHC/competitive/radioactivity,Negative,13100.0,HLA-DPA1*03:01/DPB1*04:02,15
RNSRWSSPDNVKPLY,purified MHC/competitive/radioactivity,Negative,33700.0,HLA-DPA1*02:01/DPB1*01:01,15
RNSRWSSPDNVKPLY,purified MHC/competitive/radioactivity,Negative,46700.0,HLA-DPA1*01:03/DPB1*02:01,15
RNSRWSSPDNVKPLY,purified MHC/competitive/radioactivity,Negative,46700.0,HLA-DPA1*02:01/DPB1*05:01,15
RNSRWSSPDNVKPLY,purified MHC/competitive/radioactivity,Negative,46700.0,HLA-DPA1*01:03/DPB1*04:01,15
RNVFDEVIPTAFSIG,purified MHC/competitive/radioactivity,Negative,16500.0,HLA-DPA1*02:01/DPB1*05:01,15
RQHGSEEWEPLTKKG,purified MHC/competitive/radioactivity,Negative,25700.0,HLA-DPA1*03:01/DPB1*04:02,15
RQHGSEEWEPLTKKG,purified MHC/competitive/radioactivity,Negative,14700.0,HLA-DPA1*02:01/DPB1*01:01,15
RQHGSEEWEPLTKKG,purified MHC/competitive/radioactivity,Negative,17400.0,HLA-DPA1*01:03/DPB1*02:01,15
RQHGSEEWEPLTKKG,purified MHC/competitive/radioactivity,Negative,17900.0,HLA-DPA1*02:01/DPB1*05:01,15
RQHGSEEWEPLTKKG,purified MHC/competitive/radioactivity,Negative,10600.0,HLA-DPA1*01:03/DPB1*04:01,15
RRHGVRIRVRSGGHD,purified MHC/competitive/radioactivity,Negative,29500.0,HLA-DPA1*03:01/DPB1*04:02,15
RRHGVRIRVRSGGHD,purified MHC/competitive/radioactivity,Negative,17600.0,HLA-DPA1*02:01/DPB1*01:01,15
RRHGVRIRVRSGGHD,purified MHC/competitive/radioactivity,Negative,46700.0,HLA-DPA1*01:03/DPB1*02:01,15
RRHGVRIRVRSGGHD,purified MHC/competitive/radioactivity,Negative,10100.0,HLA-DPA1*02:01/DPB1*05:01,15
RRHGVRIRVRSGGHD,purified MHC/competitive/radioactivity,Negative,23600.0,HLA-DPA1*01:03/DPB1*04:01,15
RVIRGKKGAGGITIK,purified MHC/competitive/radioactivity,Negative,12900.0,HLA-DPA1*02:01/DPB1*01:01,15
RVIRGKKGAGGITIK,purified MHC/competitive/radioactivity,Negative,32800.0,HLA-DPA1*01:03/DPB1*04:01,15
RVPLTSNNGIKQQGI,purified MHC/competitive/radioactivity,Negative,38100.0,HLA-DPA1*01:03/DPB1*04:01,15
RVWEQIFSTWLLKPG,purified MHC/competitive/radioactivity,Negative,46700.0,HLA-DPA1*01:03/DPB1*04:02,15
RVYCDPCRAGFETNV,purified MHC/competitive/radioactivity,Negative,46700.0,HLA-DPA1*02:01/DPB1*05:01,15
RWQVVAPQLPDDLMI,purified MHC/competitive/radioactivity,Negative,10300.0,HLA-DPA1*03:01/DPB1*04:02,15
RWQVVAPQLPDDLMI,purified MHC/competitive/radioactivity,Negative,11400.0,HLA-DPA1*02:01/DPB1*01:01,15
RWQVVAPQLPDDLMI,purified MHC/competitive/radioactivity,Negative,13400.0,HLA-DPA1*01:03/DPB1*02:01,15
RWQVVAPQLPDDLMI,purified MHC/competitive/radioactivity,Negative,46700.0,HLA-DPA1*02:01/DPB1*05:01,15
RWQVVAPQLPDDLMI,purified MHC/competitive/radioactivity,Negative,13400.0,HLA-DPA1*01:03/DPB1*04:01,15
SADEVQRMMAEIDTD,purified MHC/competitive/radioactivity,Negative,10900.0,HLA-DPA1*02:01/DPB1*01:01,15
SADEVQRMMAEIDTD,purified MHC/competitive/radioactivity,Negative,46700.0,HLA-DPA1*02:01/DPB1*05:01,15
SADEVQRMMAEIDTD,purified MHC/competitive/radioactivity,Negative,27700.0,HLA-DPA1*01:03/DPB1*04:01,15
SADEVQRMMAEIDTD,purified MHC/competitive/radioactivity,Negative,19000.0,HLA-DPA1*01:03/DPB1*04:02,15
SADFPQFKPEEITGI,purified MHC/competitive/radioactivity,Negative,46700.0,HLA-DPA1*02:01/DPB1*05:01,15
SEAQKAAKPAAAATA,purified MHC/competitive/radioactivity,Negative,46700.0,HLA-DPA1*03:01/DPB1*04:02,15
SEAQKAAKPAAAATA,purified MHC/competitive/radioactivity,Negative,46700.0,HLA-DPA1*02:01/DPB1*01:01,15
SEAQKAAKPAAAATA,purified MHC/competitive/radioactivity,Negative,46700.0,HLA-DPA1*01:03/DPB1*02:01,15
SEAQKAAKPAAAATA,purified MHC/competitive/radioactivity,Negative,46700.0,HLA-DPA1*02:01/DPB1*05:01,15
SEAQKAAKPAAAATA,purified MHC/competitive/radioactivity,Negative,46700.0,HLA-DPA1*01:03/DPB1*04:01,15
SEIEEFRDRARVPLT,purified MHC/competitive/radioactivity,Negative,27000.0,HLA-DPA1*03:01/DPB1*04:02,15
SEIEEFRDRARVPLT,purified MHC/competitive/radioactivity,Negative,11200.0,HLA-DPA1*02:01/DPB1*01:01,15
SEIEEFRDRARVPLT,purified MHC/competitive/radioactivity,Negative,15100.0,HLA-DPA1*01:03/DPB1*02:01,15
SEIEEFRDRARVPLT,purified MHC/competitive/radioactivity,Negative,35400.0,HLA-DPA1*02:01/DPB1*05:01,15
SEIEEFRDRARVPLT,purified MHC/competitive/radioactivity,Negative,38200.0,HLA-DPA1*01:03/DPB1*04:01,15
SERPAIVPPADKYRT,purified MHC/competitive/radioactivity,Negative,46700.0,HLA-DPA1*03:01/DPB1*04:02,15
SERPAIVPPADKYRT,purified MHC/competitive/radioactivity,Negative,12500.0,HLA-DPA1*02:01/DPB1*01:01,15
SERPAIVPPADKYRT,purified MHC/competitive/radioactivity,Negative,18800.0,HLA-DPA1*01:03/DPB1*02:01,15
SERPAIVPPADKYRT,purified MHC/competitive/radioactivity,Negative,21700.0,HLA-DPA1*02:01/DPB1*05:01,15
SERPAIVPPADKYRT,purified MHC/competitive/radioactivity,Negative,46700.0,HLA-DPA1*01:03/DPB1*04:01,15
SGHAFGAMAKKGDEQ,purified MHC/competitive/radioactivity,Negative,20400.0,HLA-DPA1*03:01/DPB1*04:02,15
SGHAFGAMAKKGDEQ,purified MHC/competitive/radioactivity,Negative,16600.0,HLA-DPA1*02:01/DPB1*01:01,15
SGHAFGAMAKKGDEQ,purified MHC/competitive/radioactivity,Negative,46700.0,HLA-DPA1*02:01/DPB1*05:01,15
SGHAFGAMAKKGDEQ,purified MHC/competitive/radioactivity,Negative,15400.0,HLA-DPA1*01:03/DPB1*04:01,15
SGIAFGSMAKKGDEQ,purified MHC/competitive/radioactivity,Negative,46700.0,HLA-DPA1*03:01/DPB1*04:02,15
SGIAFGSMAKKGDEQ,purified MHC/competitive/radioactivity,Negative,46700.0,HLA-DPA1*02:01/DPB1*01:01,15
SGIAFGSMAKKGDEQ,purified MHC/competitive/radioactivity,Negative,46700.0,HLA-DPA1*01:03/DPB1*02:01,15
SGIAFGSMAKKGDEQ,purified MHC/competitive/radioactivity,Negative,24300.0,HLA-DPA1*02:01/DPB1*05:01,15
SGIAFGSMAKKGDEQ,purified MHC/competitive/radioactivity,Negative,30800.0,HLA-DPA1*01:03/DPB1*04:01,15
SGTNNKTMAVCTNAK,purified MHC/competitive/radioactivity,Negative,11700.0,HLA-DPA1*03:01/DPB1*04:02,15
SGTNNKTMAVCTNAK,purified MHC/competitive/radioactivity,Negative,11500.0,HLA-DPA1*02:01/DPB1*01:01,15
SGTNNKTMAVCTNAK,purified MHC/competitive/radioactivity,Negative,19700.0,HLA-DPA1*01:03/DPB1*02:01,15
SGTNNKTMAVCTNAK,purified MHC/competitive/radioactivity,Negative,11700.0,HLA-DPA1*01:03/DPB1*04:01,15
SHIQSAVVCGRRHGV,purified MHC/competitive/radioactivity,Negative,22400.0,HLA-DPA1*02:01/DPB1*01:01,15
SHIQSAVVCGRRHGV,purified MHC/competitive/radioactivity,Negative,30800.0,HLA-DPA1*01:03/DPB1*02:01,15
SHIQSAVVCGRRHGV,purified MHC/competitive/radioactivity,Negative,37800.0,HLA-DPA1*02:01/DPB1*05:01,15
SHIQSAVVCGRRHGV,purified MHC/competitive/radioactivity,Negative,46700.0,HLA-DPA1*01:03/DPB1*04:01,15
SHNVQGATVAVDCRP,purified MHC/competitive/radioactivity,Negative,34200.0,HLA-DPA1*03:01/DPB1*04:02,15
SHNVQGATVAVDCRP,purified MHC/competitive/radioactivity,Negative,22200.0,HLA-DPA1*02:01/DPB1*05:01,15
SHNVQGATVAVDCRP,purified MHC/competitive/radioactivity,Negative,46700.0,HLA-DPA1*01:03/DPB1*04:01,15
SKGDSARVTVKDVTF,purified MHC/competitive/radioactivity,Negative,40900.0,HLA-DPA1*03:01/DPB1*04:02,15
SKGDSARVTVKDVTF,purified MHC/competitive/radioactivity,Negative,28700.0,HLA-DPA1*02:01/DPB1*01:01,15
SKGDSARVTVKDVTF,purified MHC/competitive/radioactivity,Negative,13300.0,HLA-DPA1*01:03/DPB1*02:01,15
SKGDSARVTVKDVTF,purified MHC/competitive/radioactivity,Negative,21200.0,HLA-DPA1*02:01/DPB1*05:01,15
SKGDSARVTVKDVTF,purified MHC/competitive/radioactivity,Negative,46700.0,HLA-DPA1*01:03/DPB1*04:01,15
SKGGMRNVFDEVIPT,purified MHC/competitive/radioactivity,Negative,12100.0,HLA-DPA1*03:01/DPB1*04:02,15
SKGGMRNVFDEVIPT,purified MHC/competitive/radioactivity,Negative,26300.0,HLA-DPA1*02:01/DPB1*05:01,15
SKLKAEATTDGLGWY,purified MHC/competitive/radioactivity,Negative,19000.0,HLA-DPA1*03:01/DPB1*04:02,15
SKLKAEATTDGLGWY,purified MHC/competitive/radioactivity,Negative,10500.0,HLA-DPA1*01:03/DPB1*04:01,15
SKLTYENVKMEDVGY,purified MHC/competitive/radioactivity,Negative,15200.0,HLA-DPA1*02:01/DPB1*05:01,15
SLSELTDALRTLGST,purified MHC/competitive/radioactivity,Negative,10100.0,HLA-DPA1*01:03/DPB1*02:01,15
SLSELTDALRTLGST,purified MHC/competitive/radioactivity,Negative,10200.0,HLA-DPA1*02:01/DPB1*05:01,15
SLSELTDALRTLGST,purified MHC/competitive/radioactivity,Negative,23200.0,HLA-DPA1*01:03/DPB1*04:01,15
SNKAFAEGLSGEPKG,purified MHC/competitive/radioactivity,Negative,34400.0,HLA-DPA1*01:03/DPB1*04:01,15
SNNGIKQQGIRYANP,purified MHC/competitive/radioactivity,Negative,24200.0,HLA-DPA1*03:01/DPB1*04:02,15
SNNGIKQQGIRYANP,purified MHC/competitive/radioactivity,Negative,20100.0,HLA-DPA1*01:03/DPB1*02:01,15
SNNGIKQQGIRYANP,purified MHC/competitive/radioactivity,Negative,11900.0,HLA-DPA1*02:01/DPB1*05:01,15
SNNGIKQQGIRYANP,purified MHC/competitive/radioactivity,Negative,46700.0,HLA-DPA1*01:03/DPB1*04:01,15
SPKARSERPAIVPPA,purified MHC/competitive/radioactivity,Negative,35400.0,HLA-DPA1*03:01/DPB1*04:02,15
SQPATGAATVAAGAA,purified MHC/competitive/radioactivity,Negative,39600.0,HLA-DPA1*03:01/DPB1*04:02,15
SQPATGAATVAAGAA,purified MHC/competitive/radioactivity,Negative,46700.0,HLA-DPA1*02:01/DPB1*01:01,15
SQPATGAATVAAGAA,purified MHC/competitive/radioactivity,Negative,46700.0,HLA-DPA1*01:03/DPB1*02:01,15
SQPATGAATVAAGAA,purified MHC/competitive/radioactivity,Negative,40300.0,HLA-DPA1*02:01/DPB1*05:01,15
SQPATGAATVAAGAA,purified MHC/competitive/radioactivity,Negative,46700.0,HLA-DPA1*01:03/DPB1*04:01,15
SRWSSPDNVKPIYIV,purified MHC/competitive/radioactivity,Negative,14500.0,HLA-DPA1*03:01/DPB1*04:02,15
SRWSSPDNVKPIYIV,purified MHC/competitive/radioactivity,Negative,33800.0,HLA-DPA1*02:01/DPB1*01:01,15
SRWSSPDNVKPIYIV,purified MHC/competitive/radioactivity,Negative,16900.0,HLA-DPA1*01:03/DPB1*02:01,15
SRWSSPDNVKPIYIV,purified MHC/competitive/radioactivity,Negative,46700.0,HLA-DPA1*02:01/DPB1*05:01,15
SRWSSPDNVKPIYIV,purified MHC/competitive/radioactivity,Negative,19500.0,HLA-DPA1*01:03/DPB1*04:01,15
SSKAATAKAPGLVPK,purified MHC/competitive/radioactivity,Negative,13500.0,HLA-DPA1*03:01/DPB1*04:02,15
SSKVTITDTTIGTGD,purified MHC/competitive/radioactivity,Negative,25600.0,HLA-DPA1*03:01/DPB1*04:02,15
SSKVTITDTTIGTGD,purified MHC/competitive/radioactivity,Negative,34200.0,HLA-DPA1*01:03/DPB1*02:01,15
SSKVTITDTTIGTGD,purified MHC/competitive/radioactivity,Negative,32600.0,HLA-DPA1*02:01/DPB1*05:01,15
SSKVTITDTTIGTGD,purified MHC/competitive/radioactivity,Negative,46700.0,HLA-DPA1*01:03/DPB1*04:01,15
SSPDNVKPLYIITPT,purified MHC/competitive/radioactivity,Negative,17600.0,HLA-DPA1*02:01/DPB1*01:01,15
SSPDNVKPLYIITPT,purified MHC/competitive/radioactivity,Negative,26700.0,HLA-DPA1*01:03/DPB1*02:01,15
SSPDNVKPLYIITPT,purified MHC/competitive/radioactivity,Negative,22500.0,HLA-DPA1*02:01/DPB1*05:01,15
SSPDNVKPLYIITPT,purified MHC/competitive/radioactivity,Negative,46700.0,HLA-DPA1*01:03/DPB1*04:01,15
SSSSSLLAMAVLAAL,purified MHC/competitive/radioactivity,Negative,22100.0,HLA-DPA1*02:01/DPB1*05:01,15
STGGAYDTYKCIPSL,purified MHC/competitive/radioactivity,Negative,28500.0,HLA-DPA1*03:01/DPB1*04:02,15
STGGAYDTYKCIPSL,purified MHC/competitive/radioactivity,Negative,18700.0,HLA-DPA1*02:01/DPB1*05:01,15
STWLLKPGAGIMIFD,purified MHC/competitive/radioactivity,Negative,46700.0,HLA-DPA1*02:01/DPB1*05:01,15
STWYGKPTAAGPKDN,purified MHC/competitive/radioactivity,Negative,41300.0,HLA-DPA1*03:01/DPB1*04:02,15
STWYGKPTAAGPKDN,purified MHC/competitive/radioactivity,Negative,46700.0,HLA-DPA1*02:01/DPB1*01:01,15
STWYGKPTAAGPKDN,purified MHC/competitive/radioactivity,Negative,46700.0,HLA-DPA1*01:03/DPB1*02:01,15
STWYGKPTAAGPKDN,purified MHC/competitive/radioactivity,Negative,46700.0,HLA-DPA1*02:01/DPB1*05:01,15
STWYGKPTGAGPKDN,purified MHC/competitive/radioactivity,Negative,25900.0,HLA-DPA1*03:01/DPB1*04:02,15
STWYGKPTGAGPKDN,purified MHC/competitive/radioactivity,Negative,46700.0,HLA-DPA1*02:01/DPB1*01:01,15
STWYGKPTGAGPKDN,purified MHC/competitive/radioactivity,Negative,46700.0,HLA-DPA1*01:03/DPB1*02:01,15
STWYGKPTGAGPKDN,purified MHC/competitive/radioactivity,Negative,43100.0,HLA-DPA1*02:01/DPB1*05:01,15
STWYGKPTGAGPKDN,purified MHC/competitive/radioactivity,Negative,46700.0,HLA-DPA1*01:03/DPB1*04:01,15
SVAYKAAVGATPEAK,purified MHC/competitive/radioactivity,Negative,11500.0,HLA-DPA1*02:01/DPB1*05:01,15
SVGSLGRYKDEKDVT,purified MHC/competitive/radioactivity,Negative,46700.0,HLA-DPA1*03:01/DPB1*04:02,15
SVGSLGRYKDEKDVT,purified MHC/competitive/radioactivity,Negative,46700.0,HLA-DPA1*02:01/DPB1*01:01,15
SVGSLGRYKDEKDVT,purified MHC/competitive/radioactivity,Negative,36700.0,HLA-DPA1*01:03/DPB1*02:01,15
SVGSLGRYKDEKDVT,purified MHC/competitive/radioactivity,Negative,46700.0,HLA-DPA1*02:01/DPB1*05:01,15
SVGSLGRYKDEKDVT,purified MHC/competitive/radioactivity,Negative,25100.0,HLA-DPA1*01:03/DPB1*04:01,15
SVKRSNGSAEVHRGA,purified MHC/competitive/radioactivity,Negative,46700.0,HLA-DPA1*03:01/DPB1*04:02,15
SVKRSNGSAEVHRGA,purified MHC/competitive/radioactivity,Negative,22000.0,HLA-DPA1*02:01/DPB1*01:01,15
SVKRSNGSAEVHRGA,purified MHC/competitive/radioactivity,Negative,42900.0,HLA-DPA1*01:03/DPB1*02:01,15
SVKRSNGSAEVHRGA,purified MHC/competitive/radioactivity,Negative,17400.0,HLA-DPA1*02:01/DPB1*05:01,15
SVLLVVALFAVFLGS,purified MHC/competitive/radioactivity,Negative,46700.0,HLA-DPA1*02:01/DPB1*05:01,15
SVLLVVALFAVFLGS,purified MHC/competitive/radioactivity,Negative,19900.0,HLA-DPA1*01:03/DPB1*04:01,15
SVLLVVVLFAVFLGS,purified MHC/competitive/radioactivity,Negative,46700.0,HLA-DPA1*02:01/DPB1*05:01,15
SVRIRVRSGGHDYEG,purified MHC/competitive/radioactivity,Negative,46700.0,HLA-DPA1*03:01/DPB1*04:02,15
SVRIRVRSGGHDYEG,purified MHC/competitive/radioactivity,Negative,25700.0,HLA-DPA1*02:01/DPB1*01:01,15
SVRIRVRSGGHDYEG,purified MHC/competitive/radioactivity,Negative,12300.0,HLA-DPA1*01:03/DPB1*02:01,15
SVRIRVRSGGHDYEG,purified MHC/competitive/radioactivity,Negative,46700.0,HLA-DPA1*02:01/DPB1*05:01,15
SVRIRVRSGGHDYEG,purified MHC/competitive/radioactivity,Negative,46700.0,HLA-DPA1*01:03/DPB1*04:01,15
SVTIKLDGNLLSSND,purified MHC/competitive/radioactivity,Negative,14800.0,HLA-DPA1*01:03/DPB1*04:01,15
TAAATAPADDKFTVF,purified MHC/competitive/radioactivity,Negative,46700.0,HLA-DPA1*03:01/DPB1*04:02,15
TAAATAPADDKFTVF,purified MHC/competitive/radioactivity,Negative,21300.0,HLA-DPA1*02:01/DPB1*01:01,15
TAAATAPADDKFTVF,purified MHC/competitive/radioactivity,Negative,12700.0,HLA-DPA1*01:03/DPB1*02:01,15
TAAATAPADDKFTVF,purified MHC/competitive/radioactivity,Negative,31900.0,HLA-DPA1*01:03/DPB1*04:01,15
TALKKAITAMSEAQK,purified MHC/competitive/radioactivity,Negative,17400.0,HLA-DPA1*03:01/DPB1*04:02,15
TALKKAITAMSEAQK,purified MHC/competitive/radioactivity,Negative,18300.0,HLA-DPA1*01:03/DPB1*02:01,15
TALKKAITAMSEAQK,purified MHC/competitive/radioactivity,Negative,40300.0,HLA-DPA1*02:01/DPB1*05:01,15
TALKKAITAMSEAQK,purified MHC/competitive/radioactivity,Negative,19400.0,HLA-DPA1*01:03/DPB1*04:01,15
TANVPPADKYKTLEA,purified MHC/competitive/radioactivity,Negative,46700.0,HLA-DPA1*03:01/DPB1*04:02,15
TANVPPADKYKTLEA,purified MHC/competitive/radioactivity,Negative,38200.0,HLA-DPA1*02:01/DPB1*01:01,15
TANVPPADKYKTLEA,purified MHC/competitive/radioactivity,Negative,46700.0,HLA-DPA1*01:03/DPB1*02:01,15
TANVPPADKYKTLEA,purified MHC/competitive/radioactivity,Negative,46700.0,HLA-DPA1*02:01/DPB1*05:01,15
TANVPPADKYKTLEA,purified MHC/competitive/radioactivity,Negative,46700.0,HLA-DPA1*01:03/DPB1*04:01,15
TATAAVGAATGAATA,purified MHC/competitive/radioactivity,Negative,46700.0,HLA-DPA1*03:01/DPB1*04:02,15
TATAAVGAATGAATA,purified MHC/competitive/radioactivity,Negative,46700.0,HLA-DPA1*02:01/DPB1*01:01,15
TATAAVGAATGAATA,purified MHC/competitive/radioactivity,Negative,46700.0,HLA-DPA1*01:03/DPB1*02:01,15
TATAAVGAATGAATA,purified MHC/competitive/radioactivity,Negative,46700.0,HLA-DPA1*02:01/DPB1*05:01,15
TATAAVGAATGAATA,purified MHC/competitive/radioactivity,Negative,46700.0,HLA-DPA1*01:03/DPB1*04:01,15
TATYGGKWLDAKSTW,purified MHC/competitive/radioactivity,Negative,10200.0,HLA-DPA1*02:01/DPB1*01:01,15
TATYGGKWLDAKSTW,purified MHC/competitive/radioactivity,Negative,13600.0,HLA-DPA1*03:01/DPB1*04:02,15
TATYGGKWLDAKSTW,purified MHC/competitive/radioactivity,Negative,12000.0,HLA-DPA1*02:01/DPB1*05:01,15
TDALRTLGSTSADEV,purified MHC/competitive/radioactivity,Negative,23900.0,HLA-DPA1*01:03/DPB1*02:01,15
TDALRTLGSTSADEV,purified MHC/competitive/radioactivity,Negative,40900.0,HLA-DPA1*02:01/DPB1*05:01,15
TDALRTLGSTSADEV,purified MHC/competitive/radioactivity,Negative,33100.0,HLA-DPA1*01:03/DPB1*04:01,15
TDDNEEPIAAYHFDL,purified MHC/competitive/radioactivity,Negative,46700.0,HLA-DPA1*02:01/DPB1*05:01,15
TDDNEEPIAAYHFDL,purified MHC/competitive/radioactivity,Negative,46700.0,HLA-DPA1*01:03/DPB1*04:01,15
TDDNEEPIAPYHFDL,purified MHC/competitive/radioactivity,Negative,17200.0,HLA-DPA1*03:01/DPB1*04:02,15
TDDNEEPIAPYHFDL,purified MHC/competitive/radioactivity,Negative,14500.0,HLA-DPA1*02:01/DPB1*05:01,15
TDDNEEPIAPYHFDL,purified MHC/competitive/radioactivity,Negative,46700.0,HLA-DPA1*01:03/DPB1*04:01,15
TEEQKLIEKINAGFK,purified MHC/competitive/radioactivity,Negative,35300.0,HLA-DPA1*01:03/DPB1*04:01,15
TEKGMKNVFDDVVPE,purified MHC/competitive/radioactivity,Negative,13500.0,HLA-DPA1*01:03/DPB1*02:01,15
TEKGMKNVFDDVVPE,purified MHC/competitive/radioactivity,Negative,46700.0,HLA-DPA1*02:01/DPB1*05:01,15
TFHVEKGSNPNYLAL,purified MHC/competitive/radioactivity,Negative,18900.0,HLA-DPA1*03:01/DPB1*04:02,15
TKGEGGVWTFDSEEP,purified MHC/competitive/radioactivity,Negative,28700.0,HLA-DPA1*03:01/DPB1*04:02,15
TKGEGGVWTFDSEEP,purified MHC/competitive/radioactivity,Negative,24100.0,HLA-DPA1*01:03/DPB1*02:01,15
TKGEGGVWTFDSEEP,purified MHC/competitive/radioactivity,Negative,46700.0,HLA-DPA1*02:01/DPB1*05:01,15
TKGEGGVWTFDSEEP,purified MHC/competitive/radioactivity,Negative,24600.0,HLA-DPA1*01:03/DPB1*04:01,15
TKPEACSGEPVVVHI,purified MHC/competitive/radioactivity,Negative,12500.0,HLA-DPA1*03:01/DPB1*04:02,15
TKPEACSGEPVVVHI,purified MHC/competitive/radioactivity,Negative,46700.0,HLA-DPA1*02:01/DPB1*05:01,15
TLEVHAVKPAAEEVK,purified MHC/competitive/radioactivity,Negative,31300.0,HLA-DPA1*01:03/DPB1*04:01,15
TLGSTSADEVQRMMA,purified MHC/competitive/radioactivity,Negative,13300.0,HLA-DPA1*03:01/DPB1*04:02,15
TLGSTSADEVQRMMA,purified MHC/competitive/radioactivity,Negative,18800.0,HLA-DPA1*02:01/DPB1*01:01,15
TLGSTSADEVQRMMA,purified MHC/competitive/radioactivity,Negative,33100.0,HLA-DPA1*01:03/DPB1*02:01,15
TLGSTSADEVQRMMA,purified MHC/competitive/radioactivity,Negative,46700.0,HLA-DPA1*02:01/DPB1*05:01,15
TLGSTSADEVQRMMA,purified MHC/competitive/radioactivity,Negative,46700.0,HLA-DPA1*01:03/DPB1*04:01,15
TLTPMMSSKFPELGM,purified MHC/competitive/radioactivity,Negative,12000.0,HLA-DPA1*03:01/DPB1*04:02,15
TLTPMMSSKFPELGM,purified MHC/competitive/radioactivity,Negative,40000.0,HLA-DPA1*02:01/DPB1*05:01,15
TPAAPAGAEPAGKAT,purified MHC/competitive/radioactivity,Negative,29100.0,HLA-DPA1*02:01/DPB1*01:01,15
TPAAPAGAEPAGKAT,purified MHC/competitive/radioactivity,Negative,31300.0,HLA-DPA1*01:03/DPB1*02:01,15
TPAAPAGAEPAGKAT,purified MHC/competitive/radioactivity,Negative,46700.0,HLA-DPA1*02:01/DPB1*05:01,15
TPAAPAGAEPAGKAT,purified MHC/competitive/radioactivity,Negative,46700.0,HLA-DPA1*01:03/DPB1*04:01,15
TPESATPFPHRKGVL,purified MHC/competitive/radioactivity,Negative,46700.0,HLA-DPA1*03:01/DPB1*04:02,15
TPESATPFPHRKGVL,purified MHC/competitive/radioactivity,Negative,46700.0,HLA-DPA1*02:01/DPB1*01:01,15
TPESATPFPHRKGVL,purified MHC/competitive/radioactivity,Negative,24300.0,HLA-DPA1*01:03/DPB1*02:01,15
TPESATPFPHRKGVL,purified MHC/competitive/radioactivity,Negative,17700.0,HLA-DPA1*02:01/DPB1*05:01,15
TPFPHRKGVLFNIQY,purified MHC/competitive/radioactivity,Negative,10700.0,HLA-DPA1*02:01/DPB1*05:01,15
TPTNASHIQSAVVCG,purified MHC/competitive/radioactivity,Negative,30300.0,HLA-DPA1*03:01/DPB1*04:02,15
TPTNASHIQSAVVCG,purified MHC/competitive/radioactivity,Negative,46700.0,HLA-DPA1*02:01/DPB1*01:01,15
TPTNASHIQSAVVCG,purified MHC/competitive/radioactivity,Negative,46700.0,HLA-DPA1*01:03/DPB1*02:01,15
TPTNASHIQSAVVCG,purified MHC/competitive/radioactivity,Negative,46700.0,HLA-DPA1*02:01/DPB1*05:01,15
TPTNASHIQSAVVCG,purified MHC/competitive/radioactivity,Negative,27700.0,HLA-DPA1*01:03/DPB1*04:01,15
TSAVGAPTGATTAAA,purified MHC/competitive/radioactivity,Negative,16400.0,HLA-DPA1*02:01/DPB1*01:01,15
TSAVGAPTGATTAAA,purified MHC/competitive/radioactivity,Negative,22200.0,HLA-DPA1*02:01/DPB1*05:01,15
TSAVGAPTGATTAAA,purified MHC/competitive/radioactivity,Negative,46700.0,HLA-DPA1*01:03/DPB1*04:01,15
TSSTPEAVSLLCSDK,purified MHC/competitive/radioactivity,Negative,46700.0,HLA-DPA1*01:03/DPB1*04:01,15
TTAAGAASGAATVAA,purified MHC/competitive/radioactivity,Negative,12300.0,HLA-DPA1*03:01/DPB1*04:02,15
TTAAGAASGAATVAA,purified MHC/competitive/radioactivity,Negative,21600.0,HLA-DPA1*02:01/DPB1*01:01,15
TTAAGAASGAATVAA,purified MHC/competitive/radioactivity,Negative,46700.0,HLA-DPA1*01:03/DPB1*02:01,15
TTAAGAASGAATVAA,purified MHC/competitive/radioactivity,Negative,13100.0,HLA-DPA1*02:01/DPB1*05:01,15
TTAAGAASGAATVAA,purified MHC/competitive/radioactivity,Negative,33900.0,HLA-DPA1*01:03/DPB1*04:01,15
TTEEQKLIEDINVGF,purified MHC/competitive/radioactivity,Negative,18300.0,HLA-DPA1*03:01/DPB1*04:02,15
TTEEQKLIEDINVGF,purified MHC/competitive/radioactivity,Negative,31500.0,HLA-DPA1*01:03/DPB1*02:01,15
TTEEQKLIEDINVGF,purified MHC/competitive/radioactivity,Negative,46700.0,HLA-DPA1*01:03/DPB1*04:01,15
TVLAFPAGVCPTIGV,purified MHC/competitive/radioactivity,Negative,15900.0,HLA-DPA1*03:01/DPB1*04:02,15
TVLAFPAGVCPTIGV,purified MHC/competitive/radioactivity,Negative,10800.0,HLA-DPA1*02:01/DPB1*01:01,15
TVLAFPAGVCPTIGV,purified MHC/competitive/radioactivity,Negative,21900.0,HLA-DPA1*02:01/DPB1*05:01,15
TVLAFPAGVCPTIGV,purified MHC/competitive/radioactivity,Negative,32300.0,HLA-DPA1*01:03/DPB1*04:01,15
TVTVFKIPKKASEGA,purified MHC/competitive/radioactivity,Negative,36700.0,HLA-DPA1*01:03/DPB1*04:01,15
TVWAQSADFPQFKPE,purified MHC/competitive/radioactivity,Negative,46200.0,HLA-DPA1*03:01/DPB1*04:02,15
TVWEQILNTWLVKPG,purified MHC/competitive/radioactivity,Negative,12000.0,HLA-DPA1*02:01/DPB1*05:01,15
TYGDKWLDAKSTWYG,purified MHC/competitive/radioactivity,Negative,33100.0,HLA-DPA1*02:01/DPB1*01:01,15
TYGDKWLDAKSTWYG,purified MHC/competitive/radioactivity,Negative,46700.0,HLA-DPA1*02:01/DPB1*05:01,15
VALFAVFLGSAHGIP,purified MHC/competitive/radioactivity,Negative,12700.0,HLA-DPA1*02:01/DPB1*05:01,15
VALFAVFLGSAHGIP,purified MHC/competitive/radioactivity,Negative,18100.0,HLA-DPA1*01:03/DPB1*04:01,15
VDCRPFNGGESKLKA,purified MHC/competitive/radioactivity,Negative,22900.0,HLA-DPA1*03:01/DPB1*04:02,15
VDCRPFNGGESKLKA,purified MHC/competitive/radioactivity,Negative,14400.0,HLA-DPA1*02:01/DPB1*05:01,15
VFLGSAHGIPKVPPG,purified MHC/competitive/radioactivity,Negative,14600.0,HLA-DPA1*03:01/DPB1*04:02,15
VFLGSAHGIPKVPPG,purified MHC/competitive/radioactivity,Negative,16100.0,HLA-DPA1*02:01/DPB1*05:01,15
VFLGSAHGIPKVPPG,purified MHC/competitive/radioactivity,Negative,29800.0,HLA-DPA1*01:03/DPB1*04:01,15
VFLGSAYGIPKVPPG,purified MHC/competitive/radioactivity,Negative,10500.0,HLA-DPA1*02:01/DPB1*05:01,15
VFLGSAYGIPKVPPG,purified MHC/competitive/radioactivity,Negative,17500.0,HLA-DPA1*01:03/DPB1*04:02,15
VGAATGAATAATGGY,purified MHC/competitive/radioactivity,Negative,46700.0,HLA-DPA1*03:01/DPB1*04:02,15
VGAATGAATAATGGY,purified MHC/competitive/radioactivity,Negative,46700.0,HLA-DPA1*02:01/DPB1*01:01,15
VGAATGAATAATGGY,purified MHC/competitive/radioactivity,Negative,46700.0,HLA-DPA1*01:03/DPB1*02:01,15
VGAATGAATAATGGY,purified MHC/competitive/radioactivity,Negative,46700.0,HLA-DPA1*02:01/DPB1*05:01,15
VGAATGAATAATGGY,purified MHC/competitive/radioactivity,Negative,46700.0,HLA-DPA1*01:03/DPB1*04:01,15
VHAVKPVTEEPGMAK,purified MHC/competitive/radioactivity,Negative,46700.0,HLA-DPA1*03:01/DPB1*04:02,15
VHAVKPVTEEPGMAK,purified MHC/competitive/radioactivity,Negative,36600.0,HLA-DPA1*02:01/DPB1*01:01,15
VHAVKPVTEEPGMAK,purified MHC/competitive/radioactivity,Negative,33800.0,HLA-DPA1*01:03/DPB1*02:01,15
VHAVKPVTEEPGMAK,purified MHC/competitive/radioactivity,Negative,46700.0,HLA-DPA1*02:01/DPB1*05:01,15
VHAVKPVTEEPGMAK,purified MHC/competitive/radioactivity,Negative,46700.0,HLA-DPA1*01:03/DPB1*04:01,15
VHRGAVPRRGPRGGP,purified MHC/competitive/radioactivity,Negative,13500.0,HLA-DPA1*02:01/DPB1*05:01,15
VHRGAVPRRGPRGGP,purified MHC/competitive/radioactivity,Negative,46700.0,HLA-DPA1*01:03/DPB1*04:01,15
VIDVKLVDANGTLHD,purified MHC/competitive/radioactivity,Negative,14600.0,HLA-DPA1*01:03/DPB1*02:01,15
VIDVKLVDANGTLHD,purified MHC/competitive/radioactivity,Negative,20600.0,HLA-DPA1*02:01/DPB1*05:01,15
VIPAGELQVIEKVDA,purified MHC/competitive/radioactivity,Negative,37100.0,HLA-DPA1*01:03/DPB1*04:01,15
VIPEGWKADTAYESK,purified MHC/competitive/radioactivity,Negative,33100.0,HLA-DPA1*03:01/DPB1*04:02,15
VIPEGWKADTAYESK,purified MHC/competitive/radioactivity,Negative,25000.0,HLA-DPA1*02:01/DPB1*01:01,15
VIPEGWKADTAYESK,purified MHC/competitive/radioactivity,Negative,18000.0,HLA-DPA1*01:03/DPB1*02:01,15
VIPEGWKADTAYESK,purified MHC/competitive/radioactivity,Negative,29200.0,HLA-DPA1*02:01/DPB1*05:01,15
VIPEGWKADTAYESK,purified MHC/competitive/radioactivity,Negative,22800.0,HLA-DPA1*01:03/DPB1*04:01,15
VIPEGWKADTCYESK,purified MHC/competitive/radioactivity,Negative,13000.0,HLA-DPA1*03:01/DPB1*04:02,15
VIPEGWKADTCYESK,purified MHC/competitive/radioactivity,Negative,12300.0,HLA-DPA1*02:01/DPB1*01:01,15
VIPEGWKADTCYESK,purified MHC/competitive/radioactivity,Negative,29000.0,HLA-DPA1*01:03/DPB1*02:01,15
VIPEGWKADTCYESK,purified MHC/competitive/radioactivity,Negative,46700.0,HLA-DPA1*02:01/DPB1*05:01,15
VIPEGWKADTCYESK,purified MHC/competitive/radioactivity,Negative,21400.0,HLA-DPA1*01:03/DPB1*04:01,15
VIPEGWKADTSYESK,purified MHC/competitive/radioactivity,Negative,13100.0,HLA-DPA1*03:01/DPB1*04:02,15
VIPEGWKADTSYESK,purified MHC/competitive/radioactivity,Negative,15900.0,HLA-DPA1*02:01/DPB1*01:01,15
VIPEGWKADTSYESK,purified MHC/competitive/radioactivity,Negative,46700.0,HLA-DPA1*01:03/DPB1*02:01,15
VIPEGWKADTSYESK,purified MHC/competitive/radioactivity,Negative,46700.0,HLA-DPA1*02:01/DPB1*05:01,15
VIPEGWKADTSYESK,purified MHC/competitive/radioactivity,Negative,25200.0,HLA-DPA1*01:03/DPB1*04:01,15
VKEIPPRLLYAKSSP,purified MHC/competitive/radioactivity,Negative,10300.0,HLA-DPA1*01:03/DPB1*04:01,15
VKIEYSGTNNKTMAV,purified MHC/competitive/radioactivity,Negative,15900.0,HLA-DPA1*02:01/DPB1*01:01,15
VKIEYSGTNNKTMAV,purified MHC/competitive/radioactivity,Negative,15400.0,HLA-DPA1*02:01/DPB1*05:01,15
VKLVDANGKLHDKKS,purified MHC/competitive/radioactivity,Negative,11500.0,HLA-DPA1*02:01/DPB1*01:01,15
VKLVDANGKLHDKKS,purified MHC/competitive/radioactivity,Negative,26800.0,HLA-DPA1*01:03/DPB1*02:01,15
VKLVDANGKLHDKKS,purified MHC/competitive/radioactivity,Negative,46700.0,HLA-DPA1*01:03/DPB1*04:01,15
VLAKSPDTTCSEIEE,purified MHC/competitive/radioactivity,Negative,11600.0,HLA-DPA1*03:01/DPB1*04:02,15
VLAKSPDTTCSEIEE,purified MHC/competitive/radioactivity,Negative,12300.0,HLA-DPA1*02:01/DPB1*01:01,15
VLAKSPDTTCSEIEE,purified MHC/competitive/radioactivity,Negative,46700.0,HLA-DPA1*01:03/DPB1*02:01,15
VLAKSPDTTCSEIEE,purified MHC/competitive/radioactivity,Negative,46700.0,HLA-DPA1*02:01/DPB1*05:01,15
VLAKSPDTTCSEIEE,purified MHC/competitive/radioactivity,Negative,46700.0,HLA-DPA1*01:03/DPB1*04:01,15
VNYWFAPGAAAAPLS,purified MHC/competitive/radioactivity,Negative,24200.0,HLA-DPA1*02:01/DPB1*05:01,15
VNYWFAPGAAAAPLS,purified MHC/competitive/radioactivity,Negative,19100.0,HLA-DPA1*01:03/DPB1*04:01,15
VPEKYTIGATYAPEE,purified MHC/competitive/radioactivity,Negative,36700.0,HLA-DPA1*03:01/DPB1*04:02,15
VPEKYTIGATYAPEE,purified MHC/competitive/radioactivity,Negative,25500.0,HLA-DPA1*02:01/DPB1*05:01,15
VPPADKYKTFEAAFT,purified MHC/competitive/radioactivity,Negative,30100.0,HLA-DPA1*03:01/DPB1*04:02,15
VPPADKYKTFEAAFT,purified MHC/competitive/radioactivity,Negative,11900.0,HLA-DPA1*01:03/DPB1*04:01,15
VPRRGPRGGPGRSYA,purified MHC/competitive/radioactivity,Negative,38700.0,HLA-DPA1*03:01/DPB1*04:02,15
VPRRGPRGGPGRSYA,purified MHC/competitive/radioactivity,Negative,31400.0,HLA-DPA1*02:01/DPB1*01:01,15
VPRRGPRGGPGRSYA,purified MHC/competitive/radioactivity,Negative,22900.0,HLA-DPA1*01:03/DPB1*02:01,15
VPRRGPRGGPGRSYA,purified MHC/competitive/radioactivity,Negative,46700.0,HLA-DPA1*02:01/DPB1*05:01,15
VPRRGPRGGPGRSYA,purified MHC/competitive/radioactivity,Negative,46700.0,HLA-DPA1*01:03/DPB1*04:01,15
VRSGGHDYEGLSYRS,purified MHC/competitive/radioactivity,Negative,46700.0,HLA-DPA1*02:01/DPB1*05:01,15
VSKAPQLVPKLDEVY,purified MHC/competitive/radioactivity,Negative,15600.0,HLA-DPA1*02:01/DPB1*05:01,15
VSSKRNLADAVSKAP,purified MHC/competitive/radioactivity,Negative,32600.0,HLA-DPA1*01:03/DPB1*02:01,15
VSSKRNLADAVSKAP,purified MHC/competitive/radioactivity,Negative,40300.0,HLA-DPA1*02:01/DPB1*05:01,15
VSSKRNLADAVSKAP,purified MHC/competitive/radioactivity,Negative,46700.0,HLA-DPA1*01:03/DPB1*04:01,15
VTMNDVKIEYSGTNN,purified MHC/competitive/radioactivity,Negative,13900.0,HLA-DPA1*02:01/DPB1*05:01,15
VTMNDVKIEYSGTNN,purified MHC/competitive/radioactivity,Negative,10500.0,HLA-DPA1*01:03/DPB1*04:01,15
VVAVDIKEKGKDKWI,purified MHC/competitive/radioactivity,Negative,13100.0,HLA-DPA1*03:01/DPB1*04:02,15
VVAVDIKEKGKDKWI,purified MHC/competitive/radioactivity,Negative,46700.0,HLA-DPA1*01:03/DPB1*04:01,15
VVLFAVFLGSAYGIP,purified MHC/competitive/radioactivity,Negative,17600.0,HLA-DPA1*02:01/DPB1*05:01,15
VVLGLATSPTAEGGK,purified MHC/competitive/radioactivity,Negative,10300.0,HLA-DPA1*02:01/DPB1*01:01,15
VVLGLATSPTAEGGK,purified MHC/competitive/radioactivity,Negative,34300.0,HLA-DPA1*01:03/DPB1*02:01,15
VVLGLATSPTAEGGK,purified MHC/competitive/radioactivity,Negative,46700.0,HLA-DPA1*02:01/DPB1*05:01,15
VVLGLATSPTAEGGK,purified MHC/competitive/radioactivity,Negative,46700.0,HLA-DPA1*01:03/DPB1*04:01,15
VVVHITDDNEEPIAA,purified MHC/competitive/radioactivity,Negative,13900.0,HLA-DPA1*03:01/DPB1*04:02,15
VVVHITDDNEEPIAA,purified MHC/competitive/radioactivity,Negative,24300.0,HLA-DPA1*02:01/DPB1*01:01,15
VVVHITDDNEEPIAA,purified MHC/competitive/radioactivity,Negative,32000.0,HLA-DPA1*01:03/DPB1*02:01,15
VVVHITDDNEEPIAA,purified MHC/competitive/radioactivity,Negative,46700.0,HLA-DPA1*02:01/DPB1*05:01,15
VVVHITDDNEEPIAA,purified MHC/competitive/radioactivity,Negative,46700.0,HLA-DPA1*01:03/DPB1*04:01,15
VVVHITDDNEEPIAP,purified MHC/competitive/radioactivity,Negative,46700.0,HLA-DPA1*03:01/DPB1*04:02,15
VVVHITDDNEEPIAP,purified MHC/competitive/radioactivity,Negative,17500.0,HLA-DPA1*02:01/DPB1*01:01,15
VVVHITDDNEEPIAP,purified MHC/competitive/radioactivity,Negative,37600.0,HLA-DPA1*01:03/DPB1*02:01,15
VVVHITDDNEEPIAP,purified MHC/competitive/radioactivity,Negative,46700.0,HLA-DPA1*02:01/DPB1*05:01,15
VVVHITDDNEEPIAP,purified MHC/competitive/radioactivity,Negative,46700.0,HLA-DPA1*01:03/DPB1*04:01,15
WGAIWRIDTPDKLTG,purified MHC/competitive/radioactivity,Negative,33300.0,HLA-DPA1*03:01/DPB1*04:02,15
WGAIWRIDTPDKLTG,purified MHC/competitive/radioactivity,Negative,21900.0,HLA-DPA1*01:03/DPB1*02:01,15
WGAIWRIDTPDKLTG,purified MHC/competitive/radioactivity,Negative,46700.0,HLA-DPA1*02:01/DPB1*05:01,15
WGAIWRIDTPDKLTG,purified MHC/competitive/radioactivity,Negative,24100.0,HLA-DPA1*01:03/DPB1*04:01,15
WGAIWRIDTPEVLKG,purified MHC/competitive/radioactivity,Negative,46700.0,HLA-DPA1*02:01/DPB1*05:01,15
WGAIWRIDTPEVLKG,purified MHC/competitive/radioactivity,Negative,15100.0,HLA-DPA1*01:03/DPB1*04:01,15
WLDAKSTWYGKPTAA,purified MHC/competitive/radioactivity,Negative,12100.0,HLA-DPA1*03:01/DPB1*04:02,15
WLDAKSTWYGKPTAA,purified MHC/competitive/radioactivity,Negative,46700.0,HLA-DPA1*02:01/DPB1*01:01,15
WLDAKSTWYGKPTAA,purified MHC/competitive/radioactivity,Negative,41500.0,HLA-DPA1*01:03/DPB1*02:01,15
WLDAKSTWYGKPTAA,purified MHC/competitive/radioactivity,Negative,26500.0,HLA-DPA1*02:01/DPB1*05:01,15
WLDAKSTWYGKPTGA,purified MHC/competitive/radioactivity,Negative,46700.0,HLA-DPA1*01:03/DPB1*02:01,15
YANYRDIDLGRNEVV,purified MHC/competitive/radioactivity,Negative,42300.0,HLA-DPA1*02:01/DPB1*05:01,15
YASGKVWGQKYFKGN,purified MHC/competitive/radioactivity,Negative,46700.0,HLA-DPA1*03:01/DPB1*04:02,15
YASGKVWGQKYFKGN,purified MHC/competitive/radioactivity,Negative,21000.0,HLA-DPA1*02:01/DPB1*05:01,15
YDEPMTPGQCNMVVE,purified MHC/competitive/radioactivity,Negative,25500.0,HLA-DPA1*02:01/DPB1*01:01,15
YDEPMTPGQCNMVVE,purified MHC/competitive/radioactivity,Negative,11000.0,HLA-DPA1*01:03/DPB1*02:01,15
YDEPMTPGQCNMVVE,purified MHC/competitive/radioactivity,Negative,46700.0,HLA-DPA1*02:01/DPB1*05:01,15
YDEPMTPGQCNMVVE,purified MHC/competitive/radioactivity,Negative,46700.0,HLA-DPA1*01:03/DPB1*04:01,15
YEDAKSPLTASKLTY,purified MHC/competitive/radioactivity,Negative,39300.0,HLA-DPA1*02:01/DPB1*05:01,15
YEDAKSPLTASKLTY,purified MHC/competitive/radioactivity,Negative,13000.0,HLA-DPA1*01:03/DPB1*04:01,15
YGIAAENVIDVKLVD,purified MHC/competitive/radioactivity,Negative,27300.0,HLA-DPA1*01:03/DPB1*04:01,15
YHFDLSGHAFGAMAK,purified MHC/competitive/radioactivity,Negative,12200.0,HLA-DPA1*02:01/DPB1*01:01,15
YHFDLSGHAFGAMAK,purified MHC/competitive/radioactivity,Negative,46700.0,HLA-DPA1*02:01/DPB1*05:01,15
YHFDLSGIAFGSMAK,purified MHC/competitive/radioactivity,Negative,11600.0,HLA-DPA1*03:01/DPB1*04:02,15
YHFDLSGIAFGSMAK,purified MHC/competitive/radioactivity,Negative,12900.0,HLA-DPA1*02:01/DPB1*01:01,15
YHFDLSGIAFGSMAK,purified MHC/competitive/radioactivity,Negative,46700.0,HLA-DPA1*02:01/DPB1*05:01,15
YKDVDKPPFSGMTGC,purified MHC/competitive/radioactivity,Negative,19100.0,HLA-DPA1*03:01/DPB1*04:02,15
YKDVDKPPFSGMTGC,purified MHC/competitive/radioactivity,Negative,22600.0,HLA-DPA1*02:01/DPB1*01:01,15
YKDVDKPPFSGMTGC,purified MHC/competitive/radioactivity,Negative,30000.0,HLA-DPA1*01:03/DPB1*02:01,15
YKDVDKPPFSGMTGC,purified MHC/competitive/radioactivity,Negative,46700.0,HLA-DPA1*02:01/DPB1*05:01,15
YKDVDKPPFSGMTGC,purified MHC/competitive/radioactivity,Negative,30300.0,HLA-DPA1*01:03/DPB1*04:01,15
YKLGPSPKARSERPA,purified MHC/competitive/radioactivity,Negative,46700.0,HLA-DPA1*03:01/DPB1*04:02,15
YKLGPSPKARSERPA,purified MHC/competitive/radioactivity,Negative,22900.0,HLA-DPA1*02:01/DPB1*01:01,15
YKLGPSPKARSERPA,purified MHC/competitive/radioactivity,Negative,11700.0,HLA-DPA1*01:03/DPB1*02:01,15
YKLGPSPKARSERPA,purified MHC/competitive/radioactivity,Negative,27700.0,HLA-DPA1*02:01/DPB1*05:01,15
YKLGPSPKARSERPA,purified MHC/competitive/radioactivity,Negative,46700.0,HLA-DPA1*01:03/DPB1*04:01,15
YNYMEPYVSKNPRQA,purified MHC/competitive/radioactivity,Negative,26500.0,HLA-DPA1*03:01/DPB1*04:02,15
YRSLQPEEFAVVDLS,purified MHC/competitive/radioactivity,Negative,17200.0,HLA-DPA1*02:01/DPB1*05:01,15
YTTEGGTKGEAKDVI,purified MHC/competitive/radioactivity,Negative,46700.0,HLA-DPA1*03:01/DPB1*04:02,15
YTTEGGTKGEAKDVI,purified MHC/competitive/radioactivity,Negative,24700.0,HLA-DPA1*02:01/DPB1*01:01,15
YTTEGGTKGEAKDVI,purified MHC/competitive/radioactivity,Negative,46700.0,HLA-DPA1*02:01/DPB1*05:01,15
YTTEGGTKTEAEDVI,purified MHC/competitive/radioactivity,Negative,30100.0,HLA-DPA1*03:01/DPB1*04:02,15
YTTEGGTKTEAEDVI,purified MHC/competitive/radioactivity,Negative,18800.0,HLA-DPA1*02:01/DPB1*01:01,15
YTTEGGTKTEAEDVI,purified MHC/competitive/radioactivity,Negative,35700.0,HLA-DPA1*01:03/DPB1*02:01,15
YTTEGGTKTEAEDVI,purified MHC/competitive/radioactivity,Negative,46700.0,HLA-DPA1*02:01/DPB1*05:01,15
YTTEGGTKTEAEDVI,purified MHC/competitive/radioactivity,Negative,11700.0,HLA-DPA1*01:03/DPB1*04:01,15
YTVALFLAVALVAGP,purified MHC/competitive/radioactivity,Negative,21100.0,HLA-DPA1*03:01/DPB1*04:02,15
YTVALFLAVALVAGP,purified MHC/competitive/radioactivity,Negative,23700.0,HLA-DPA1*02:01/DPB1*01:01,15
YTVALFLAVALVAGP,purified MHC/competitive/radioactivity,Negative,14000.0,HLA-DPA1*01:03/DPB1*04:01,15
YVDEHLMCEIEGHHL,purified MHC/competitive/radioactivity,Negative,46700.0,HLA-DPA1*02:01/DPB1*05:01,15
YWFAPGAGAAPLSWS,purified MHC/competitive/radioactivity,Negative,27700.0,HLA-DPA1*03:01/DPB1*04:02,15
YWFAPGAGAAPLSWS,purified MHC/competitive/radioactivity,Negative,46700.0,HLA-DPA1*02:01/DPB1*01:01,15
YWFAPGAGAAPLSWS,purified MHC/competitive/radioactivity,Negative,27100.0,HLA-DPA1*02:01/DPB1*05:01,15
PKYVKQNTLKLAT,purified MHC/competitive/radioactivity,Negative,24753.0,HLA-DPB1*02:01,13
PKYVKQNTLKLAT,purified MHC/competitive/radioactivity,Negative,39067.0,HLA-DPB1*04:01,13
PKYVKQNTLKLAT,purified MHC/competitive/radioactivity,Negative,1900.0,HLA-DPB1*04:02,13
PKYVKQNTLKLAT,purified MHC/competitive/radioactivity,Negative,15236.0,HLA-DPB1*05:01,13
NQDFTNRINKLKNS,purified MHC/competitive/radioactivity,Negative,30000.0,HLA-DPB1*02:01,14
NQDFTNRINKLKNS,purified MHC/competitive/radioactivity,Negative,30000.0,HLA-DPB1*04:01,14
NQDFTNRINKLKNS,purified MHC/competitive/radioactivity,Negative,14564.0,HLA-DPB1*04:02,14
NQDFTNRINKLKNS,purified MHC/competitive/radioactivity,Negative,16209.0,HLA-DPB1*05:01,14
VVLLVATEGRVRVNSAYQDK,purified MHC/competitive/radioactivity,Negative,14833.0,HLA-DPB1*02:01,20
VVLLVATEGRVRVNSAYQDK,purified MHC/competitive/radioactivity,Negative,26153.0,HLA-DPB1*04:01,20
VVLLVATEGRVRVNSAYQDK,purified MHC/competitive/radioactivity,Negative,2143.0,HLA-DPB1*04:02,20
VVLLVATEGRVRVNSAYQDK,purified MHC/competitive/radioactivity,Negative,7043.0,HLA-DPB1*05:01,20
SAVRLRSSVPGVR,purified MHC/competitive/radioactivity,Negative,30000.0,HLA-DPB1*02:01,13
SAVRLRSSVPGVR,purified MHC/competitive/radioactivity,Negative,30000.0,HLA-DPB1*04:01,13
SAVRLRSSVPGVR,purified MHC/competitive/radioactivity,Negative,30000.0,HLA-DPB1*04:02,13
SAVRLRSSVPGVR,purified MHC/competitive/radioactivity,Negative,9411.0,HLA-DPB1*05:01,13
LQYMRADQAAGGLR,purified MHC/competitive/radioactivity,Negative,30000.0,HLA-DPB1*02:01,14
LQYMRADQAAGGLR,purified MHC/competitive/radioactivity,Negative,30000.0,HLA-DPB1*04:01,14
LQYMRADQAAGGLR,purified MHC/competitive/radioactivity,Negative,30000.0,HLA-DPB1*04:02,14
LQYMRADQAAGGLR,purified MHC/competitive/radioactivity,Negative,30000.0,HLA-DPB1*05:01,14
KTKEGVLYVGSKTKE,purified MHC/competitive/radioactivity,Negative,,HLA-DPB1*02:01,15
KTKEGVLYVGSKTKE,purified MHC/competitive/radioactivity,Negative,,HLA-DPB1*03:01,15
KTKEGVLYVGSKTKE,purified MHC/competitive/radioactivity,Negative,,HLA-DPB1*04:01,15
MPVDPDNEAYEMPSE,purified MHC/competitive/radioactivity,Negative,,HLA-DPB1*02:01,15
MPVDPDNEAYEMPSE,purified MHC/competitive/radioactivity,Negative,,HLA-DPB1*03:01,15
MPVDPDNEAYEMPSE,purified MHC/competitive/radioactivity,Negative,,HLA-DPB1*04:01,15
MPVDPDNEAYEMPSE,purified MHC/competitive/radioactivity,Negative,,HLA-DPB1*04:02,15
MPVDPDNEAYEMPSE,purified MHC/competitive/radioactivity,Negative,,HLA-DPB1*05:01,15
MPVDPDNEAYEMPSE,purified MHC/competitive/radioactivity,Negative,,HLA-DPB1*14:01,15
DNEAYEMPSEEGYQD,purified MHC/competitive/radioactivity,Negative,,HLA-DPB1*02:01,15
DNEAYEMPSEEGYQD,purified MHC/competitive/radioactivity,Negative,,HLA-DPB1*03:01,15
DNEAYEMPSEEGYQD,purified MHC/competitive/radioactivity,Negative,,HLA-DPB1*04:01,15
DNEAYEMPSEEGYQD,purified MHC/competitive/radioactivity,Negative,,HLA-DPB1*04:02,15
DNEAYEMPSEEGYQD,purified MHC/competitive/radioactivity,Negative,,HLA-DPB1*05:01,15
DNEAYEMPSEEGYQD,purified MHC/competitive/radioactivity,Negative,,HLA-DPB1*14:01,15
EMPSEEGYQDYEPEA,purified MHC/competitive/radioactivity,Negative,,HLA-DPB1*02:01,15
EMPSEEGYQDYEPEA,purified MHC/competitive/radioactivity,Negative,,HLA-DPB1*03:01,15
EMPSEEGYQDYEPEA,purified MHC/competitive/radioactivity,Negative,,HLA-DPB1*04:01,15
EMPSEEGYQDYEPEA,purified MHC/competitive/radioactivity,Negative,,HLA-DPB1*04:02,15
EMPSEEGYQDYEPEA,purified MHC/competitive/radioactivity,Negative,,HLA-DPB1*05:01,15
EMPSEEGYQDYEPEA,purified MHC/competitive/radioactivity,Negative,,HLA-DPB1*14:01,15
PKYVKQNTLKLAT,purified MHC/competitive/radioactivity,Negative,53700.0,HLA-DPA1*02:01/DPB1*14:01,13
PKYVKQNTLKLAT,purified MHC/competitive/radioactivity,Negative,14900.0,HLA-DPA1*02:01/DPB1*05:01,13
PKYVKQNTLKLAT,purified MHC/competitive/radioactivity,Negative,53700.0,HLA-DPA1*01:03/DPB1*03:01,13
PKYVKQNTLKLAT,purified MHC/competitive/radioactivity,Negative,44300.0,HLA-DPA1*01:03/DPB1*04:01,13
PKYVKQNTLKLAT,purified MHC/competitive/radioactivity,Negative,28300.0,HLA-DPA1*03:01/DPB1*04:02,13
QLLDRGATALVLQVLNVPRLMTQD,purified MHC/competitive/radioactivity,Negative,1590.0,HLA-DPA1*02:01/DPB1*14:01,24
CCHVGCTKRSLARFC,purified MHC/competitive/fluorescence,Negative,10000.0,HLA-DPB1*04:01,15
CCHVGCTKRSLARFC,purified MHC/competitive/fluorescence,Negative,10000.0,HLA-DPB1*04:02,15
QLYSALANKCCHVGC,purified MHC/competitive/fluorescence,Negative,10000.0,HLA-DPB1*04:01,15
SALANKCCHVGCTKR,purified MHC/competitive/fluorescence,Negative,10000.0,HLA-DPB1*04:02,15
ANKCCHVGCTKRSLA,purified MHC/competitive/fluorescence,Negative,10000.0,HLA-DPB1*04:02,15
DSWMEEVIKLCGREL,purified MHC/competitive/fluorescence,Negative,10000.0,HLA-DPB1*04:01,15
RELVRAQIAICGMST,purified MHC/competitive/fluorescence,Negative,10000.0,HLA-DPB1*04:02,15
VRAQIAICGMSTWS,purified MHC/competitive/fluorescence,Negative,10000.0,HLA-DPB1*04:02,14
MEEVIKLCGRELVRA,purified MHC/competitive/fluorescence,Negative,10000.0,HLA-DPB1*04:01,15
VIKLCGRELVRAQIA,purified MHC/competitive/fluorescence,Negative,10000.0,HLA-DPB1*04:01,15
PVAATRTAVRAADYL,purified MHC/competitive/radioactivity,Negative,7120.0,HLA-DPA1*01:03/DPB1*04:01,15
PRIANVFTNAFRYGH,purified MHC/competitive/radioactivity,Negative,5620.0,HLA-DPA1*01:03/DPB1*04:01,15
PILRGLMATPAKLNR,purified MHC/competitive/radioactivity,Negative,12000.0,HLA-DPA1*01:03/DPB1*04:01,15
GEKLYQEARKIVGAM,purified MHC/competitive/radioactivity,Negative,53700.0,HLA-DPA1*01:03/DPB1*04:01,15
PVAATRTAVRAADYL,purified MHC/competitive/radioactivity,Negative,6165.0,HLA-DPA1*01:03/DPB1*04:02,15
PRIANVFTNAFRYGH,purified MHC/competitive/radioactivity,Negative,1345.0,HLA-DPA1*01:03/DPB1*04:02,15
PILRGLMATPAKLNR,purified MHC/competitive/radioactivity,Negative,2475.0,HLA-DPA1*01:03/DPB1*04:02,15
GEKLYQEARKIVGAM,purified MHC/competitive/radioactivity,Negative,19400.0,HLA-DPA1*01:03/DPB1*04:02,15
EFYQSTCSAVSKGYL,purified MHC/competitive/radioactivity,Negative,1122.0,HLA-DPA1*01:03/DPB1*02:01,15
EFYQSTCSAVSKGYL,purified MHC/competitive/radioactivity,Negative,2742.0,HLA-DPA1*01:03/DPB1*04:01,15
TAALGCLVKDYFPEP,purified MHC/competitive/radioactivity,Negative,2277.0,HLA-DPB1*02:01,15
TAALGCLVKDYFPEP,purified MHC/competitive/radioactivity,Negative,30000.0,HLA-DPB1*03:01,15
TAALGCLVKDYFPEP,purified MHC/competitive/radioactivity,Negative,27751.0,HLA-DPB1*04:01,15
TAALGCLVKDYFPEP,purified MHC/competitive/radioactivity,Negative,22993.0,HLA-DPB1*04:02,15
TAALGCLVKDYFPEP,purified MHC/competitive/radioactivity,Negative,19544.0,HLA-DPB1*05:01,15
TAALGCLVKDYFPEP,purified MHC/competitive/radioactivity,Negative,17578.0,HLA-DPB1*14:01,15
CLVKDYFPEPVTVSW,purified MHC/competitive/radioactivity,Negative,1000.0,HLA-DPB1*02:01,15
CLVKDYFPEPVTVSW,purified MHC/competitive/radioactivity,Negative,15378.0,HLA-DPB1*03:01,15
CLVKDYFPEPVTVSW,purified MHC/competitive/radioactivity,Negative,30000.0,HLA-DPB1*04:01,15
CLVKDYFPEPVTVSW,purified MHC/competitive/radioactivity,Negative,10355.0,HLA-DPB1*04:02,15
CLVKDYFPEPVTVSW,purified MHC/competitive/radioactivity,Negative,30000.0,HLA-DPB1*05:01,15
CLVKDYFPEPVTVSW,purified MHC/competitive/radioactivity,Negative,6299.0,HLA-DPB1*14:01,15
TFPAVLQSSGLYSLS,purified MHC/competitive/radioactivity,Negative,5408.0,HLA-DPB1*03:01,15
TFPAVLQSSGLYSLS,purified MHC/competitive/radioactivity,Negative,1437.0,HLA-DPB1*04:01,15
TFPAVLQSSGLYSLS,purified MHC/competitive/radioactivity,Negative,8091.0,HLA-DPB1*05:01,15
TFPAVLQSSGLYSLS,purified MHC/competitive/radioactivity,Negative,30000.0,HLA-DPB1*14:01,15
LQSSGLYSLSSVVTV,purified MHC/competitive/radioactivity,Negative,1208.0,HLA-DPB1*02:01,15
LQSSGLYSLSSVVTV,purified MHC/competitive/radioactivity,Negative,30000.0,HLA-DPB1*03:01,15
LQSSGLYSLSSVVTV,purified MHC/competitive/radioactivity,Negative,11483.0,HLA-DPB1*04:01,15
LQSSGLYSLSSVVTV,purified MHC/competitive/radioactivity,Negative,30000.0,HLA-DPB1*05:01,15
LQSSGLYSLSSVVTV,purified MHC/competitive/radioactivity,Negative,30000.0,HLA-DPB1*14:01,15
LYSLSSVVTVPSSSL,purified MHC/competitive/radioactivity,Negative,2540.0,HLA-DPB1*02:01,15
LYSLSSVVTVPSSSL,purified MHC/competitive/radioactivity,Negative,22053.0,HLA-DPB1*03:01,15
LYSLSSVVTVPSSSL,purified MHC/competitive/radioactivity,Negative,22143.0,HLA-DPB1*04:01,15
LYSLSSVVTVPSSSL,purified MHC/competitive/radioactivity,Negative,11549.0,HLA-DPB1*04:02,15
LYSLSSVVTVPSSSL,purified MHC/competitive/radioactivity,Negative,30000.0,HLA-DPB1*05:01,15
LYSLSSVVTVPSSSL,purified MHC/competitive/radioactivity,Negative,30000.0,HLA-DPB1*14:01,15
SVVTVPSSSLGTQTY,purified MHC/competitive/radioactivity,Negative,8216.0,HLA-DPB1*02:01,15
SVVTVPSSSLGTQTY,purified MHC/competitive/radioactivity,Negative,17219.0,HLA-DPB1*03:01,15
SVVTVPSSSLGTQTY,purified MHC/competitive/radioactivity,Negative,30000.0,HLA-DPB1*04:01,15
SVVTVPSSSLGTQTY,purified MHC/competitive/radioactivity,Negative,24478.0,HLA-DPB1*04:02,15
SVVTVPSSSLGTQTY,purified MHC/competitive/radioactivity,Negative,24390.0,HLA-DPB1*05:01,15
SVVTVPSSSLGTQTY,purified MHC/competitive/radioactivity,Negative,30000.0,HLA-DPB1*14:01,15
SVFLFPPKPKDTLMI,purified MHC/competitive/radioactivity,Negative,30000.0,HLA-DPB1*02:01,15
SVFLFPPKPKDTLMI,purified MHC/competitive/radioactivity,Negative,30000.0,HLA-DPB1*03:01,15
SVFLFPPKPKDTLMI,purified MHC/competitive/radioactivity,Negative,30000.0,HLA-DPB1*04:01,15
SVFLFPPKPKDTLMI,purified MHC/competitive/radioactivity,Negative,30000.0,HLA-DPB1*04:02,15
SVFLFPPKPKDTLMI,purified MHC/competitive/radioactivity,Negative,1874.0,HLA-DPB1*05:01,15
SVFLFPPKPKDTLMI,purified MHC/competitive/radioactivity,Negative,30000.0,HLA-DPB1*14:01,15
PPKPKDTLMISRTPE,purified MHC/competitive/radioactivity,Negative,30000.0,HLA-DPB1*02:01,15
PPKPKDTLMISRTPE,purified MHC/competitive/radioactivity,Negative,30000.0,HLA-DPB1*03:01,15
PPKPKDTLMISRTPE,purified MHC/competitive/radioactivity,Negative,30000.0,HLA-DPB1*04:01,15
PPKPKDTLMISRTPE,purified MHC/competitive/radioactivity,Negative,30000.0,HLA-DPB1*04:02,15
PPKPKDTLMISRTPE,purified MHC/competitive/radioactivity,Negative,3508.0,HLA-DPB1*05:01,15
PPKPKDTLMISRTPE,purified MHC/competitive/radioactivity,Negative,30000.0,HLA-DPB1*14:01,15
TYRVVSVLTVLHQDW,purified MHC/competitive/radioactivity,Negative,11353.0,HLA-DPB1*02:01,15
TYRVVSVLTVLHQDW,purified MHC/competitive/radioactivity,Negative,3784.0,HLA-DPB1*03:01,15
TYRVVSVLTVLHQDW,purified MHC/competitive/radioactivity,Negative,6883.0,HLA-DPB1*04:01,15
TYRVVSVLTVLHQDW,purified MHC/competitive/radioactivity,Negative,5752.0,HLA-DPB1*04:02,15
TYRVVSVLTVLHQDW,purified MHC/competitive/radioactivity,Negative,7154.0,HLA-DPB1*05:01,15
TYRVVSVLTVLHQDW,purified MHC/competitive/radioactivity,Negative,18803.0,HLA-DPB1*14:01,15
SVLTVLHQDWLNGKE,purified MHC/competitive/radioactivity,Negative,10915.0,HLA-DPB1*03:01,15
NNYKTTPPVLDSDGS,purified MHC/competitive/radioactivity,Negative,30000.0,HLA-DPB1*02:01,15
NNYKTTPPVLDSDGS,purified MHC/competitive/radioactivity,Negative,1888.0,HLA-DPB1*03:01,15
NNYKTTPPVLDSDGS,purified MHC/competitive/radioactivity,Negative,30000.0,HLA-DPB1*04:01,15
NNYKTTPPVLDSDGS,purified MHC/competitive/radioactivity,Negative,30000.0,HLA-DPB1*04:02,15
NNYKTTPPVLDSDGS,purified MHC/competitive/radioactivity,Negative,30000.0,HLA-DPB1*05:01,15
NNYKTTPPVLDSDGS,purified MHC/competitive/radioactivity,Negative,30000.0,HLA-DPB1*14:01,15
TPPVLDSDGSFFLYS,purified MHC/competitive/radioactivity,Negative,2313.0,HLA-DPB1*03:01,15
TPPVLDSDGSFFLYS,purified MHC/competitive/radioactivity,Negative,16485.0,HLA-DPB1*04:02,15
TPPVLDSDGSFFLYS,purified MHC/competitive/radioactivity,Negative,12320.0,HLA-DPB1*05:01,15
QGNVFSCSVMHEALH,purified MHC/competitive/radioactivity,Negative,8842.0,HLA-DPB1*02:01,15
QGNVFSCSVMHEALH,purified MHC/competitive/radioactivity,Negative,30000.0,HLA-DPB1*03:01,15
QGNVFSCSVMHEALH,purified MHC/competitive/radioactivity,Negative,30000.0,HLA-DPB1*04:01,15
QGNVFSCSVMHEALH,purified MHC/competitive/radioactivity,Negative,30000.0,HLA-DPB1*04:02,15
QGNVFSCSVMHEALH,purified MHC/competitive/radioactivity,Negative,30000.0,HLA-DPB1*05:01,15
QGNVFSCSVMHEALH,purified MHC/competitive/radioactivity,Negative,30000.0,HLA-DPB1*14:01,15
SCSVMHEALHNHYTQ,purified MHC/competitive/radioactivity,Negative,12161.0,HLA-DPB1*02:01,15
SCSVMHEALHNHYTQ,purified MHC/competitive/radioactivity,Negative,30000.0,HLA-DPB1*03:01,15
SCSVMHEALHNHYTQ,purified MHC/competitive/radioactivity,Negative,30000.0,HLA-DPB1*04:01,15
SCSVMHEALHNHYTQ,purified MHC/competitive/radioactivity,Negative,30000.0,HLA-DPB1*04:02,15
SCSVMHEALHNHYTQ,purified MHC/competitive/radioactivity,Negative,30000.0,HLA-DPB1*05:01,15
SCSVMHEALHNHYTQ,purified MHC/competitive/radioactivity,Negative,30000.0,HLA-DPB1*14:01,15
EQYNSTYRVVSVLTV,purified MHC/competitive/radioactivity,Negative,1227.0,HLA-DPB1*05:01,15
NGQPENNYKTTPPVL,purified MHC/competitive/radioactivity,Negative,30000.0,HLA-DPB1*02:01,15
NGQPENNYKTTPPVL,purified MHC/competitive/radioactivity,Negative,5498.0,HLA-DPB1*03:01,15
NGQPENNYKTTPPVL,purified MHC/competitive/radioactivity,Negative,25994.0,HLA-DPB1*04:01,15
NGQPENNYKTTPPVL,purified MHC/competitive/radioactivity,Negative,20066.0,HLA-DPB1*04:02,15
NGQPENNYKTTPPVL,purified MHC/competitive/radioactivity,Negative,29085.0,HLA-DPB1*05:01,15
NGQPENNYKTTPPVL,purified MHC/competitive/radioactivity,Negative,8400.0,HLA-DPB1*14:01,15
KLTVDKSRWQQGNVF,purified MHC/competitive/radioactivity,Negative,30000.0,HLA-DPB1*02:01,15
KLTVDKSRWQQGNVF,purified MHC/competitive/radioactivity,Negative,30000.0,HLA-DPB1*03:01,15
KLTVDKSRWQQGNVF,purified MHC/competitive/radioactivity,Negative,30000.0,HLA-DPB1*04:01,15
KLTVDKSRWQQGNVF,purified MHC/competitive/radioactivity,Negative,30000.0,HLA-DPB1*04:02,15
KLTVDKSRWQQGNVF,purified MHC/competitive/radioactivity,Negative,26786.0,HLA-DPB1*05:01,15
KLTVDKSRWQQGNVF,purified MHC/competitive/radioactivity,Negative,30000.0,HLA-DPB1*14:01,15
KSRWQQGNVFSCSVM,purified MHC/competitive/radioactivity,Negative,7167.0,HLA-DPB1*02:01,15
KSRWQQGNVFSCSVM,purified MHC/competitive/radioactivity,Negative,4482.0,HLA-DPB1*04:01,15
KSRWQQGNVFSCSVM,purified MHC/competitive/radioactivity,Negative,6937.0,HLA-DPB1*04:02,15
KSRWQQGNVFSCSVM,purified MHC/competitive/radioactivity,Negative,20354.0,HLA-DPB1*05:01,15
KSRWQQGNVFSCSVM,purified MHC/competitive/radioactivity,Negative,14400.0,HLA-DPB1*14:01,15
