Epitope,Method_Technique,Assay_Qualititative_Measure,Assay_Quantitative_Measure,MHC,Length
AAHAEINEAGR,purified MHC/competitive/radioactivity,Negative,3750.0,HLA-DQA1*03:01/DQB1*03:01,11
AHAEINEAGR,purified MHC/competitive/radioactivity,Negative,9036.14,HLA-DQA1*03:01/DQB1*03:01,10
DVFKELKVHHANENI,purified MHC/competitive/radioactivity,Negative,15000.0,HLA-DQA1*03:01/DQB1*03:01,15
FNGMTGCGNTPIFKDGRGCG,purified MHC/competitive/radioactivity,Negative,15000.0,HLA-DQA1*03:01/DQB1*03:01,20
GAGPKDNGGACGYKDVDKAP,purified MHC/competitive/radioactivity,Negative,15000.0,HLA-DQA1*03:01/DQB1*03:01,20
GHAFGSMAKKGE,purified MHC/competitive/radioactivity,Negative,1633.33,HLA-DQA1*03:01/DQB1*03:01,12
HAAHAEINEAGR,purified MHC/competitive/radioactivity,Negative,1071.43,HLA-DQA1*03:01/DQB1*03:01,12
HAEINEAGR,purified MHC/competitive/radioactivity,Negative,18750.0,HLA-DQA1*03:01/DQB1*03:01,9
HAFGSMAKKGE,purified MHC/competitive/radioactivity,Negative,1633.33,HLA-DQA1*03:01/DQB1*03:01,11
HIATNAVLFFGR,purified MHC/competitive/radioactivity,Negative,15000.0,HLA-DQA1*03:01/DQB1*03:01,12
ISQAVHAAH,purified MHC/competitive/radioactivity,Negative,18750.0,HLA-DQA1*03:01/DQB1*03:01,9
ISQAVHAAHA,purified MHC/competitive/radioactivity,Negative,5769.23,HLA-DQA1*03:01/DQB1*03:01,10
ISQAVHAAHAE,purified MHC/competitive/radioactivity,Negative,3571.43,HLA-DQA1*03:01/DQB1*03:01,11
ISQAVHAAHAEIN,purified MHC/competitive/radioactivity,Negative,2500.0,HLA-DQA1*03:01/DQB1*03:01,13
KVYLPRMKMEEKYNLSTSVLM,purified MHC/competitive/radioactivity,Negative,15000.0,HLA-DQA1*03:01/DQB1*03:01,21
MVYLGAKDSTRTQINKVVRF,purified MHC/competitive/radioactivity,Negative,15000.0,HLA-DQA1*03:01/DQB1*03:01,20
NVMEERKIKVYLPRM,purified MHC/competitive/radioactivity,Negative,15000.0,HLA-DQA1*03:01/DQB1*03:01,15
PLKAEIAQRLEDV,purified MHC/competitive/radioactivity,Negative,15000.0,HLA-DQA1*03:01/DQB1*03:01,13
QYIKANSKFIGITE,purified MHC/competitive/radioactivity,Negative,15000.0,HLA-DQA1*03:01/DQB1*03:01,14
SGHAFGSMAKKGE,purified MHC/competitive/radioactivity,Negative,1633.33,HLA-DQA1*03:01/DQB1*03:01,13
SSSANLSGISSAESLKISQA,purified MHC/competitive/radioactivity,Negative,1973.0,HLA-DQA1*03:01/DQB1*03:01,20
VHAAHAEINEAGR,purified MHC/competitive/radioactivity,Negative,1071.43,HLA-DQA1*03:01/DQB1*03:01,13
VHHANENIFYCPIAIMSALA,purified MHC/competitive/radioactivity,Negative,1540.0,HLA-DQA1*03:01/DQB1*03:01,20
YNGQIGNDPNRDIL,purified MHC/competitive/radioactivity,Negative,15000.0,HLA-DQA1*03:01/DQB1*03:01,14
YPILPEYLQCVK,purified MHC/competitive/radioactivity,Negative,15000.0,HLA-DQA1*03:01/DQB1*03:01,12
YPKFVKQNTLKLAT,purified MHC/competitive/radioactivity,Negative,15000.0,HLA-DQA1*03:01/DQB1*03:01,14
YYVRAVRAYLTT,purified MHC/competitive/radioactivity,Negative,2009.0,HLA-DQA1*03:01/DQB1*03:01,12
HSLGKWLGHPDKF,purified MHC/competitive/radioactivity,Negative,10000.0,HLA-DQA1*03:01/DQB1*03:01,13
LEDARRLKAIYEKKK,purified MHC/competitive/radioactivity,Negative,10000.0,HLA-DQA1*03:01/DQB1*03:01,15
APYHFDLSGHAFGSMAKKGE,purified MHC/competitive/radioactivity,Negative,10000.0,HLA-DQA1*05:01/DQB1*02:01,20
CDGERPTLAFLQDVM,purified MHC/competitive/radioactivity,Negative,10000.0,HLA-DQA1*03:01/DQB1*03:01,15
DMTPADALDDFDL,purified MHC/competitive/radioactivity,Negative,10000.0,HLA-DQA1*03:01/DQB1*03:01,13
DSNIMNSINNVMDEIDFFEK,purified MHC/competitive/radioactivity,Negative,10000.0,HLA-DQA1*03:01/DQB1*03:01,20
EEDIEIIPPIQEEEY,purified MHC/competitive/radioactivity,Negative,10000.0,HLA-DQA1*03:01/DQB1*03:01,15
FESTGNLIAPEYGFKISY,purified MHC/competitive/radioactivity,Negative,10000.0,HLA-DQA1*03:01/DQB1*03:01,18
FGYRKPLDNIKDNVGKMEDYIKK,purified MHC/competitive/radioactivity,Negative,10000.0,HLA-DQA1*03:01/DQB1*03:01,23
FGYRKPLDNIKDNVGKMEDYIKK,purified MHC/competitive/radioactivity,Negative,10000.0,HLA-DQA1*03:01/DQB1*03:02,23
FGYRKPLDNIKDNVGKMEDYIKK,purified MHC/competitive/radioactivity,Negative,10000.0,HLA-DQA1*05:01/DQB1*02:01,23
FVNQHLCGSHLVEAL,purified MHC/competitive/radioactivity,Negative,10000.0,HLA-DQA1*03:01/DQB1*03:02,15
GVTYEIDLTNKN,purified MHC/competitive/radioactivity,Negative,10000.0,HLA-DQA1*03:01/DQB1*03:01,12
GVTYEIDLTNKN,purified MHC/competitive/radioactivity,Negative,10000.0,HLA-DQA1*03:01/DQB1*03:02,12
IEKKIAKMEKASY,purified MHC/competitive/radioactivity,Negative,10000.0,HLA-DQA1*03:01/DQB1*03:01,13
IEKKIAKMEKASY,purified MHC/competitive/radioactivity,Negative,10000.0,HLA-DQA1*03:01/DQB1*03:02,13
KLPKPPKPVSKMRMATPLL,purified MHC/competitive/radioactivity,Negative,10000.0,HLA-DQA1*03:01/DQB1*03:01,19
KLPKPPKPVSKMRMATPLL,purified MHC/competitive/radioactivity,Negative,10000.0,HLA-DQA1*03:01/DQB1*03:02,19
KLPKPPKPVSKMRMATPLL,purified MHC/competitive/radioactivity,Negative,10000.0,HLA-DQA1*05:01/DQB1*02:01,19
KPLLIAEDVEGEY,purified MHC/competitive/radioactivity,Negative,10000.0,HLA-DQA1*03:01/DQB1*03:01,13
LEDARRLKAIYEK,purified MHC/competitive/radioactivity,Negative,10000.0,HLA-DQA1*03:01/DQB1*03:01,13
LEDARRLKAIYEK,purified MHC/competitive/radioactivity,Negative,10000.0,HLA-DQA1*05:01/DQB1*02:01,13
PATLIKAIDGDTVKLMYKGQ,purified MHC/competitive/radioactivity,Negative,10000.0,HLA-DQA1*03:01/DQB1*03:01,20
SQDLELSWNLNGLQADLSS,purified MHC/competitive/radioactivity,Negative,10000.0,HLA-DQA1*03:01/DQB1*03:01,19
TPTEKDEYCARVNH,purified MHC/competitive/radioactivity,Negative,10000.0,HLA-DQA1*03:01/DQB1*03:01,14
TPTEKDEYCARVNH,purified MHC/competitive/radioactivity,Negative,10000.0,HLA-DQA1*03:01/DQB1*03:02,14
TPTEKDEYCARVNH,purified MHC/competitive/radioactivity,Negative,10000.0,HLA-DQA1*05:01/DQB1*02:01,14
VGPLTVNEKRRLKLI,purified MHC/competitive/radioactivity,Negative,10000.0,HLA-DQA1*05:01/DQB1*02:01,15
YAHAAHAAHAAHAAHAA,purified MHC/competitive/radioactivity,Negative,10000.0,HLA-DQA1*05:01/DQB1*02:01,17
YARFQRQTTLKAAA,purified MHC/competitive/radioactivity,Negative,10000.0,HLA-DQA1*03:01/DQB1*03:01,14
YARFQRQTTLKAAA,purified MHC/competitive/radioactivity,Negative,10000.0,HLA-DQA1*03:01/DQB1*03:02,14
YARFQSQTTLKQKT,purified MHC/competitive/radioactivity,Negative,10000.0,HLA-DQA1*03:01/DQB1*03:01,14
YARFQSQTTLKQKT,purified MHC/competitive/radioactivity,Negative,10000.0,HLA-DQA1*03:01/DQB1*03:02,14
YPFIEQEGPEFFDQE,purified MHC/competitive/radioactivity,Negative,10000.0,HLA-DQA1*03:01/DQB1*03:01,15
YQSYGPSGQYTHEFD,purified MHC/competitive/radioactivity,Negative,10000.0,HLA-DQA1*03:01/DQB1*03:01,15
YQSYGPSGQYTHEFD,purified MHC/competitive/radioactivity,Negative,10000.0,HLA-DQA1*03:01/DQB1*03:02,15
APYHFDLSGH,purified MHC/competitive/radioactivity,Negative,1633.33,HLA-DQA1*03:01/DQB1*03:01,10
APYHFDLSG,purified MHC/competitive/radioactivity,Negative,1633.33,HLA-DQA1*03:01/DQB1*03:01,9
LLHFVKESKQDESGM,purified MHC/competitive/radioactivity,Negative,,HLA-DQA1*03:01/DQB1*03:02,15
FKNIVTPRTPPPSQGKGRG,purified MHC/competitive/radioactivity,Negative,,HLA-DQA1*03:01/DQB1*03:02,19
GLSLSRFSQGAEGQRPG,purified MHC/competitive/radioactivity,Negative,,HLA-DQA1*03:01/DQB1*03:02,17
QLPKDRFSAERLK,purified MHC/competitive/radioactivity,Negative,,HLA-DQA1*03:01/DQB1*03:02,13
YLEEALQRPVA,purified MHC/competitive/radioactivity,Negative,,HLA-DQA1*03:01/DQB1*03:02,11
EHPSLQSPITVEWRLLH,purified MHC/competitive/radioactivity,Negative,,HLA-DQA1*03:01/DQB1*03:02,17
RDSPEDFVFQFKGM,purified MHC/competitive/radioactivity,Negative,,HLA-DQA1*03:01/DQB1*03:02,14
KTIAYDEEARR,purified MHC/competitive/radioactivity,Negative,,HLA-DQA1*03:01/DQB1*03:02,11
SFGGFTFKRTS,purified MHC/competitive/radioactivity,Negative,,HLA-DQA1*03:01/DQB1*03:02,11
RYLKNGKETLQRA,purified MHC/competitive/radioactivity,Negative,,HLA-DQA1*03:01/DQB1*03:02,13
DSNIMNSINNVMDEIDFFEK,cellular MHC/direct/fluorescence,Negative,,HLA-DQA1*04:01/DQB1*04:02,20
DSNIMNSINNVMDEIDFFEK,cellular MHC/direct/fluorescence,Negative,,HLA-DQA1*01:02/DQB1*06:02,20
DSNIMNSINNVMDEIDFFEK,cellular MHC/direct/fluorescence,Negative,,HLA-DQA1*05:01/DQB1*03:01,20
DSNIMNSINNVMDEIDFFEK,cellular MHC/direct/fluorescence,Negative,,HLA-DQA1*03:02/DQB1*03:03,20
DDYTEYKLTESIDNILVKMFKTN,cellular MHC/direct/fluorescence,Negative,,HLA-DQA1*05:01/DQB1*03:01,23
DDYTEYKLTESIDNILVKMFKTN,cellular MHC/direct/fluorescence,Negative,,HLA-DQA1*03:02/DQB1*03:03,23
DDYTEYKLTESIDNILVKMFKTN,cellular MHC/direct/fluorescence,Negative,,HLA-DQA1*03:01/DQB1*04:01,23
DDYTEYKLTESIDNILVKMFKTN,cellular MHC/direct/fluorescence,Negative,,HLA-DQA1*03:01/DQB1*03:01,23
DDYTEYKLTESIDNILVKMFKTN,cellular MHC/direct/fluorescence,Negative,,HLA-DQA1*01:02/DQB1*06:02,23
DDYTEYKLTESIDNILVKMFKTN,cellular MHC/direct/fluorescence,Negative,,HLA-DQA1*05:01/DQB1*02:01,23
DDYTEYKLTESIDNILVKMFKTN,cellular MHC/direct/fluorescence,Negative,,HLA-DQA1*03:01/DQB1*03:02,23
DDYTEYKLTESIDNILVKMFKTN,cellular MHC/direct/fluorescence,Negative,,HLA-DQA1*01:02/DQB1*05:02,23
DDYTEYKLTESIDNILVKMFKTN,cellular MHC/direct/fluorescence,Negative,,HLA-DQA1*01:03/DQB1*06:01,23
FGYRKPLDNIKDNVGKMEDYIKK,cellular MHC/direct/fluorescence,Negative,,HLA-DQA1*04:01/DQB1*04:02,23
FGYRKPLDNIKDNVGKMEDYIKK,cellular MHC/direct/fluorescence,Negative,,HLA-DQA1*03:02/DQB1*03:03,23
FGYRKPLDNIKDNVGKMEDYIKK,cellular MHC/direct/fluorescence,Negative,,HLA-DQA1*05:01/DQB1*03:01,23
FGYRKPLDNIKDNVGKMEDYIKK,cellular MHC/direct/fluorescence,Negative,,HLA-DQA1*01:03/DQB1*06:01,23
FGYRKPLDNIKDNVGKMEDYIKK,cellular MHC/direct/fluorescence,Negative,,HLA-DQA1*01:02/DQB1*06:02,23
FGYRKPLDNIKDNVGKMEDYIKK,cellular MHC/direct/fluorescence,Negative,,HLA-DQA1*03:01/DQB1*04:01,23
FGYRKPLDNIKDNVGKMEDYIKK,cellular MHC/direct/fluorescence,Negative,,HLA-DQA1*01:02/DQB1*05:02,23
FGYRKPLDNIKDNVGKMEDYIKK,cellular MHC/direct/fluorescence,Negative,,HLA-DQA1*02:01/DQB1*02:02,23
SKLNSLNNPHNVLQNFSVFFNKK,cellular MHC/direct/fluorescence,Negative,,HLA-DQA1*05:01/DQB1*03:01,23
SKLNSLNNPHNVLQNFSVFFNKK,cellular MHC/direct/fluorescence,Negative,,HLA-DQA1*01:01/DQB1*05:01,23
SKLNSLNNPHNVLQNFSVFFNKK,cellular MHC/direct/fluorescence,Negative,,HLA-DQA1*01:04/DQB1*05:03,23
SKLNSLNNPHNVLQNFSVFFNKK,cellular MHC/direct/fluorescence,Negative,,HLA-DQA1*01:03/DQB1*06:01,23
SKLNSLNNPHNVLQNFSVFFNKK,cellular MHC/direct/fluorescence,Negative,,HLA-DQA1*01:02/DQB1*06:04,23
SKLNSLNNPHNVLQNFSVFFNKK,cellular MHC/direct/fluorescence,Negative,,HLA-DQA1*03:01/DQB1*03:01,23
SKLNSLNNPHNVLQNFSVFFNKK,cellular MHC/direct/fluorescence,Negative,,HLA-DQA1*03:02/DQB1*03:03,23
SKLNSLNNPHNVLQNFSVFFNKK,cellular MHC/direct/fluorescence,Negative,,HLA-DQA1*02:01/DQB1*02:02,23
SKLNSLNNPHNVLQNFSVFFNKK,cellular MHC/direct/fluorescence,Negative,,HLA-DQA1*01:02/DQB1*05:02,23
SKLNSLNNPHNVLQNFSVFFNKK,cellular MHC/direct/fluorescence,Negative,,HLA-DQA1*03:01/DQB1*04:01,23
SKLNSLNNPHNVLQNFSVFFNKK,cellular MHC/direct/fluorescence,Negative,,HLA-DQA1*03:01/DQB1*03:02,23
SKLNSLNNPHNVLQNFSVFFNKK,cellular MHC/direct/fluorescence,Negative,,HLA-DQA1*04:01/DQB1*04:02,23
SKLNSLNNPHNVLQNFSVFFNKK,cellular MHC/direct/fluorescence,Negative,,HLA-DQA1*01:02/DQB1*06:02,23
SKLNSLNNPHNVLQNFSVFFNKK,cellular MHC/direct/fluorescence,Negative,,HLA-DQA1*05:01/DQB1*02:01,23
QAAAGDKPSLFGQ,cellular MHC/competitive/fluorescence,Negative,,HLA-DQA1*05:01/DQB1*03:01,13
SPFKQAAAGDKPS,purified MHC/competitive/fluorescence,Negative,100000.0,HLA-DQA1*05:01/DQB1*03:01,13
SPFGQKAAGDKPS,purified MHC/competitive/fluorescence,Negative,100000.0,HLA-DQA1*05:01/DQB1*03:01,13
DKPSPFVQHAAGD,purified MHC/competitive/fluorescence,Negative,500000.0,HLA-DQA1*05:01/DQB1*03:01,13
EVDMTPADAL,cellular MHC/direct/fluorescence,Negative,,HLA-DQA1*01:01/DQB1*05:01,10
RVDMTPADAL,purified MHC/direct/fluorescence,Negative,,HLA-DQA1*05:01/DQB1*02:01,10
EADMTPADAL,purified MHC/direct/fluorescence,Negative,,HLA-DQA1*05:01/DQB1*02:01,10
ERDMTPADAL,purified MHC/direct/fluorescence,Negative,,HLA-DQA1*05:01/DQB1*02:01,10
EEDMTPADAL,purified MHC/direct/fluorescence,Negative,,HLA-DQA1*05:01/DQB1*02:01,10
EWDMTPADAL,purified MHC/direct/fluorescence,Negative,,HLA-DQA1*05:01/DQB1*02:01,10
EVRMTPADAL,purified MHC/direct/fluorescence,Negative,,HLA-DQA1*05:01/DQB1*02:01,10
EVDRTPADAL,purified MHC/direct/fluorescence,Negative,,HLA-DQA1*05:01/DQB1*02:01,10
EVDMAPADAL,purified MHC/direct/fluorescence,Negative,,HLA-DQA1*05:01/DQB1*02:01,10
EVDMRPADAL,purified MHC/direct/fluorescence,Negative,,HLA-DQA1*05:01/DQB1*02:01,10
EVDMEPADAL,purified MHC/direct/fluorescence,Negative,,HLA-DQA1*05:01/DQB1*02:01,10
EVDMTRADAL,purified MHC/direct/fluorescence,Negative,,HLA-DQA1*05:01/DQB1*02:01,10
EVDMTPRDAL,purified MHC/direct/fluorescence,Negative,,HLA-DQA1*05:01/DQB1*02:01,10
EVDMTPEDAL,purified MHC/direct/fluorescence,Negative,,HLA-DQA1*05:01/DQB1*02:01,10
EVDMTPLDAL,purified MHC/direct/fluorescence,Negative,,HLA-DQA1*05:01/DQB1*02:01,10
EVDMTPAAAL,purified MHC/direct/fluorescence,Negative,,HLA-DQA1*05:01/DQB1*02:01,10
EVDMTPARAL,purified MHC/direct/fluorescence,Negative,,HLA-DQA1*05:01/DQB1*02:01,10
EVDMTPAEAL,purified MHC/direct/fluorescence,Negative,,HLA-DQA1*05:01/DQB1*02:01,10
EVDMTPALAL,purified MHC/direct/fluorescence,Negative,,HLA-DQA1*05:01/DQB1*02:01,10
EVDMTPADRL,purified MHC/direct/fluorescence,Negative,,HLA-DQA1*05:01/DQB1*02:01,10
EVDMTPADEL,purified MHC/direct/fluorescence,Negative,,HLA-DQA1*05:01/DQB1*02:01,10
EVDMTPADLL,purified MHC/direct/fluorescence,Negative,,HLA-DQA1*05:01/DQB1*02:01,10
EVDMTPADAA,purified MHC/direct/fluorescence,Negative,,HLA-DQA1*05:01/DQB1*02:01,10
EVDMTPADAR,purified MHC/direct/fluorescence,Negative,,HLA-DQA1*05:01/DQB1*02:01,10
EVDMTPADAE,purified MHC/direct/fluorescence,Negative,,HLA-DQA1*05:01/DQB1*02:01,10
EVDMTPADAF,purified MHC/direct/fluorescence,Negative,,HLA-DQA1*05:01/DQB1*02:01,10
QLQPFPQPQLP,purified MHC/competitive/radioactivity,Negative,,HLA-DQA1*05:01/DQB1*02:01,11
QLQPFPKPELPY,purified MHC/competitive/radioactivity,Negative,,HLA-DQA1*05:01/DQB1*02:01,12
QLQPFPQPKLPY,purified MHC/competitive/radioactivity,Negative,,HLA-DQA1*05:01/DQB1*02:01,12
PQPKLPYPQPE,purified MHC/competitive/radioactivity,Negative,,HLA-DQA1*05:01/DQB1*02:01,11
PQPELKYPQPE,purified MHC/competitive/radioactivity,Negative,,HLA-DQA1*05:01/DQB1*02:01,11
RMATPLLMQALP,purified MHC/competitive/radioactivity,Negative,,HLA-DQA1*05:01/DQB1*02:01,12
EPRAPWIEQEG,purified MHC/competitive/radioactivity,Negative,,HLA-DQA1*05:01/DQB1*02:01,11
PRAPWIEQEGP,purified MHC/competitive/radioactivity,Negative,,HLA-DQA1*05:01/DQB1*02:01,11
RAPWIEQEGPE,purified MHC/competitive/radioactivity,Negative,,HLA-DQA1*05:01/DQB1*02:01,11
APWIEQEGPEY,purified MHC/competitive/radioactivity,Negative,,HLA-DQA1*05:01/DQB1*02:01,11
EQEGPEYWDQE,purified MHC/competitive/radioactivity,Negative,,HLA-DQA1*05:01/DQB1*02:01,11
WAEQRGPEYW,purified MHC/direct/radioactivity,Negative,,HLA-DQA1*05:01/DQB1*02:01,10
WKEQRGPEYW,purified MHC/direct/radioactivity,Negative,,HLA-DQA1*05:01/DQB1*02:01,10
WIEQRGKEYW,purified MHC/direct/radioactivity,Negative,,HLA-DQA1*05:01/DQB1*02:01,10
WIEQRGPKYW,purified MHC/direct/radioactivity,Negative,,HLA-DQA1*05:01/DQB1*02:01,10
WIEQRGPEYK,purified MHC/direct/radioactivity,Negative,,HLA-DQA1*05:01/DQB1*02:01,10
IIQPEQPAQ,purified MHC/competitive/radioactivity,Negative,150000.0,HLA-DQA1*05:01/DQB1*02:01,9
IIQPKQPAQL,purified MHC/competitive/radioactivity,Negative,150000.0,HLA-DQA1*05:01/DQB1*02:01,10
IIQPEQKAQL,purified MHC/competitive/radioactivity,Negative,150000.0,HLA-DQA1*05:01/DQB1*02:01,10
PEQPKQPYPEQ,purified MHC/competitive/radioactivity,Negative,150000.0,HLA-DQA1*05:01/DQB1*02:01,11
PEQPEQKYPEQ,purified MHC/competitive/radioactivity,Negative,150000.0,HLA-DQA1*05:01/DQB1*02:01,11
SQPEQEFPQ,purified MHC/competitive/radioactivity,Negative,150000.0,HLA-DQA1*05:01/DQB1*02:01,9
PEQPFPKQPEQ,purified MHC/competitive/radioactivity,Negative,150000.0,HLA-DQA1*05:01/DQB1*02:01,11
QLQPFPQPELPYP,lysate MHC/direct/fluorescence,Negative,,HLA-DQA1*01:02/DQB1*06:02,13
QLQPFPQPELPYP,lysate MHC/direct/fluorescence,Negative,,HLA-DQA1*03:01/DQB1*03:02,13
QLQPFPQPELPYP,lysate MHC/direct/fluorescence,Negative,,HLA-DQA1*05:05/DQB1*03:01,13
PQPELPYPQPQLPY,lysate MHC/direct/fluorescence,Negative,,HLA-DQA1*01:01/DQB1*05:01,14
PQPELPYPQPQLPY,lysate MHC/direct/fluorescence,Negative,,HLA-DQA1*01:02/DQB1*06:02,14
PQPELPYPQPQLPY,lysate MHC/direct/fluorescence,Negative,,HLA-DQA1*05:05/DQB1*03:01,14
PQPELPYPQPQLPY,lysate MHC/direct/fluorescence,Negative,,HLA-DQA1*02:01/DQB1*02:02,14
PEQPQQSFPEQERP,lysate MHC/direct/fluorescence,Negative,,HLA-DQA1*01:01/DQB1*05:01,14
PEQPQQSFPEQERP,lysate MHC/direct/fluorescence,Negative,,HLA-DQA1*01:02/DQB1*06:02,14
GIIQPEQPAQL,lysate MHC/direct/fluorescence,Negative,,HLA-DQA1*01:01/DQB1*05:01,11
GIIQPEQPAQL,lysate MHC/direct/fluorescence,Negative,,HLA-DQA1*01:02/DQB1*06:02,11
GIIQPEQPAQL,lysate MHC/direct/fluorescence,Negative,,HLA-DQA1*03:01/DQB1*03:02,11
GIIQPEQPAQL,lysate MHC/direct/fluorescence,Negative,,HLA-DQA1*05:05/DQB1*03:01,11
FPEQPEQPYPEQ,lysate MHC/direct/fluorescence,Negative,,HLA-DQA1*01:01/DQB1*05:01,12
FPEQPEQPYPEQ,lysate MHC/direct/fluorescence,Negative,,HLA-DQA1*01:02/DQB1*06:02,12
FPEQPEQPYPEQ,lysate MHC/direct/fluorescence,Negative,,HLA-DQA1*05:05/DQB1*03:01,12
FPEQPEQPYPEQ,lysate MHC/direct/fluorescence,Negative,,HLA-DQA1*02:01/DQB1*02:02,12
FSQPEQEFPQPQ,lysate MHC/direct/fluorescence,Negative,,HLA-DQA1*01:01/DQB1*05:01,12
FSQPEQEFPQPQ,lysate MHC/direct/fluorescence,Negative,,HLA-DQA1*01:02/DQB1*06:02,12
FSQPEQEFPQPQ,lysate MHC/direct/fluorescence,Negative,,HLA-DQA1*03:01/DQB1*03:02,12
FSQPEQEFPQPQ,lysate MHC/direct/fluorescence,Negative,,HLA-DQA1*05:05/DQB1*03:01,12
PEQPFPEQPEQ,lysate MHC/direct/fluorescence,Negative,,HLA-DQA1*01:02/DQB1*06:02,11
PEQPFPEQPEQ,lysate MHC/direct/fluorescence,Negative,,HLA-DQA1*05:05/DQB1*03:01,11
PEQPFPEQPEQ,lysate MHC/direct/fluorescence,Negative,,HLA-DQA1*02:01/DQB1*02:02,11
KPLLIIAEDVEGE,lysate MHC/direct/fluorescence,Negative,,HLA-DQA1*01:01/DQB1*05:01,13
KPLLIIAEDVEGE,lysate MHC/direct/fluorescence,Negative,,HLA-DQA1*01:02/DQB1*06:02,13
KPLLIIAEDVEGE,lysate MHC/direct/fluorescence,Negative,,HLA-DQA1*03:01/DQB1*03:02,13
KPLLIIAEDVEGE,lysate MHC/direct/fluorescence,Negative,,HLA-DQA1*05:05/DQB1*03:01,13
KPLLIIAEDVEGE,lysate MHC/direct/fluorescence,Negative,,HLA-DQA1*02:01/DQB1*02:02,13
FESTGNLIAPEYG,lysate MHC/direct/fluorescence,Negative,,HLA-DQA1*01:01/DQB1*05:01,13
FESTGNLIAPEYG,lysate MHC/direct/fluorescence,Negative,,HLA-DQA1*05:05/DQB1*03:01,13
FESTGNLIAPEYG,lysate MHC/direct/fluorescence,Negative,,HLA-DQA1*02:01/DQB1*02:02,13
LGQQQPFPPQQPYP,purified MHC/competitive/radioactivity,Negative,166700.0,HLA-DQA1*05:01/DQB1*02:01,14
LGQQQPFPPQQP,purified MHC/competitive/radioactivity,Negative,166700.0,HLA-DQA1*05:01/DQB1*02:01,12
LGQQQPFPPQ,purified MHC/competitive/radioactivity,Negative,166700.0,HLA-DQA1*05:01/DQB1*02:01,10
PFPPQQPYPQPQ,purified MHC/competitive/radioactivity,Negative,166700.0,HLA-DQA1*05:01/DQB1*02:01,12
QPEQPQQSFPKQERP,purified MHC/competitive/radioactivity,Negative,150000.0,HLA-DQA1*05:01/DQB1*02:01,15
QPEQPQQSFPKQERP,purified MHC/competitive/radioactivity,Negative,1000000.0,HLA-DQA1*02:01/DQB1*02:01,15
QPQQPQQSFPQQQRP,purified MHC/competitive/radioactivity,Negative,,HLA-DQA1*05:01/DQB1*02:01,15
QPEQPQQSFPQQQRP,purified MHC/competitive/radioactivity,Negative,,HLA-DQA1*05:01/DQB1*02:01,15
QPQEPQQSFPQQQRP,purified MHC/competitive/radioactivity,Negative,,HLA-DQA1*05:01/DQB1*02:01,15
QPQQPEQSFPQQQRP,purified MHC/competitive/radioactivity,Negative,,HLA-DQA1*05:01/DQB1*02:01,15
QPQQPQESFPQQQRP,purified MHC/competitive/radioactivity,Negative,,HLA-DQA1*05:01/DQB1*02:01,15
QPQQPQQSFPQEQRP,purified MHC/competitive/radioactivity,Negative,,HLA-DQA1*05:01/DQB1*02:01,15
QPQQPQQSFPQQERP,purified MHC/competitive/radioactivity,Negative,,HLA-DQA1*05:01/DQB1*02:01,15
MASPGSGFWSFGSEDGSGDS,purified MHC/competitive/fluorescence,Negative,10000.0,HLA-DQA1*03:01/DQB1*03:02,20
ENPGTARAWCQVAQKFTGGI,purified MHC/competitive/fluorescence,Negative,10000.0,HLA-DQA1*03:01/DQB1*03:02,20
QVAQKFTGGIGNKLCALLYG,purified MHC/competitive/fluorescence,Negative,10000.0,HLA-DQA1*03:01/DQB1*03:02,20
GNKLCALLYGDAEKPAESGG,purified MHC/competitive/fluorescence,Negative,10000.0,HLA-DQA1*03:01/DQB1*03:02,20
SQPPRAAARKAACACDQKPC,purified MHC/competitive/fluorescence,Negative,10000.0,HLA-DQA1*03:01/DQB1*03:02,20
AACACDQKPCSCSKVDVNYA,purified MHC/competitive/fluorescence,Negative,10000.0,HLA-DQA1*03:01/DQB1*03:02,20
SCSKVDVNYAFLHATDLLPA,purified MHC/competitive/fluorescence,Negative,10000.0,HLA-DQA1*03:01/DQB1*03:02,20
CDGERPTLAFLQDVMNILLQ,purified MHC/competitive/fluorescence,Negative,10000.0,HLA-DQA1*03:01/DQB1*03:02,20
LQDVMNILLQYVVKSFDRST,purified MHC/competitive/fluorescence,Negative,10000.0,HLA-DQA1*03:01/DQB1*03:02,20
YVVKSFDRSTKVIDFHYPNE,purified MHC/competitive/fluorescence,Negative,10000.0,HLA-DQA1*03:01/DQB1*03:02,20
KVIDFHYPNELLQEYNWELA,purified MHC/competitive/fluorescence,Negative,10000.0,HLA-DQA1*03:01/DQB1*03:02,20
LLQEYNWELADQPQNLEEIL,purified MHC/competitive/fluorescence,Negative,10000.0,HLA-DQA1*03:01/DQB1*03:02,20
DQPQNLEEILMHCQTTLKYA,purified MHC/competitive/fluorescence,Negative,10000.0,HLA-DQA1*03:01/DQB1*03:02,20
MHCQTTLKYAIKTGHPRYFN,purified MHC/competitive/fluorescence,Negative,10000.0,HLA-DQA1*03:01/DQB1*03:02,20
IKTGHPRYFNQLSTGLDMVG,purified MHC/competitive/fluorescence,Negative,10000.0,HLA-DQA1*03:01/DQB1*03:02,20
QLSTGLDMVGLAADWLTSTA,purified MHC/competitive/fluorescence,Negative,10000.0,HLA-DQA1*03:01/DQB1*03:02,20
PVFVLLEYVTLKKMREIIGW,purified MHC/competitive/fluorescence,Negative,10000.0,HLA-DQA1*03:01/DQB1*03:02,20
LKKMREIIGWPGGSGDGIFS,purified MHC/competitive/fluorescence,Negative,10000.0,HLA-DQA1*03:01/DQB1*03:02,20
PRLIAFTSEHSHFSLKKGAA,purified MHC/competitive/fluorescence,Negative,10000.0,HLA-DQA1*03:01/DQB1*03:02,20
ALGIGTDSVILIKCDERGKM,purified MHC/competitive/fluorescence,Negative,10000.0,HLA-DQA1*03:01/DQB1*03:02,20
LIKCDERGKMIPSDLERRIL,purified MHC/competitive/fluorescence,Negative,10000.0,HLA-DQA1*03:01/DQB1*03:02,20
IPSDLERRILEAKQKGFVPF,purified MHC/competitive/fluorescence,Negative,10000.0,HLA-DQA1*03:01/DQB1*03:02,20
EAKQKGFVPFLVSATAGTTV,purified MHC/competitive/fluorescence,Negative,10000.0,HLA-DQA1*03:01/DQB1*03:02,20
YGAFDPLLAVADICKKYKIW,purified MHC/competitive/fluorescence,Negative,10000.0,HLA-DQA1*03:01/DQB1*03:02,20
ADICKKYKIWMHVDAAWGGG,purified MHC/competitive/fluorescence,Negative,10000.0,HLA-DQA1*03:01/DQB1*03:02,20
MHVDAAWGGGLLMSRKHKWK,purified MHC/competitive/fluorescence,Negative,10000.0,HLA-DQA1*03:01/DQB1*03:02,20
LLMSRKHKWKLSGVERANSV,purified MHC/competitive/fluorescence,Negative,10000.0,HLA-DQA1*03:01/DQB1*03:02,20
TWNPHKMMGVPLQCSALLVR,purified MHC/competitive/fluorescence,Negative,10000.0,HLA-DQA1*03:01/DQB1*03:02,20
MHASYLFQQDKHYDLSYDTG,purified MHC/competitive/fluorescence,Negative,10000.0,HLA-DQA1*03:01/DQB1*03:02,20
KHYDLSYDTGDKALQCGRHV,purified MHC/competitive/fluorescence,Negative,10000.0,HLA-DQA1*03:01/DQB1*03:02,20
DKALQCGRHVDVFKLWLMWR,purified MHC/competitive/fluorescence,Negative,10000.0,HLA-DQA1*03:01/DQB1*03:02,20
VDKCLELAEYLYNIIKNREG,purified MHC/competitive/fluorescence,Negative,10000.0,HLA-DQA1*03:01/DQB1*03:02,20
LYNIIKNREGYEMVFDGKPQ,purified MHC/competitive/fluorescence,Negative,10000.0,HLA-DQA1*03:01/DQB1*03:02,20
YEMVFDGKPQHTNVCFWYIP,purified MHC/competitive/fluorescence,Negative,10000.0,HLA-DQA1*03:01/DQB1*03:02,20
HTNVCFWYIPPSLRTLEDNE,purified MHC/competitive/fluorescence,Negative,10000.0,HLA-DQA1*03:01/DQB1*03:02,20
PSLRTLEDNEERMSRLSKVA,purified MHC/competitive/fluorescence,Negative,10000.0,HLA-DQA1*03:01/DQB1*03:02,20
ERMSRLSKVAPVIKARMMEY,purified MHC/competitive/fluorescence,Negative,10000.0,HLA-DQA1*03:01/DQB1*03:02,20
GTTMVSYQPLGDKVNFFRMV,purified MHC/competitive/fluorescence,Negative,10000.0,HLA-DQA1*03:01/DQB1*03:02,20
GDKVNFFRMVISNPAATHQD,purified MHC/competitive/fluorescence,Negative,10000.0,HLA-DQA1*03:01/DQB1*03:02,20
ISNPAATHQDIDFLIEEIER,purified MHC/competitive/fluorescence,Negative,10000.0,HLA-DQA1*03:01/DQB1*03:02,20
IDFLIEEIERLGQDL,purified MHC/competitive/fluorescence,Negative,10000.0,HLA-DQA1*03:01/DQB1*03:02,15
ENPGTARAWCQVAQK,cellular MHC/competitive/fluorescence,Negative,,HLA-DQB1*03:01,15
ENPGTARAWCQVAQK,cellular MHC/competitive/fluorescence,Negative,,HLA-DQB1*03:02,15
ENPGTARAWCQVAQK,cellular MHC/competitive/fluorescence,Negative,,HLA-DQB1*02:01,15
GNKLCALLYGDAEKP,cellular MHC/competitive/fluorescence,Negative,,HLA-DQB1*03:02,15
GNKLCALLYGDAEKP,cellular MHC/competitive/fluorescence,Negative,,HLA-DQB1*02:01,15
GNKLCALLYGDAEKP,cellular MHC/competitive/fluorescence,Negative,,HLA-DQB1*03:01,15
AAARKAACACDQKPCSCSKV,cellular MHC/competitive/fluorescence,Negative,,HLA-DQB1*03:02,20
AAARKAACACDQKPCSCSKV,cellular MHC/competitive/fluorescence,Negative,,HLA-DQB1*02:01,20
AAARKAACACDQKPCSCSKV,cellular MHC/competitive/fluorescence,Negative,,HLA-DQB1*06:02,20
AAARKAACACDQKPCSCSKV,cellular MHC/competitive/fluorescence,Negative,,HLA-DQB1*03:01,20
LLQEYNWELADQPQN,cellular MHC/competitive/fluorescence,Negative,,HLA-DQB1*03:02,15
LLQEYNWELADQPQN,cellular MHC/competitive/fluorescence,Negative,,HLA-DQB1*02:01,15
LLQEYNWELADQPQN,cellular MHC/competitive/fluorescence,Negative,,HLA-DQB1*06:02,15
LLQEYNWELADQPQN,cellular MHC/competitive/fluorescence,Negative,,HLA-DQB1*03:01,15
PRYFNQLSTGLDMVGLAADW,cellular MHC/competitive/fluorescence,Negative,,HLA-DQB1*03:02,20
PRYFNQLSTGLDMVGLAADW,cellular MHC/competitive/fluorescence,Negative,,HLA-DQB1*06:02,20
PRYFNQLSTGLDMVGLAADW,cellular MHC/competitive/fluorescence,Negative,,HLA-DQB1*03:01,20
LAADWLTSTANTNMF,cellular MHC/competitive/fluorescence,Negative,,HLA-DQB1*03:02,15
LAADWLTSTANTNMF,cellular MHC/competitive/fluorescence,Negative,,HLA-DQB1*02:01,15
LAADWLTSTANTNMF,cellular MHC/competitive/fluorescence,Negative,,HLA-DQB1*06:02,15
LKKMREIIGWPGGSG,cellular MHC/competitive/fluorescence,Negative,,HLA-DQB1*03:02,15
LKKMREIIGWPGGSG,cellular MHC/competitive/fluorescence,Negative,,HLA-DQB1*02:01,15
LKKMREIIGWPGGSG,cellular MHC/competitive/fluorescence,Negative,,HLA-DQB1*06:02,15
LKKMREIIGWPGGSG,cellular MHC/competitive/fluorescence,Negative,,HLA-DQB1*03:01,15
PGGAISNMYAMMIAR,cellular MHC/competitive/fluorescence,Negative,,HLA-DQB1*03:02,15
PGGAISNMYAMMIAR,cellular MHC/competitive/fluorescence,Negative,,HLA-DQB1*02:01,15
PGGAISNMYAMMIAR,cellular MHC/competitive/fluorescence,Negative,,HLA-DQB1*06:02,15
PGGAISNMYAMMIAR,cellular MHC/competitive/fluorescence,Negative,,HLA-DQB1*03:01,15
SNMYAMMIARFKMFPEVKEK,cellular MHC/competitive/fluorescence,Negative,,HLA-DQB1*02:01,20
SNMYAMMIARFKMFPEVKEK,cellular MHC/competitive/fluorescence,Negative,,HLA-DQB1*03:01,20
GMAALPRLIAFTSEHSHFSL,cellular MHC/competitive/fluorescence,Negative,,HLA-DQB1*03:02,20
GMAALPRLIAFTSEHSHFSL,cellular MHC/competitive/fluorescence,Negative,,HLA-DQB1*02:01,20
GMAALPRLIAFTSEHSHFSL,cellular MHC/competitive/fluorescence,Negative,,HLA-DQB1*06:02,20
GMAALPRLIAFTSEHSHFSL,cellular MHC/competitive/fluorescence,Negative,,HLA-DQB1*03:01,20
LIKCDERGKMIPSDL,cellular MHC/competitive/fluorescence,Negative,,HLA-DQB1*03:02,15
LIKCDERGKMIPSDL,cellular MHC/competitive/fluorescence,Negative,,HLA-DQB1*02:01,15
LIKCDERGKMIPSDL,cellular MHC/competitive/fluorescence,Negative,,HLA-DQB1*06:02,15
LIKCDERGKMIPSDL,cellular MHC/competitive/fluorescence,Negative,,HLA-DQB1*03:01,15
LVSATAGTTVYGAFD,cellular MHC/competitive/fluorescence,Negative,,HLA-DQB1*03:02,15
LVSATAGTTVYGAFD,cellular MHC/competitive/fluorescence,Negative,,HLA-DQB1*02:01,15
AGTTVYGAFDPLLAVADICK,cellular MHC/competitive/fluorescence,Negative,,HLA-DQB1*03:02,20
AGTTVYGAFDPLLAVADICK,cellular MHC/competitive/fluorescence,Negative,,HLA-DQB1*02:01,20
AGTTVYGAFDPLLAVADICK,cellular MHC/competitive/fluorescence,Negative,,HLA-DQB1*03:01,20
MHVDAAWGGGLLMSR,cellular MHC/competitive/fluorescence,Negative,,HLA-DQB1*03:02,15
MHVDAAWGGGLLMSR,cellular MHC/competitive/fluorescence,Negative,,HLA-DQB1*02:01,15
MHVDAAWGGGLLMSR,cellular MHC/competitive/fluorescence,Negative,,HLA-DQB1*06:02,15
PLQCSALLVREEGLM,cellular MHC/competitive/fluorescence,Negative,,HLA-DQB1*02:01,15
PLQCSALLVREEGLM,cellular MHC/competitive/fluorescence,Negative,,HLA-DQB1*03:01,15
KHYDLSYDTGDKALQ,cellular MHC/competitive/fluorescence,Negative,,HLA-DQB1*02:01,15
KHYDLSYDTGDKALQ,cellular MHC/competitive/fluorescence,Negative,,HLA-DQB1*06:02,15
KHYDLSYDTGDKALQ,cellular MHC/competitive/fluorescence,Negative,,HLA-DQB1*03:01,15
KNREGYEMVFDGKPQHTNVC,cellular MHC/competitive/fluorescence,Negative,,HLA-DQB1*03:02,20
KNREGYEMVFDGKPQHTNVC,cellular MHC/competitive/fluorescence,Negative,,HLA-DQB1*02:01,20
KNREGYEMVFDGKPQHTNVC,cellular MHC/competitive/fluorescence,Negative,,HLA-DQB1*06:02,20
KNREGYEMVFDGKPQHTNVC,cellular MHC/competitive/fluorescence,Negative,,HLA-DQB1*03:01,20
HTNVCFWYIPPSLRT,cellular MHC/competitive/fluorescence,Negative,,HLA-DQB1*03:02,15
HTNVCFWYIPPSLRT,cellular MHC/competitive/fluorescence,Negative,,HLA-DQB1*02:01,15
HTNVCFWYIPPSLRT,cellular MHC/competitive/fluorescence,Negative,,HLA-DQB1*03:01,15
PSLRTLEDNEERMSR,cellular MHC/competitive/fluorescence,Negative,,HLA-DQB1*03:02,15
PSLRTLEDNEERMSR,cellular MHC/competitive/fluorescence,Negative,,HLA-DQB1*02:01,15
PSLRTLEDNEERMSR,cellular MHC/competitive/fluorescence,Negative,,HLA-DQB1*06:02,15
PSLRTLEDNEERMSR,cellular MHC/competitive/fluorescence,Negative,,HLA-DQB1*03:01,15
NFFRMVISNPAATHQDIDFLI,cellular MHC/competitive/fluorescence,Negative,,HLA-DQB1*03:02,21
NFFRMVISNPAATHQDIDFLI,cellular MHC/competitive/fluorescence,Negative,,HLA-DQB1*02:01,21
NFFRMVISNPAATHQDIDFLI,cellular MHC/competitive/fluorescence,Negative,,HLA-DQB1*06:02,21
NFFRMVISNPAATHQDIDFLI,cellular MHC/competitive/fluorescence,Negative,,HLA-DQB1*03:01,21
EEGLMQNCNQMHASY,cellular MHC/competitive/fluorescence,Negative,,HLA-DQB1*02:01,15
EEGLMQNCNQMHASY,cellular MHC/competitive/fluorescence,Negative,,HLA-DQB1*03:01,15
LLASGLIYCLRHSSQHRLKE,cellular MHC/competitive/fluorescence,Negative,,HLA-DQB1*06:02,20
LLASGLIYCLRHSSQHRLKE,cellular MHC/competitive/fluorescence,Negative,,HLA-DQB1*03:01,20
RHSSQHRLKEKLSGLGGDPG,cellular MHC/competitive/fluorescence,Negative,,HLA-DQB1*06:02,20
RHSSQHRLKEKLSGLGGDPG,cellular MHC/competitive/fluorescence,Negative,,HLA-DQB1*03:01,20
KLSGLGGDPGADATAAYQEL,cellular MHC/competitive/fluorescence,Negative,,HLA-DQB1*03:02,20
KLSGLGGDPGADATAAYQEL,cellular MHC/competitive/fluorescence,Negative,,HLA-DQB1*02:01,20
KLSGLGGDPGADATAAYQEL,cellular MHC/competitive/fluorescence,Negative,,HLA-DQB1*06:02,20
KLSGLGGDPGADATAAYQEL,cellular MHC/competitive/fluorescence,Negative,,HLA-DQB1*03:01,20
ADATAAYQELCRQRMATRPP,cellular MHC/competitive/fluorescence,Negative,,HLA-DQB1*03:02,20
ADATAAYQELCRQRMATRPP,cellular MHC/competitive/fluorescence,Negative,,HLA-DQB1*02:01,20
ADATAAYQELCRQRMATRPP,cellular MHC/competitive/fluorescence,Negative,,HLA-DQB1*06:02,20
ADATAAYQELCRQRMATRPP,cellular MHC/competitive/fluorescence,Negative,,HLA-DQB1*03:01,20
CRQRMATRPPDRPEGPHTSR,cellular MHC/competitive/fluorescence,Negative,,HLA-DQB1*03:02,20
CRQRMATRPPDRPEGPHTSR,cellular MHC/competitive/fluorescence,Negative,,HLA-DQB1*02:01,20
CRQRMATRPPDRPEGPHTSR,cellular MHC/competitive/fluorescence,Negative,,HLA-DQB1*06:02,20
DRPEGPHTSRISSVSSQFSD,cellular MHC/competitive/fluorescence,Negative,,HLA-DQB1*03:02,20
DRPEGPHTSRISSVSSQFSD,cellular MHC/competitive/fluorescence,Negative,,HLA-DQB1*02:01,20
DRPEGPHTSRISSVSSQFSD,cellular MHC/competitive/fluorescence,Negative,,HLA-DQB1*06:02,20
ISSVSSQFSDGPIPSPSARS,cellular MHC/competitive/fluorescence,Negative,,HLA-DQB1*03:02,20
ISSVSSQFSDGPIPSPSARS,cellular MHC/competitive/fluorescence,Negative,,HLA-DQB1*02:01,20
ISSVSSQFSDGPIPSPSARS,cellular MHC/competitive/fluorescence,Negative,,HLA-DQB1*06:02,20
GPIPSPSARSSASSWSEEPV,cellular MHC/competitive/fluorescence,Negative,,HLA-DQB1*02:01,20
SASSWSEEPVQSNMDISTGH,cellular MHC/competitive/fluorescence,Negative,,HLA-DQB1*02:01,20
SASSWSEEPVQSNMDISTGH,cellular MHC/competitive/fluorescence,Negative,,HLA-DQB1*06:02,20
QSNMDISTGHMILSYMEDHL,cellular MHC/competitive/fluorescence,Negative,,HLA-DQB1*03:02,20
QSNMDISTGHMILSYMEDHL,cellular MHC/competitive/fluorescence,Negative,,HLA-DQB1*02:01,20
QSNMDISTGHMILSYMEDHL,cellular MHC/competitive/fluorescence,Negative,,HLA-DQB1*06:02,20
QSNMDISTGHMILSYMEDHL,cellular MHC/competitive/fluorescence,Negative,,HLA-DQB1*03:01,20
MILSYMEDHLKNKNRLEKEW,cellular MHC/competitive/fluorescence,Negative,,HLA-DQB1*03:02,20
MILSYMEDHLKNKNRLEKEW,cellular MHC/competitive/fluorescence,Negative,,HLA-DQB1*02:01,20
MILSYMEDHLKNKNRLEKEW,cellular MHC/competitive/fluorescence,Negative,,HLA-DQB1*06:02,20
MILSYMEDHLKNKNRLEKEW,cellular MHC/competitive/fluorescence,Negative,,HLA-DQB1*03:01,20
KNKNRLEKEWEALCAYQAEP,cellular MHC/competitive/fluorescence,Negative,,HLA-DQB1*06:02,20
KNKNRLEKEWEALCAYQAEP,cellular MHC/competitive/fluorescence,Negative,,HLA-DQB1*02:01,20
EALCAYQAEPNSSFVAQREE,cellular MHC/competitive/fluorescence,Negative,,HLA-DQB1*03:02,20
EALCAYQAEPNSSFVAQREE,cellular MHC/competitive/fluorescence,Negative,,HLA-DQB1*03:01,20
EALCAYQAEPNSSFVAQREE,cellular MHC/competitive/fluorescence,Negative,,HLA-DQB1*06:02,20
EALCAYQAEPNSSFVAQREE,cellular MHC/competitive/fluorescence,Negative,,HLA-DQB1*02:01,20
NSSFVAQREENVPKNRSLAV,cellular MHC/competitive/fluorescence,Negative,,HLA-DQB1*03:02,20
NSSFVAQREENVPKNRSLAV,cellular MHC/competitive/fluorescence,Negative,,HLA-DQB1*03:01,20
NSSFVAQREENVPKNRSLAV,cellular MHC/competitive/fluorescence,Negative,,HLA-DQB1*06:02,20
NSSFVAQREENVPKNRSLAV,cellular MHC/competitive/fluorescence,Negative,,HLA-DQB1*02:01,20
NVPKNRSLAVLTYDHSRVLL,cellular MHC/competitive/fluorescence,Negative,,HLA-DQB1*03:02,20
NVPKNRSLAVLTYDHSRVLL,cellular MHC/competitive/fluorescence,Negative,,HLA-DQB1*03:01,20
NVPKNRSLAVLTYDHSRVLL,cellular MHC/competitive/fluorescence,Negative,,HLA-DQB1*06:02,20
NVPKNRSLAVLTYDHSRVLL,cellular MHC/competitive/fluorescence,Negative,,HLA-DQB1*02:01,20
LTYDHSRVLLKAENSHSHSD,cellular MHC/competitive/fluorescence,Negative,,HLA-DQB1*03:02,20
LTYDHSRVLLKAENSHSHSD,cellular MHC/competitive/fluorescence,Negative,,HLA-DQB1*03:01,20
LTYDHSRVLLKAENSHSHSD,cellular MHC/competitive/fluorescence,Negative,,HLA-DQB1*06:02,20
LTYDHSRVLLKAENSHSHSD,cellular MHC/competitive/fluorescence,Negative,,HLA-DQB1*02:01,20
KAENSHSHSDYINASPIMDH,cellular MHC/competitive/fluorescence,Negative,,HLA-DQB1*03:01,20
KAENSHSHSDYINASPIMDH,cellular MHC/competitive/fluorescence,Negative,,HLA-DQB1*06:02,20
KAENSHSHSDYINASPIMDH,cellular MHC/competitive/fluorescence,Negative,,HLA-DQB1*02:01,20
YINASPIMDHDPRNPAYIAT,cellular MHC/competitive/fluorescence,Negative,,HLA-DQB1*03:02,20
YINASPIMDHDPRNPAYIAT,cellular MHC/competitive/fluorescence,Negative,,HLA-DQB1*03:01,20
YINASPIMDHDPRNPAYIAT,cellular MHC/competitive/fluorescence,Negative,,HLA-DQB1*06:02,20
YINASPIMDHDPRNPAYIAT,cellular MHC/competitive/fluorescence,Negative,,HLA-DQB1*02:01,20
DPRNPAYIATQGPLPATVAD,cellular MHC/competitive/fluorescence,Negative,,HLA-DQB1*03:02,20
DPRNPAYIATQGPLPATVAD,cellular MHC/competitive/fluorescence,Negative,,HLA-DQB1*03:01,20
DPRNPAYIATQGPLPATVAD,cellular MHC/competitive/fluorescence,Negative,,HLA-DQB1*06:02,20
DPRNPAYIATQGPLPATVAD,cellular MHC/competitive/fluorescence,Negative,,HLA-DQB1*02:01,20
QGPLPATVADFWQMVWESGC,cellular MHC/competitive/fluorescence,Negative,,HLA-DQB1*03:02,20
QGPLPATVADFWQMVWESGC,cellular MHC/competitive/fluorescence,Negative,,HLA-DQB1*03:01,20
QGPLPATVADFWQMVWESGC,cellular MHC/competitive/fluorescence,Negative,,HLA-DQB1*06:02,20
QGPLPATVADFWQMVWESGC,cellular MHC/competitive/fluorescence,Negative,,HLA-DQB1*02:01,20
FWQMVWESGCVVIVMLTPLA,cellular MHC/competitive/fluorescence,Negative,,HLA-DQB1*03:02,20
FWQMVWESGCVVIVMLTPLA,cellular MHC/competitive/fluorescence,Negative,,HLA-DQB1*03:01,20
FWQMVWESGCVVIVMLTPLA,cellular MHC/competitive/fluorescence,Negative,,HLA-DQB1*06:02,20
FWQMVWESGCVVIVMLTPLA,cellular MHC/competitive/fluorescence,Negative,,HLA-DQB1*02:01,20
VVIVMLTPLAENGVRQCYHY,cellular MHC/competitive/fluorescence,Negative,,HLA-DQB1*03:02,20
VVIVMLTPLAENGVRQCYHY,cellular MHC/competitive/fluorescence,Negative,,HLA-DQB1*03:01,20
VVIVMLTPLAENGVRQCYHY,cellular MHC/competitive/fluorescence,Negative,,HLA-DQB1*06:02,20
VVIVMLTPLAENGVRQCYHY,cellular MHC/competitive/fluorescence,Negative,,HLA-DQB1*02:01,20
ENGVRQCYHYWPDEGSNLYH,cellular MHC/competitive/fluorescence,Negative,,HLA-DQB1*02:01,20
WPDEGSNLYHIYEVNLVSEH,cellular MHC/competitive/fluorescence,Negative,,HLA-DQB1*03:02,20
WPDEGSNLYHIYEVNLVSEH,cellular MHC/competitive/fluorescence,Negative,,HLA-DQB1*03:01,20
WPDEGSNLYHIYEVNLVSEH,cellular MHC/competitive/fluorescence,Negative,,HLA-DQB1*06:02,20
WPDEGSNLYHIYEVNLVSEH,cellular MHC/competitive/fluorescence,Negative,,HLA-DQB1*02:01,20
IYEVNLVSEHIWCEDFLVRS,cellular MHC/competitive/fluorescence,Negative,,HLA-DQB1*03:02,20
IYEVNLVSEHIWCEDFLVRS,cellular MHC/competitive/fluorescence,Negative,,HLA-DQB1*03:01,20
IYEVNLVSEHIWCEDFLVRS,cellular MHC/competitive/fluorescence,Negative,,HLA-DQB1*06:02,20
IYEVNLVSEHIWCEDFLVRS,cellular MHC/competitive/fluorescence,Negative,,HLA-DQB1*02:01,20
IWCEDFLVRSFYLKNLQTNE,cellular MHC/competitive/fluorescence,Negative,,HLA-DQB1*03:02,20
IWCEDFLVRSFYLKNLQTNE,cellular MHC/competitive/fluorescence,Negative,,HLA-DQB1*03:01,20
IWCEDFLVRSFYLKNLQTNE,cellular MHC/competitive/fluorescence,Negative,,HLA-DQB1*06:02,20
IWCEDFLVRSFYLKNLQTNE,cellular MHC/competitive/fluorescence,Negative,,HLA-DQB1*02:01,20
FYLKNLQTNETRTVTQFHFL,cellular MHC/competitive/fluorescence,Negative,,HLA-DQB1*03:02,20
FYLKNLQTNETRTVTQFHFL,cellular MHC/competitive/fluorescence,Negative,,HLA-DQB1*03:01,20
FYLKNLQTNETRTVTQFHFL,cellular MHC/competitive/fluorescence,Negative,,HLA-DQB1*06:02,20
FYLKNLQTNETRTVTQFHFL,cellular MHC/competitive/fluorescence,Negative,,HLA-DQB1*02:01,20
TRTVTQFHFLSWYDRGVPSS,cellular MHC/competitive/fluorescence,Negative,,HLA-DQB1*02:01,20
SWYDRGVPSSSRSLLDFRRK,cellular MHC/competitive/fluorescence,Negative,,HLA-DQB1*03:02,20
SWYDRGVPSSSRSLLDFRRK,cellular MHC/competitive/fluorescence,Negative,,HLA-DQB1*03:01,20
SWYDRGVPSSSRSLLDFRRK,cellular MHC/competitive/fluorescence,Negative,,HLA-DQB1*06:02,20
SWYDRGVPSSSRSLLDFRRK,cellular MHC/competitive/fluorescence,Negative,,HLA-DQB1*02:01,20
SRSLLDFRRKVNKCYRGRSC,cellular MHC/competitive/fluorescence,Negative,,HLA-DQB1*03:02,20
SRSLLDFRRKVNKCYRGRSC,cellular MHC/competitive/fluorescence,Negative,,HLA-DQB1*03:01,20
SRSLLDFRRKVNKCYRGRSC,cellular MHC/competitive/fluorescence,Negative,,HLA-DQB1*06:02,20
SRSLLDFRRKVNKCYRGRSC,cellular MHC/competitive/fluorescence,Negative,,HLA-DQB1*02:01,20
VNKCYRGRSCPIIVHCSDGA,cellular MHC/competitive/fluorescence,Negative,,HLA-DQB1*03:02,20
VNKCYRGRSCPIIVHCSDGA,cellular MHC/competitive/fluorescence,Negative,,HLA-DQB1*06:02,20
VNKCYRGRSCPIIVHCSDGA,cellular MHC/competitive/fluorescence,Negative,,HLA-DQB1*02:01,20
PIIVHCSDGAGRSGTYVLID,cellular MHC/competitive/fluorescence,Negative,,HLA-DQB1*03:02,20
PIIVHCSDGAGRSGTYVLID,cellular MHC/competitive/fluorescence,Negative,,HLA-DQB1*03:01,20
PIIVHCSDGAGRSGTYVLID,cellular MHC/competitive/fluorescence,Negative,,HLA-DQB1*06:02,20
GRSGTYVLIDMVLNKMAKGA,cellular MHC/competitive/fluorescence,Negative,,HLA-DQB1*03:01,20
GRSGTYVLIDMVLNKMAKGA,cellular MHC/competitive/fluorescence,Negative,,HLA-DQB1*02:01,20
MVLNKMAKGAKEIDIAATLE,cellular MHC/competitive/fluorescence,Negative,,HLA-DQB1*06:02,20
MVLNKMAKGAKEIDIAATLE,cellular MHC/competitive/fluorescence,Negative,,HLA-DQB1*02:01,20
KEIDIAATLEHLRDQRPGMV,cellular MHC/competitive/fluorescence,Negative,,HLA-DQB1*03:02,20
KEIDIAATLEHLRDQRPGMV,cellular MHC/competitive/fluorescence,Negative,,HLA-DQB1*03:01,20
KEIDIAATLEHLRDQRPGMV,cellular MHC/competitive/fluorescence,Negative,,HLA-DQB1*06:02,20
KEIDIAATLEHLRDQRPGMV,cellular MHC/competitive/fluorescence,Negative,,HLA-DQB1*02:01,20
QTKEQFEFALTAVAEEVNAI,cellular MHC/competitive/fluorescence,Negative,,HLA-DQB1*03:01,20
QTKEQFEFALTAVAEEVNAI,cellular MHC/competitive/fluorescence,Negative,,HLA-DQB1*06:02,20
QTKEQFEFALTAVAEEVNAI,cellular MHC/competitive/fluorescence,Negative,,HLA-DQB1*02:01,20
ERMSRLSKVAPVIKA,purified MHC/competitive/fluorescence,Negative,1000000.0,HLA-DQA1*03:01/DQB1*03:02,15
HLCGSHLVEAL,cellular MHC/direct/fluorescence,Negative,,HLA-DQA1*03:01/DQB1*04:01,11
HLCGSHLVEAL,cellular MHC/direct/fluorescence,Negative,,HLA-DQA1*03:01/DQB1*03:02,11
HLCGSHLVEAL,cellular MHC/direct/fluorescence,Negative,,HLA-DQA1*05:01/DQB1*03:01,11
HLCGSHLVEAL,cellular MHC/direct/fluorescence,Negative,,HLA-DQA1*03:01/DQB1*03:01,11
HLCGSHLVEAL,cellular MHC/direct/fluorescence,Negative,,HLA-DQA1*05:01/DQB1*02:01,11
HLCGSHLVEAL,cellular MHC/direct/fluorescence,Negative,,HLA-DQA1*01:03/DQB1*06:03,11
HLCGSHLVEAL,cellular MHC/direct/fluorescence,Negative,,HLA-DQA1*01:01/DQB1*05:03,11
HLCGSHLVEAL,cellular MHC/direct/fluorescence,Negative,,HLA-DQA1*01:02/DQB1*05:02,11
HRCGSHLVEAL,cellular MHC/direct/fluorescence,Negative,,HLA-DQA1*01:02/DQB1*06:02,11
HRCGSHLVEAL,cellular MHC/direct/fluorescence,Negative,,HLA-DQA1*01:02/DQB1*06:04,11
HLCRSHLVEAL,cellular MHC/direct/fluorescence,Negative,,HLA-DQA1*01:02/DQB1*06:04,11
HLCGRHLVEAL,cellular MHC/direct/fluorescence,Negative,,HLA-DQA1*01:02/DQB1*06:02,11
HLCGRHLVEAL,cellular MHC/direct/fluorescence,Negative,,HLA-DQA1*01:02/DQB1*06:04,11
HLCGSHRVEAL,cellular MHC/direct/fluorescence,Negative,,HLA-DQA1*01:02/DQB1*06:02,11
HLCGSHRVEAL,cellular MHC/direct/fluorescence,Negative,,HLA-DQA1*01:02/DQB1*06:04,11
HLCGSHLVERL,cellular MHC/direct/fluorescence,Negative,,HLA-DQA1*01:02/DQB1*06:02,11
HLCGSHLVERL,cellular MHC/direct/fluorescence,Negative,,HLA-DQA1*01:02/DQB1*06:04,11
HGCGSHLVEAL,purified MHC/competitive/fluorescence,Negative,100000.0,HLA-DQA1*01:02/DQB1*06:04,11
HTCGSHLVEAL,purified MHC/competitive/fluorescence,Negative,100000.0,HLA-DQA1*01:02/DQB1*06:04,11
HPCGSHLVEAL,purified MHC/competitive/fluorescence,Negative,100000.0,HLA-DQA1*01:02/DQB1*06:04,11
HDCGSHLVEAL,purified MHC/competitive/fluorescence,Negative,100000.0,HLA-DQA1*01:02/DQB1*06:04,11
HLCTSHLVEAL,purified MHC/competitive/fluorescence,Negative,100000.0,HLA-DQA1*01:02/DQB1*06:04,11
HLCPSHLVEAL,purified MHC/competitive/fluorescence,Negative,100000.0,HLA-DQA1*01:02/DQB1*06:04,11
HLCGGHLVEAL,purified MHC/competitive/fluorescence,Negative,100000.0,HLA-DQA1*01:02/DQB1*06:04,11
HLCGNHLVEAL,purified MHC/competitive/fluorescence,Negative,100000.0,HLA-DQA1*01:02/DQB1*06:04,11
HLCGCHLVEAL,purified MHC/competitive/fluorescence,Negative,100000.0,HLA-DQA1*01:02/DQB1*06:02,11
HLCGCHLVEAL,purified MHC/competitive/fluorescence,Negative,100000.0,HLA-DQA1*01:02/DQB1*06:04,11
HLCGPHLVEAL,purified MHC/competitive/fluorescence,Negative,100000.0,HLA-DQA1*01:02/DQB1*06:02,11
HLCGPHLVEAL,purified MHC/competitive/fluorescence,Negative,100000.0,HLA-DQA1*01:02/DQB1*06:04,11
HLCGDHLVEAL,purified MHC/competitive/fluorescence,Negative,100000.0,HLA-DQA1*01:02/DQB1*06:02,11
HLCGDHLVEAL,purified MHC/competitive/fluorescence,Negative,100000.0,HLA-DQA1*01:02/DQB1*06:04,11
HLCGSHNVEAL,purified MHC/competitive/fluorescence,Negative,100000.0,HLA-DQA1*01:02/DQB1*06:04,11
HLCGSHFVEAL,purified MHC/competitive/fluorescence,Negative,100000.0,HLA-DQA1*01:02/DQB1*06:04,11
HLCGSHPVEAL,purified MHC/competitive/fluorescence,Negative,100000.0,HLA-DQA1*01:02/DQB1*06:04,11
HLCGSHLVEPL,purified MHC/competitive/fluorescence,Negative,100000.0,HLA-DQA1*01:02/DQB1*06:04,11
TVYGAFDPLLA,purified MHC/competitive/fluorescence,Negative,100000.0,HLA-DQA1*01:02/DQB1*06:04,11
KWKLSGVERAN,purified MHC/competitive/fluorescence,Negative,100000.0,HLA-DQA1*01:02/DQB1*06:04,11
KWKLSGVERAN,purified MHC/competitive/fluorescence,Negative,100000.0,HLA-DQA1*01:02/DQB1*06:02,11
LQPLALEGSLQ,purified MHC/competitive/fluorescence,Negative,100000.0,HLA-DQA1*01:02/DQB1*06:04,11
LQPLALEGSLQ,purified MHC/competitive/fluorescence,Negative,100000.0,HLA-DQA1*01:02/DQB1*06:02,11
PNELLQEYNYE,purified MHC/competitive/fluorescence,Negative,100000.0,HLA-DQA1*01:02/DQB1*06:04,11
PNELLQEYNYE,purified MHC/competitive/fluorescence,Negative,100000.0,HLA-DQA1*01:02/DQB1*06:02,11
GQCQVGVGQAR,purified MHC/competitive/fluorescence,Negative,100000.0,HLA-DQA1*01:02/DQB1*06:04,11
GQCQVGVGQAR,purified MHC/competitive/fluorescence,Negative,100000.0,HLA-DQA1*01:02/DQB1*06:02,11
LFQDSGLLYLA,purified MHC/competitive/fluorescence,Negative,100000.0,HLA-DQA1*01:02/DQB1*06:04,11
LFQDSGLLYLA,purified MHC/competitive/fluorescence,Negative,100000.0,HLA-DQA1*01:02/DQB1*06:02,11
LLYLAQELPAP,purified MHC/competitive/fluorescence,Negative,100000.0,HLA-DQA1*01:02/DQB1*06:04,11
VQPDAALQRLA,purified MHC/competitive/fluorescence,Negative,100000.0,HLA-DQA1*01:02/DQB1*06:04,11
VQPDAALQRLA,purified MHC/competitive/fluorescence,Negative,100000.0,HLA-DQA1*01:02/DQB1*06:02,11
ATAGTTVYGAF,purified MHC/competitive/fluorescence,Negative,100000.0,HLA-DQA1*01:02/DQB1*06:04,11
AQTGLQILQTG,purified MHC/competitive/fluorescence,Negative,100000.0,HLA-DQA1*01:02/DQB1*06:04,11
QTGLQILQTGV,purified MHC/competitive/fluorescence,Negative,100000.0,HLA-DQA1*01:02/DQB1*06:04,11
VNVGADIKKTM,purified MHC/competitive/fluorescence,Negative,100000.0,HLA-DQA1*01:02/DQB1*06:04,11
MVSVGPLPKAE,purified MHC/competitive/fluorescence,Negative,100000.0,HLA-DQA1*01:02/DQB1*06:04,11
MVSVGPLPKAE,purified MHC/competitive/fluorescence,Negative,100000.0,HLA-DQA1*01:02/DQB1*06:02,11
VTQQAGLVKSE,purified MHC/competitive/fluorescence,Negative,100000.0,HLA-DQA1*01:02/DQB1*06:04,11
VTQQAGLVKSE,purified MHC/competitive/fluorescence,Negative,100000.0,HLA-DQA1*01:02/DQB1*06:02,11
AAWGGGLLMSR,purified MHC/competitive/fluorescence,Negative,100000.0,HLA-DQA1*01:02/DQB1*06:04,11
AAWGGGLLMSR,purified MHC/competitive/fluorescence,Negative,100000.0,HLA-DQA1*01:02/DQB1*06:02,11
LTLLQLLPKGA,purified MHC/competitive/fluorescence,Negative,100000.0,HLA-DQA1*01:02/DQB1*06:04,11
LTLLQLLPKGA,purified MHC/competitive/fluorescence,Negative,100000.0,HLA-DQA1*01:02/DQB1*06:02,11
LSKVAPVIKAR,purified MHC/competitive/fluorescence,Negative,100000.0,HLA-DQA1*01:02/DQB1*06:04,11
LSKVAPVIKAR,purified MHC/competitive/fluorescence,Negative,100000.0,HLA-DQA1*01:02/DQB1*06:02,11
RNPGGVVNVGA,purified MHC/competitive/fluorescence,Negative,100000.0,HLA-DQA1*01:02/DQB1*06:04,11
RNPGGVVNVGA,purified MHC/competitive/fluorescence,Negative,100000.0,HLA-DQA1*01:02/DQB1*06:02,11
TVYGAFDPLAA,purified MHC/direct/fluorescence,Negative,,HLA-DQA1*01:02/DQB1*06:02,11
KDLLEQKRAAVDTYC,purified MHC/direct/fluorescence,Negative,,HLA-DQA1*03:01/DQB1*03:02,15
KDLLEQRRAAVDTYC,purified MHC/direct/fluorescence,Negative,,HLA-DQA1*03:01/DQB1*03:02,15
VEGPSYDAVVNMLRR,purified MHC/competitive/radioactivity,Negative,,HLA-DQA1*03:02/DQB1*04:01,15
VEGPVYDAVVNMLAR,purified MHC/competitive/radioactivity,Negative,,HLA-DQA1*03:02/DQB1*04:01,15
VSAAAAAAAR,purified MHC/competitive/radioactivity,Negative,,HLA-DQA1*03:02/DQB1*04:01,10
RAAAAAAAR,purified MHC/competitive/radioactivity,Negative,,HLA-DQA1*03:02/DQB1*04:01,9
KAAAAAAAAR,purified MHC/competitive/radioactivity,Negative,,HLA-DQA1*03:02/DQB1*04:01,10
HAAAAAAAAR,purified MHC/competitive/radioactivity,Negative,,HLA-DQA1*03:02/DQB1*04:01,10
EAAAAAAAAR,purified MHC/competitive/radioactivity,Negative,,HLA-DQA1*03:02/DQB1*04:01,10
DAAAAAAAAR,purified MHC/competitive/radioactivity,Negative,,HLA-DQA1*03:02/DQB1*04:01,10
QAAAAAAAAR,purified MHC/competitive/radioactivity,Negative,,HLA-DQA1*03:02/DQB1*04:01,10
NAAAAAAAAR,purified MHC/competitive/radioactivity,Negative,,HLA-DQA1*03:02/DQB1*04:01,10
TAAAAAAAAR,purified MHC/competitive/radioactivity,Negative,,HLA-DQA1*03:02/DQB1*04:01,10
CAAAAAAAAR,purified MHC/competitive/radioactivity,Negative,,HLA-DQA1*03:02/DQB1*04:01,10
GAAAAAAAAR,purified MHC/competitive/radioactivity,Negative,,HLA-DQA1*03:02/DQB1*04:01,10
VAAAAAAAAK,purified MHC/competitive/radioactivity,Negative,,HLA-DQA1*03:02/DQB1*04:01,10
VAAAAAAAAH,purified MHC/competitive/radioactivity,Negative,,HLA-DQA1*03:02/DQB1*04:01,10
VAAAAAAAAE,purified MHC/competitive/radioactivity,Negative,,HLA-DQA1*03:02/DQB1*04:01,10
VAAAAAAAAD,purified MHC/competitive/radioactivity,Negative,,HLA-DQA1*03:02/DQB1*04:01,10
VAAAAAAAAQ,purified MHC/competitive/radioactivity,Negative,,HLA-DQA1*03:02/DQB1*04:01,10
VAAAAAAAAN,purified MHC/competitive/radioactivity,Negative,,HLA-DQA1*03:02/DQB1*04:01,10
VAAAAAAAAT,purified MHC/competitive/radioactivity,Negative,,HLA-DQA1*03:02/DQB1*04:01,10
VAAAAAAAAS,purified MHC/competitive/radioactivity,Negative,,HLA-DQA1*03:02/DQB1*04:01,10
VAAAAAAAAC,purified MHC/competitive/radioactivity,Negative,,HLA-DQA1*03:02/DQB1*04:01,10
VAAAAAAAAG,purified MHC/competitive/radioactivity,Negative,,HLA-DQA1*03:02/DQB1*04:01,10
VAAAAAAAAA,purified MHC/competitive/radioactivity,Negative,,HLA-DQA1*03:02/DQB1*04:01,10
VAAAAAAAAV,purified MHC/competitive/radioactivity,Negative,,HLA-DQA1*03:02/DQB1*04:01,10
VAAAAAAAAF,purified MHC/competitive/radioactivity,Negative,,HLA-DQA1*03:02/DQB1*04:01,10
VAAAAAAAAW,purified MHC/competitive/radioactivity,Negative,,HLA-DQA1*03:02/DQB1*04:01,10
VAAAAAAAAY,purified MHC/competitive/radioactivity,Negative,,HLA-DQA1*03:02/DQB1*04:01,10
VAAAAAAAAP,purified MHC/competitive/radioactivity,Negative,,HLA-DQA1*03:02/DQB1*04:01,10
GEPGLPGARGLTGRPGD,purified MHC/competitive/radioactivity,Negative,500000.0,HLA-DQA1*03:01/DQB1*03:02,17
GDPGRPGEPGLPGA,purified MHC/competitive/radioactivity,Negative,500000.0,HLA-DQA1*03:01/DQB1*03:02,14
APGPAGEEGKRGARGEPGG,purified MHC/competitive/radioactivity,Negative,500000.0,HLA-DQA1*03:01/DQB1*03:02,19
GVGPIGPPGERGAPGNR,purified MHC/competitive/radioactivity,Negative,500000.0,HLA-DQA1*03:02/DQB1*04:01,17
GVGPIGPPGERGAPGNR,purified MHC/competitive/radioactivity,Negative,500000.0,HLA-DQA1*03:01/DQB1*03:02,17
LAGPKGAPGERGPSG,purified MHC/competitive/radioactivity,Negative,500000.0,HLA-DQA1*03:02/DQB1*04:01,15
LAGPKGAPGERGPSG,purified MHC/competitive/radioactivity,Negative,500000.0,HLA-DQA1*03:01/DQB1*03:02,15
RPGEPGLPGARGLT,purified MHC/competitive/radioactivity,Negative,500000.0,HLA-DQA1*03:02/DQB1*04:01,14
RPGEPGLPGARGLT,purified MHC/competitive/radioactivity,Negative,500000.0,HLA-DQA1*03:01/DQB1*03:02,14
PGPIGPPGPRGRSGE,purified MHC/competitive/radioactivity,Negative,500000.0,HLA-DQA1*03:02/DQB1*04:01,15
PGPIGPPGPRGRSGE,purified MHC/competitive/radioactivity,Negative,500000.0,HLA-DQA1*03:01/DQB1*03:02,15
KAAVAAAASVPAADK,purified MHC/competitive/radioactivity,Negative,50000.0,HLA-DQB1*05:01,15
SGIAFGSMAKKGDEQ,purified MHC/competitive/radioactivity,Negative,17240.0,HLA-DQB1*03:02,15
EPRAPWIEQEGPEYWDQE,cellular MHC/direct/fluorescence,Negative,,HLA-DQA1*03:01/DQB1*03:02,18
LPDDEDVVGPGQESDD,cellular MHC/direct/fluorescence,Negative,,HLA-DQA1*05:01/DQB1*02:01,16
DKPDMAEIEKFDK,cellular MHC/direct/fluorescence,Negative,,HLA-DQA1*05:01/DQB1*02:01,13
LCGSHLVEA,purified MHC/competitive/fluorescence,Negative,,HLA-DQA1*03:01/DQB1*03:02,9
LCGSHLVEA,purified MHC/competitive/fluorescence,Negative,,HLA-DQA1*05:01/DQB1*02:01,9
LCGSHLVEA,purified MHC/competitive/fluorescence,Negative,,HLA-DQA1*05:01/DQB1*03:02,9
APPRLICDSRVLERY,purified MHC/competitive/radioactivity,Negative,,HLA-DQB1*03:02,15
ICDSRVLERYLLEAK,purified MHC/competitive/radioactivity,Negative,,HLA-DQB1*03:02,15
VLERYLLEAKEAENI,purified MHC/competitive/radioactivity,Negative,10932.0,HLA-DQB1*03:01,15
LLEAKEAENITTGCA,purified MHC/competitive/radioactivity,Negative,12519.0,HLA-DQB1*03:01,15
EAENITTGCAEHCSL,purified MHC/competitive/radioactivity,Negative,12395.0,HLA-DQB1*03:01,15
EAENITTGCAEHCSL,purified MHC/competitive/radioactivity,Negative,,HLA-DQB1*03:02,15
TTGCAEHCSLNENIT,purified MHC/competitive/radioactivity,Negative,13455.0,HLA-DQB1*03:01,15
TTGCAEHCSLNENIT,purified MHC/competitive/radioactivity,Negative,,HLA-DQB1*03:02,15
EHCSLNENITVPDTK,purified MHC/competitive/radioactivity,Negative,13422.0,HLA-DQB1*03:01,15
EHCSLNENITVPDTK,purified MHC/competitive/radioactivity,Negative,24504.0,HLA-DQB1*03:02,15
NENITVPDTKVNFYA,purified MHC/competitive/radioactivity,Negative,,HLA-DQB1*03:02,15
VNFYAWKRMEVGQQA,purified MHC/competitive/radioactivity,Negative,13912.0,HLA-DQB1*03:01,15
VNFYAWKRMEVGQQA,purified MHC/competitive/radioactivity,Negative,12146.0,HLA-DQB1*03:02,15
WKRMEVGQQAVEVWQ,purified MHC/competitive/radioactivity,Negative,13666.0,HLA-DQB1*03:01,15
VEVWQGLALLSEAVL,purified MHC/competitive/radioactivity,Negative,15953.0,HLA-DQB1*03:02,15
GLALLSEAVLRGQAL,purified MHC/competitive/radioactivity,Negative,,HLA-DQB1*03:02,15
SEAVLRGQALLVNSS,purified MHC/competitive/radioactivity,Negative,14393.0,HLA-DQB1*03:02,15
RGQALLVNSSQPWEP,purified MHC/competitive/radioactivity,Negative,,HLA-DQB1*03:02,15
LVNSSQPWEPLQLHV,purified MHC/competitive/radioactivity,Negative,,HLA-DQB1*03:02,15
LQLHVDKAVSGLRSL,purified MHC/competitive/radioactivity,Negative,18750.0,HLA-DQB1*03:02,15
DKAVSGLRSLTTLLR,purified MHC/competitive/radioactivity,Negative,,HLA-DQB1*03:02,15
GLRSLTTLLRALGAQ,purified MHC/competitive/radioactivity,Negative,,HLA-DQB1*03:01,15
TTLLRALGAQKEAIS,purified MHC/competitive/radioactivity,Negative,,HLA-DQB1*03:01,15
TTLLRALGAQKEAIS,purified MHC/competitive/radioactivity,Negative,12131.0,HLA-DQB1*03:02,15
ALGAQKEAISPPDAA,purified MHC/competitive/radioactivity,Negative,10729.0,HLA-DQB1*03:01,15
PPDAASAAPLRTITA,purified MHC/competitive/radioactivity,Negative,,HLA-DQB1*03:02,15
SAAPLRTITADTFRK,purified MHC/competitive/radioactivity,Negative,,HLA-DQB1*03:02,15
RTITADTFRKLFRVY,purified MHC/competitive/radioactivity,Negative,,HLA-DQB1*03:02,15
DTFRKLFRVYSNFLR,purified MHC/competitive/radioactivity,Negative,,HLA-DQB1*03:02,15
LFRVYSNFLRGKLKL,purified MHC/competitive/radioactivity,Negative,10087.0,HLA-DQB1*03:01,15
LFRVYSNFLRGKLKL,purified MHC/competitive/radioactivity,Negative,,HLA-DQB1*03:02,15
SNFLRGKLKLYTGEA,purified MHC/competitive/radioactivity,Negative,,HLA-DQB1*03:01,15
SNFLRGKLKLYTGEA,purified MHC/competitive/radioactivity,Negative,,HLA-DQB1*03:02,15
KLKLYTGEACRTGDR,purified MHC/competitive/radioactivity,Negative,18685.0,HLA-DQB1*03:01,15
KLKLYTGEACRTGDR,purified MHC/competitive/radioactivity,Negative,,HLA-DQB1*03:02,15
CSNLSTCVLGKLSQE,purified MHC/competitive/radioactivity,Negative,,HLA-DQB1*03:01,15
CSNLSTCVLGKLSQE,purified MHC/competitive/radioactivity,Negative,,HLA-DQB1*03:02,15
TCVLGKLSQELHKLQ,purified MHC/competitive/radioactivity,Negative,,HLA-DQB1*03:01,15
TCVLGKLSQELHKLQ,purified MHC/competitive/radioactivity,Negative,,HLA-DQB1*03:02,15
KLSQELHKLQTYPRT,purified MHC/competitive/radioactivity,Negative,,HLA-DQB1*03:01,15
KLSQELHKLQTYPRT,purified MHC/competitive/radioactivity,Negative,,HLA-DQB1*03:02,15
LHKLQTYPRTNTGSG,purified MHC/competitive/radioactivity,Negative,,HLA-DQB1*03:01,15
LHKLQTYPRTNTGSG,purified MHC/competitive/radioactivity,Negative,,HLA-DQB1*03:02,15
KLQTYPRTNTGSGTP,purified MHC/competitive/radioactivity,Negative,,HLA-DQB1*03:01,15
KLQTYPRTNTGSGTP,purified MHC/competitive/radioactivity,Negative,,HLA-DQB1*03:02,15
TYPRTNTGSGTP,purified MHC/competitive/radioactivity,Negative,,HLA-DQB1*03:01,12
TYPRTNTGSGTP,purified MHC/competitive/radioactivity,Negative,,HLA-DQB1*03:02,12
FPTIPLSRLFDNAML,purified MHC/competitive/radioactivity,Negative,,HLA-DQB1*03:02,15
RLFDNAMLRAHRLHQ,purified MHC/competitive/radioactivity,Negative,,HLA-DQB1*03:02,15
LRAHRLHQLAFDTYQ,purified MHC/competitive/radioactivity,Negative,,HLA-DQB1*03:01,15
LRAHRLHQLAFDTYQ,purified MHC/competitive/radioactivity,Negative,,HLA-DQB1*03:02,15
QLAFDTYQEFEEAYI,purified MHC/competitive/radioactivity,Negative,,HLA-DQB1*03:01,15
QEFEEAYIPKEQKYS,purified MHC/competitive/radioactivity,Negative,,HLA-DQB1*03:01,15
IPKEQKYSFLQNPQT,purified MHC/competitive/radioactivity,Negative,,HLA-DQB1*03:01,15
IPKEQKYSFLQNPQT,purified MHC/competitive/radioactivity,Negative,,HLA-DQB1*03:02,15
SFLQNPQTSLCFSES,purified MHC/competitive/radioactivity,Negative,,HLA-DQB1*03:01,15
SFLQNPQTSLCFSES,purified MHC/competitive/radioactivity,Negative,,HLA-DQB1*03:02,15
TSLCFSESIPTPSNR,purified MHC/competitive/radioactivity,Negative,,HLA-DQB1*03:02,15
SIPTPSNREETQQKS,purified MHC/competitive/radioactivity,Negative,,HLA-DQB1*03:01,15
SIPTPSNREETQQKS,purified MHC/competitive/radioactivity,Negative,,HLA-DQB1*03:02,15
REETQQKSNLELLRI,purified MHC/competitive/radioactivity,Negative,18103.0,HLA-DQB1*03:01,15
REETQQKSNLELLRI,purified MHC/competitive/radioactivity,Negative,,HLA-DQB1*03:02,15
SNLELLRISLLLIQS,purified MHC/competitive/radioactivity,Negative,,HLA-DQB1*03:01,15
ISLLLIQSWLEPVQF,purified MHC/competitive/radioactivity,Negative,,HLA-DQB1*03:01,15
SWLEPVQFLRSVFAN,purified MHC/competitive/radioactivity,Negative,,HLA-DQB1*03:01,15
SWLEPVQFLRSVFAN,purified MHC/competitive/radioactivity,Negative,22412.0,HLA-DQB1*03:02,15
FLRSVFANSLVYGAS,purified MHC/competitive/radioactivity,Negative,22678.0,HLA-DQB1*03:02,15
NSLVYGASDSNVYDL,purified MHC/competitive/radioactivity,Negative,14164.0,HLA-DQB1*03:01,15
SDSNVYDLLKDLEEG,purified MHC/competitive/radioactivity,Negative,,HLA-DQB1*03:01,15
LLKDLEEGIQTLMGR,purified MHC/competitive/radioactivity,Negative,,HLA-DQB1*03:01,15
GIQTLMGRLEDGSPR,purified MHC/competitive/radioactivity,Negative,24249.0,HLA-DQB1*03:02,15
RLEDGSPRTGQIFKQ,purified MHC/competitive/radioactivity,Negative,11620.0,HLA-DQB1*03:01,15
RLEDGSPRTGQIFKQ,purified MHC/competitive/radioactivity,Negative,,HLA-DQB1*03:02,15
RTGQIFKQTYSKFDT,purified MHC/competitive/radioactivity,Negative,,HLA-DQB1*03:01,15
RTGQIFKQTYSKFDT,purified MHC/competitive/radioactivity,Negative,,HLA-DQB1*03:02,15
QTYSKFDTNSHNDDA,purified MHC/competitive/radioactivity,Negative,,HLA-DQB1*03:01,15
QTYSKFDTNSHNDDA,purified MHC/competitive/radioactivity,Negative,,HLA-DQB1*03:02,15
TNSHNDDALLKNYGL,purified MHC/competitive/radioactivity,Negative,,HLA-DQB1*03:01,15
TNSHNDDALLKNYGL,purified MHC/competitive/radioactivity,Negative,,HLA-DQB1*03:02,15
ALLKNYGLLYCFRKD,purified MHC/competitive/radioactivity,Negative,,HLA-DQB1*03:01,15
ALLKNYGLLYCFRKD,purified MHC/competitive/radioactivity,Negative,,HLA-DQB1*03:02,15
LLYCFRKDMDKVETF,purified MHC/competitive/radioactivity,Negative,,HLA-DQB1*03:01,15
LLYCFRKDMDKVETF,purified MHC/competitive/radioactivity,Negative,,HLA-DQB1*03:02,15
DMDKVETFLRIVQCR,purified MHC/competitive/radioactivity,Negative,,HLA-DQB1*03:01,15
FLRIVQCRSVEGSCG,purified MHC/competitive/radioactivity,Negative,,HLA-DQB1*03:01,15
FLRIVQCRSVEGSCG,purified MHC/competitive/radioactivity,Negative,,HLA-DQB1*03:02,15
MSYNLLGFLQRSSNF,purified MHC/competitive/radioactivity,Negative,,HLA-DQB1*03:02,15
LGFLQRSSNFQCQKL,purified MHC/competitive/radioactivity,Negative,,HLA-DQB1*03:02,15
RSSNFQCQKLLWQLN,purified MHC/competitive/radioactivity,Negative,,HLA-DQB1*03:01,15
RSSNFQCQKLLWQLN,purified MHC/competitive/radioactivity,Negative,,HLA-DQB1*03:02,15
QCQKLLWQLNGRLEY,purified MHC/competitive/radioactivity,Negative,21204.0,HLA-DQB1*03:01,15
QCQKLLWQLNGRLEY,purified MHC/competitive/radioactivity,Negative,10053.0,HLA-DQB1*03:02,15
LWQLNGRLEYCLKDR,purified MHC/competitive/radioactivity,Negative,25432.0,HLA-DQB1*03:01,15
LWQLNGRLEYCLKDR,purified MHC/competitive/radioactivity,Negative,16627.0,HLA-DQB1*03:02,15
GRLEYCLKDRMNFDI,purified MHC/competitive/radioactivity,Negative,,HLA-DQB1*03:02,15
CLKDRMNFDIPEEIK,purified MHC/competitive/radioactivity,Negative,19365.0,HLA-DQB1*03:01,15
MNFDIPEEIKQLQQF,purified MHC/competitive/radioactivity,Negative,,HLA-DQB1*03:01,15
MNFDIPEEIKQLQQF,purified MHC/competitive/radioactivity,Negative,,HLA-DQB1*03:02,15
PEEIKQLQQFQKEDA,purified MHC/competitive/radioactivity,Negative,,HLA-DQB1*03:01,15
PEEIKQLQQFQKEDA,purified MHC/competitive/radioactivity,Negative,,HLA-DQB1*03:02,15
QLQQFQKEDAALTIY,purified MHC/competitive/radioactivity,Negative,26205.0,HLA-DQB1*03:01,15
ALTIYEMLQNIFAIF,purified MHC/competitive/radioactivity,Negative,14899.0,HLA-DQB1*03:01,15
EMLQNIFAIFRQDSS,purified MHC/competitive/radioactivity,Negative,,HLA-DQB1*03:01,15
IFAIFRQDSSSTGWN,purified MHC/competitive/radioactivity,Negative,18587.0,HLA-DQB1*03:01,15
IFAIFRQDSSSTGWN,purified MHC/competitive/radioactivity,Negative,23153.0,HLA-DQB1*03:02,15
RQDSSSTGWNETIVE,purified MHC/competitive/radioactivity,Negative,24826.0,HLA-DQB1*03:01,15
STGWNETIVENLLAN,purified MHC/competitive/radioactivity,Negative,,HLA-DQB1*03:01,15
ETIVENLLANVYHQI,purified MHC/competitive/radioactivity,Negative,,HLA-DQB1*03:01,15
ETIVENLLANVYHQI,purified MHC/competitive/radioactivity,Negative,,HLA-DQB1*03:02,15
NLLANVYHQINHLKT,purified MHC/competitive/radioactivity,Negative,,HLA-DQB1*03:01,15
NLLANVYHQINHLKT,purified MHC/competitive/radioactivity,Negative,,HLA-DQB1*03:02,15
VYHQINHLKTVLEEK,purified MHC/competitive/radioactivity,Negative,,HLA-DQB1*03:01,15
NHLKTVLEEKLEKED,purified MHC/competitive/radioactivity,Negative,,HLA-DQB1*03:01,15
NHLKTVLEEKLEKED,purified MHC/competitive/radioactivity,Negative,26582.0,HLA-DQB1*03:02,15
VLEEKLEKEDFTRGK,purified MHC/competitive/radioactivity,Negative,,HLA-DQB1*03:01,15
VLEEKLEKEDFTRGK,purified MHC/competitive/radioactivity,Negative,,HLA-DQB1*03:02,15
LEKEDFTRGKLMSSL,purified MHC/competitive/radioactivity,Negative,,HLA-DQB1*03:01,15
LEKEDFTRGKLMSSL,purified MHC/competitive/radioactivity,Negative,,HLA-DQB1*03:02,15
FTRGKLMSSLHLKRY,purified MHC/competitive/radioactivity,Negative,,HLA-DQB1*03:01,15
FTRGKLMSSLHLKRY,purified MHC/competitive/radioactivity,Negative,,HLA-DQB1*03:02,15
LMSSLHLKRYYGRIL,purified MHC/competitive/radioactivity,Negative,,HLA-DQB1*03:01,15
LMSSLHLKRYYGRIL,purified MHC/competitive/radioactivity,Negative,,HLA-DQB1*03:02,15
HLKRYYGRILHYLKA,purified MHC/competitive/radioactivity,Negative,,HLA-DQB1*03:02,15
YGRILHYLKAKEYSH,purified MHC/competitive/radioactivity,Negative,,HLA-DQB1*03:01,15
YGRILHYLKAKEYSH,purified MHC/competitive/radioactivity,Negative,,HLA-DQB1*03:02,15
HYLKAKEYSHCAWTI,purified MHC/competitive/radioactivity,Negative,,HLA-DQB1*03:01,15
HYLKAKEYSHCAWTI,purified MHC/competitive/radioactivity,Negative,,HLA-DQB1*03:02,15
CAWTIVRVEILRNFY,purified MHC/competitive/radioactivity,Negative,,HLA-DQB1*03:01,15
RNFYFINRLTGYLRN,purified MHC/competitive/radioactivity,Negative,,HLA-DQB1*03:01,15
RNFYFINRLTGYLRN,purified MHC/competitive/radioactivity,Negative,,HLA-DQB1*03:02,15
GIVEQCCTSICSLYQ,purified MHC/competitive/radioactivity,Negative,,HLA-DQB1*03:01,15
GIVEQCCTSICSLYQ,purified MHC/competitive/radioactivity,Negative,,HLA-DQB1*03:02,15
EQCCTSICSLYQLEN,purified MHC/competitive/radioactivity,Negative,,HLA-DQB1*03:01,15
TSICSLYQLENYCN,purified MHC/competitive/radioactivity,Negative,,HLA-DQB1*03:01,14
TSICSLYQLENYCN,purified MHC/competitive/radioactivity,Negative,,HLA-DQB1*03:02,14
FVNQHLCGSHLVEAL,purified MHC/competitive/radioactivity,Negative,14040.0,HLA-DQB1*03:01,15
FVNQHLCGSHLVEAL,purified MHC/competitive/radioactivity,Negative,29453.0,HLA-DQB1*03:02,15
GSHLVEALYLVCGER,purified MHC/competitive/radioactivity,Negative,,HLA-DQB1*03:01,15
VEALYLVCGERGFFY,purified MHC/competitive/radioactivity,Negative,28769.0,HLA-DQB1*03:01,15
YLVCGERGFFYTPKT,purified MHC/competitive/radioactivity,Negative,,HLA-DQB1*03:01,15
YLVCGERGFFYTPKT,purified MHC/competitive/radioactivity,Negative,,HLA-DQB1*03:02,15
VCGERGFFYTPKT,purified MHC/competitive/radioactivity,Negative,,HLA-DQB1*03:01,13
VCGERGFFYTPKT,purified MHC/competitive/radioactivity,Negative,,HLA-DQB1*03:02,13
GARSLTTLLRALGAQ,purified MHC/competitive/radioactivity,Negative,,HLA-DQB1*03:01,15
GERSLTTLLRALGAQ,purified MHC/competitive/radioactivity,Negative,,HLA-DQB1*03:01,15
GPRSLTTLLRALGAQ,purified MHC/competitive/radioactivity,Negative,,HLA-DQB1*03:01,15
GSRSLTTLLRALGAQ,purified MHC/competitive/radioactivity,Negative,,HLA-DQB1*03:01,15
GLGSLTTLLRALGAQ,purified MHC/competitive/radioactivity,Negative,,HLA-DQB1*03:01,15
GLRRLTTLLRALGAQ,purified MHC/competitive/radioactivity,Negative,,HLA-DQB1*03:01,15
GLRSDTTLLRALGAQ,purified MHC/competitive/radioactivity,Negative,,HLA-DQB1*03:01,15
DTFRKDFRVYSNFLR,purified MHC/competitive/radioactivity,Negative,,HLA-DQB1*03:01,15
DTFRKLFDVYSNFLR,purified MHC/competitive/radioactivity,Negative,26700.0,HLA-DQB1*03:01,15
DTFRKLFRDYSNFLR,purified MHC/competitive/radioactivity,Negative,,HLA-DQB1*03:01,15
DTFRKLFRGYSNFLR,purified MHC/competitive/radioactivity,Negative,15220.0,HLA-DQB1*03:01,15
DTFRKLFRRYSNFLR,purified MHC/competitive/radioactivity,Negative,,HLA-DQB1*03:01,15
DTFRKLFRVYSDFLR,purified MHC/competitive/radioactivity,Negative,19239.0,HLA-DQB1*03:01,15
DMTPADALDA,purified MHC/direct/fluorescence,Negative,,HLA-DQB1*03:02,10
NANPNANPNANP,cellular MHC/direct/fluorescence,Negative,,HLA-DQB1*06:02,12
NANPNANPNANP,cellular MHC/competitive/fluorescence,Negative,,HLA-DQA1*02:01/DQB1*03:03,12
NANPNANPNANP,cellular MHC/competitive/fluorescence,Negative,,HLA-DQA1*05:01/DQB1*03:01,12
WNFAGIEAAASAIQG,purified MHC/competitive/radioactivity,Negative,30600.0,HLA-DQA1*01:01/DQB1*05:01,15
NVTSIHSLLDEGKQS,purified MHC/competitive/radioactivity,Negative,12200.0,HLA-DQA1*01:01/DQB1*05:01,15
HSLLDEGKQSLTKLA,purified MHC/competitive/radioactivity,Negative,46700.0,HLA-DQA1*05:01/DQB1*03:01,15
HSLLDEGKQSLTKLA,purified MHC/competitive/radioactivity,Negative,46700.0,HLA-DQA1*01:01/DQB1*05:01,15
HSLLDEGKQSLTKLA,purified MHC/competitive/radioactivity,Negative,31800.0,HLA-DQA1*03:01/DQB1*03:02,15
HSLLDEGKQSLTKLA,purified MHC/competitive/radioactivity,Negative,46700.0,HLA-DQA1*05:01/DQB1*02:01,15
HSLLDEGKQSLTKLA,purified MHC/competitive/radioactivity,Negative,34900.0,HLA-DQA1*01:02/DQB1*06:02,15
EGKQSLTKLAAAWGG,purified MHC/competitive/radioactivity,Negative,46700.0,HLA-DQA1*01:01/DQB1*05:01,15
EGKQSLTKLAAAWGG,purified MHC/competitive/radioactivity,Negative,26000.0,HLA-DQA1*05:01/DQB1*02:01,15
LTKLAAAWGGSGSEA,purified MHC/competitive/radioactivity,Negative,46700.0,HLA-DQA1*01:01/DQB1*05:01,15
LTKLAAAWGGSGSEA,purified MHC/competitive/radioactivity,Negative,17300.0,HLA-DQA1*03:01/DQB1*03:02,15
LTKLAAAWGGSGSEA,purified MHC/competitive/radioactivity,Negative,46700.0,HLA-DQA1*05:01/DQB1*02:01,15
AAWGGSGSEAYQGVQ,purified MHC/competitive/radioactivity,Negative,46700.0,HLA-DQA1*01:01/DQB1*05:01,15
AAWGGSGSEAYQGVQ,purified MHC/competitive/radioactivity,Negative,11100.0,HLA-DQA1*03:01/DQB1*03:02,15
SGSEAYQGVQQKWDA,purified MHC/competitive/radioactivity,Negative,19300.0,HLA-DQA1*01:01/DQB1*05:01,15
SGSEAYQGVQQKWDA,purified MHC/competitive/radioactivity,Negative,12800.0,HLA-DQA1*03:01/DQB1*03:02,15
YQGVQQKWDATATEL,purified MHC/competitive/radioactivity,Negative,14100.0,HLA-DQA1*05:01/DQB1*03:01,15
QKWDATATELNNALQ,purified MHC/competitive/radioactivity,Negative,14800.0,HLA-DQA1*05:01/DQB1*03:01,15
QKWDATATELNNALQ,purified MHC/competitive/radioactivity,Negative,46700.0,HLA-DQA1*01:01/DQB1*05:01,15
QKWDATATELNNALQ,purified MHC/competitive/radioactivity,Negative,11500.0,HLA-DQA1*03:01/DQB1*03:02,15
NNALQNLARTISEAG,purified MHC/competitive/radioactivity,Negative,12400.0,HLA-DQA1*05:01/DQB1*03:01,15
NNALQNLARTISEAG,purified MHC/competitive/radioactivity,Negative,46700.0,HLA-DQA1*01:01/DQB1*05:01,15
NNALQNLARTISEAG,purified MHC/competitive/radioactivity,Negative,14300.0,HLA-DQA1*05:01/DQB1*02:01,15
NLARTISEAGQAMAS,purified MHC/competitive/radioactivity,Negative,46700.0,HLA-DQA1*01:01/DQB1*05:01,15
NLARTISEAGQAMAS,purified MHC/competitive/radioactivity,Negative,19300.0,HLA-DQA1*05:01/DQB1*02:01,15
ISEAGQAMASTEGNV,purified MHC/competitive/radioactivity,Negative,46700.0,HLA-DQA1*01:01/DQB1*05:01,15
ISEAGQAMASTEGNV,purified MHC/competitive/radioactivity,Negative,11000.0,HLA-DQA1*05:01/DQB1*02:01,15
QAMASTEGNVTGMFA,purified MHC/competitive/radioactivity,Negative,46700.0,HLA-DQA1*01:01/DQB1*05:01,15
MAEMKTDAATLAQEA,purified MHC/competitive/radioactivity,Negative,46700.0,HLA-DQA1*01:01/DQB1*05:01,15
TDAATLAQEAGNFER,purified MHC/competitive/radioactivity,Negative,26800.0,HLA-DQA1*05:01/DQB1*03:01,15
TDAATLAQEAGNFER,purified MHC/competitive/radioactivity,Negative,46700.0,HLA-DQA1*01:01/DQB1*05:01,15
TDAATLAQEAGNFER,purified MHC/competitive/radioactivity,Negative,10800.0,HLA-DQA1*05:01/DQB1*02:01,15
LAQEAGNFERISGDL,purified MHC/competitive/radioactivity,Negative,23200.0,HLA-DQA1*05:01/DQB1*03:01,15
GNFERISGDLKTQID,purified MHC/competitive/radioactivity,Negative,46700.0,HLA-DQA1*05:01/DQB1*03:01,15
GNFERISGDLKTQID,purified MHC/competitive/radioactivity,Negative,46700.0,HLA-DQA1*01:01/DQB1*05:01,15
GNFERISGDLKTQID,purified MHC/competitive/radioactivity,Negative,12000.0,HLA-DQA1*03:01/DQB1*03:02,15
ISGDLKTQIDQVEST,purified MHC/competitive/radioactivity,Negative,46700.0,HLA-DQA1*05:01/DQB1*03:01,15
KTQIDQVESTAGSLQ,purified MHC/competitive/radioactivity,Negative,19400.0,HLA-DQA1*05:01/DQB1*03:01,15
KTQIDQVESTAGSLQ,purified MHC/competitive/radioactivity,Negative,46700.0,HLA-DQA1*01:01/DQB1*05:01,15
KTQIDQVESTAGSLQ,purified MHC/competitive/radioactivity,Negative,11100.0,HLA-DQA1*03:01/DQB1*03:02,15
KTQIDQVESTAGSLQ,purified MHC/competitive/radioactivity,Negative,23600.0,HLA-DQA1*01:02/DQB1*06:02,15
QVESTAGSLQGQWRG,purified MHC/competitive/radioactivity,Negative,46700.0,HLA-DQA1*01:01/DQB1*05:01,15
QVESTAGSLQGQWRG,purified MHC/competitive/radioactivity,Negative,12600.0,HLA-DQA1*03:01/DQB1*03:02,15
QVESTAGSLQGQWRG,purified MHC/competitive/radioactivity,Negative,13100.0,HLA-DQA1*05:01/DQB1*02:01,15
AGSLQGQWRGAAGTA,purified MHC/competitive/radioactivity,Negative,32100.0,HLA-DQA1*01:01/DQB1*05:01,15
AGSLQGQWRGAAGTA,purified MHC/competitive/radioactivity,Negative,23200.0,HLA-DQA1*03:01/DQB1*03:02,15
AGSLQGQWRGAAGTA,purified MHC/competitive/radioactivity,Negative,20200.0,HLA-DQA1*05:01/DQB1*02:01,15
GQWRGAAGTAAQAAV,purified MHC/competitive/radioactivity,Negative,46700.0,HLA-DQA1*01:01/DQB1*05:01,15
AAGTAAQAAVVRFQE,purified MHC/competitive/radioactivity,Negative,35100.0,HLA-DQA1*01:01/DQB1*05:01,15
AQAAVVRFQEAANKQ,purified MHC/competitive/radioactivity,Negative,46700.0,HLA-DQA1*01:01/DQB1*05:01,15
AQAAVVRFQEAANKQ,purified MHC/competitive/radioactivity,Negative,22900.0,HLA-DQA1*03:01/DQB1*03:02,15
AQAAVVRFQEAANKQ,purified MHC/competitive/radioactivity,Negative,30100.0,HLA-DQA1*05:01/DQB1*02:01,15
VRFQEAANKQKQELD,purified MHC/competitive/radioactivity,Negative,37900.0,HLA-DQA1*05:01/DQB1*03:01,15
VRFQEAANKQKQELD,purified MHC/competitive/radioactivity,Negative,26900.0,HLA-DQA1*01:02/DQB1*06:02,15
AANKQKQELDEISTN,purified MHC/competitive/radioactivity,Negative,26800.0,HLA-DQA1*05:01/DQB1*03:01,15
AANKQKQELDEISTN,purified MHC/competitive/radioactivity,Negative,46700.0,HLA-DQA1*01:01/DQB1*05:01,15
AANKQKQELDEISTN,purified MHC/competitive/radioactivity,Negative,46600.0,HLA-DQA1*03:01/DQB1*03:02,15
AANKQKQELDEISTN,purified MHC/competitive/radioactivity,Negative,14400.0,HLA-DQA1*05:01/DQB1*02:01,15
AANKQKQELDEISTN,purified MHC/competitive/radioactivity,Negative,46700.0,HLA-DQA1*01:02/DQB1*06:02,15
KQELDEISTNIRQAG,purified MHC/competitive/radioactivity,Negative,19600.0,HLA-DQA1*05:01/DQB1*03:01,15
KQELDEISTNIRQAG,purified MHC/competitive/radioactivity,Negative,46700.0,HLA-DQA1*01:01/DQB1*05:01,15
KQELDEISTNIRQAG,purified MHC/competitive/radioactivity,Negative,19800.0,HLA-DQA1*03:01/DQB1*03:02,15
KQELDEISTNIRQAG,purified MHC/competitive/radioactivity,Negative,12800.0,HLA-DQA1*05:01/DQB1*02:01,15
ADEEQQQALSSQMGF,purified MHC/competitive/radioactivity,Negative,12000.0,HLA-DQA1*05:01/DQB1*03:01,15
ADEEQQQALSSQMGF,purified MHC/competitive/radioactivity,Negative,46700.0,HLA-DQA1*01:01/DQB1*05:01,15
DELVGGPPVEASAAA,purified MHC/competitive/radioactivity,Negative,13500.0,HLA-DQA1*01:01/DQB1*05:01,15
GPPVEASAAALAGDA,purified MHC/competitive/radioactivity,Negative,35800.0,HLA-DQA1*01:01/DQB1*05:01,15
ASAAALAGDAAGAWR,purified MHC/competitive/radioactivity,Negative,46700.0,HLA-DQA1*01:01/DQB1*05:01,15
VRAVAESHGVAAVLF,purified MHC/competitive/radioactivity,Negative,10700.0,HLA-DQA1*01:01/DQB1*05:01,15
AAVLFAATAAAAAAV,purified MHC/competitive/radioactivity,Negative,46700.0,HLA-DQA1*01:01/DQB1*05:01,15
AATAAAAAAVDRGDP,purified MHC/competitive/radioactivity,Negative,43000.0,HLA-DQA1*01:01/DQB1*05:01,15
MATTLPVQRHPRSLF,purified MHC/competitive/radioactivity,Negative,46700.0,HLA-DQA1*01:01/DQB1*05:01,15
MATTLPVQRHPRSLF,purified MHC/competitive/radioactivity,Negative,21500.0,HLA-DQA1*03:01/DQB1*03:02,15
PSFAGLRPTFDTRLM,purified MHC/competitive/radioactivity,Negative,13200.0,HLA-DQA1*01:02/DQB1*06:02,15
DTRLMRLEDEMKEGR,purified MHC/competitive/radioactivity,Negative,46700.0,HLA-DQA1*05:01/DQB1*03:01,15
RLEDEMKEGRYEVRA,purified MHC/competitive/radioactivity,Negative,43100.0,HLA-DQA1*05:01/DQB1*03:01,15
RLEDEMKEGRYEVRA,purified MHC/competitive/radioactivity,Negative,12300.0,HLA-DQA1*01:01/DQB1*05:01,15
RLEDEMKEGRYEVRA,purified MHC/competitive/radioactivity,Negative,18500.0,HLA-DQA1*01:02/DQB1*06:02,15
MKEGRYEVRAELPGV,purified MHC/competitive/radioactivity,Negative,10300.0,HLA-DQA1*05:01/DQB1*03:01,15
YEVRAELPGVDPDKD,purified MHC/competitive/radioactivity,Negative,24600.0,HLA-DQA1*05:01/DQB1*03:01,15
YEVRAELPGVDPDKD,purified MHC/competitive/radioactivity,Negative,12800.0,HLA-DQA1*01:01/DQB1*05:01,15
YEVRAELPGVDPDKD,purified MHC/competitive/radioactivity,Negative,14200.0,HLA-DQA1*01:02/DQB1*06:02,15
ELPGVDPDKDVDIMV,purified MHC/competitive/radioactivity,Negative,46700.0,HLA-DQA1*05:01/DQB1*03:01,15
ELPGVDPDKDVDIMV,purified MHC/competitive/radioactivity,Negative,46700.0,HLA-DQA1*01:02/DQB1*06:02,15
RDGQLTIKAERTEQK,purified MHC/competitive/radioactivity,Negative,34300.0,HLA-DQA1*05:01/DQB1*03:01,15
TIKAERTEQKDFDGR,purified MHC/competitive/radioactivity,Negative,25800.0,HLA-DQA1*05:01/DQB1*03:01,15
TIKAERTEQKDFDGR,purified MHC/competitive/radioactivity,Negative,46700.0,HLA-DQA1*01:01/DQB1*05:01,15
TIKAERTEQKDFDGR,purified MHC/competitive/radioactivity,Negative,31700.0,HLA-DQA1*03:01/DQB1*03:02,15
TIKAERTEQKDFDGR,purified MHC/competitive/radioactivity,Negative,46700.0,HLA-DQA1*01:02/DQB1*06:02,15
RTEQKDFDGRSEFAY,purified MHC/competitive/radioactivity,Negative,23700.0,HLA-DQA1*01:02/DQB1*06:02,15
DFDGRSEFAYGSFVR,purified MHC/competitive/radioactivity,Negative,10500.0,HLA-DQA1*01:01/DQB1*05:01,15
SEFAYGSFVRTVSLP,purified MHC/competitive/radioactivity,Negative,10500.0,HLA-DQA1*03:01/DQB1*03:02,15
TVSLPVGADEDDIKA,purified MHC/competitive/radioactivity,Negative,46700.0,HLA-DQA1*05:01/DQB1*03:01,15
TVSLPVGADEDDIKA,purified MHC/competitive/radioactivity,Negative,32500.0,HLA-DQA1*01:01/DQB1*05:01,15
TVSLPVGADEDDIKA,purified MHC/competitive/radioactivity,Negative,45200.0,HLA-DQA1*01:02/DQB1*06:02,15
VGADEDDIKATYDKG,purified MHC/competitive/radioactivity,Negative,46700.0,HLA-DQA1*05:01/DQB1*03:01,15
VGADEDDIKATYDKG,purified MHC/competitive/radioactivity,Negative,46700.0,HLA-DQA1*01:01/DQB1*05:01,15
VGADEDDIKATYDKG,purified MHC/competitive/radioactivity,Negative,13800.0,HLA-DQA1*01:02/DQB1*06:02,15
DDIKATYDKGILTVS,purified MHC/competitive/radioactivity,Negative,14700.0,HLA-DQA1*01:01/DQB1*05:01,15
DDIKATYDKGILTVS,purified MHC/competitive/radioactivity,Negative,20600.0,HLA-DQA1*01:02/DQB1*06:02,15
ILTVSVAVSEGKPTE,purified MHC/competitive/radioactivity,Negative,46700.0,HLA-DQA1*01:01/DQB1*05:01,15
VAVSEGKPTEKHIQI,purified MHC/competitive/radioactivity,Negative,10200.0,HLA-DQA1*05:01/DQB1*03:01,15
VAVSEGKPTEKHIQI,purified MHC/competitive/radioactivity,Negative,46700.0,HLA-DQA1*01:01/DQB1*05:01,15
VAVSEGKPTEKHIQI,purified MHC/competitive/radioactivity,Negative,46700.0,HLA-DQA1*05:01/DQB1*02:01,15
EGKPTEKHIQIRSTN,purified MHC/competitive/radioactivity,Negative,46700.0,HLA-DQA1*01:01/DQB1*05:01,15
EGKPTEKHIQIRSTN,purified MHC/competitive/radioactivity,Negative,11900.0,HLA-DQA1*03:01/DQB1*03:02,15
EGKPTEKHIQIRSTN,purified MHC/competitive/radioactivity,Negative,11800.0,HLA-DQA1*05:01/DQB1*02:01,15
MASRFMTDPHAMRDM,purified MHC/competitive/radioactivity,Negative,13500.0,HLA-DQA1*01:02/DQB1*06:02,15
AGRFEVHAQTVEDEA,purified MHC/competitive/radioactivity,Negative,10700.0,HLA-DQA1*05:01/DQB1*03:01,15
VHAQTVEDEARRMWA,purified MHC/competitive/radioactivity,Negative,14000.0,HLA-DQA1*05:01/DQB1*03:01,15
VHAQTVEDEARRMWA,purified MHC/competitive/radioactivity,Negative,28500.0,HLA-DQA1*01:01/DQB1*05:01,15
VHAQTVEDEARRMWA,purified MHC/competitive/radioactivity,Negative,10100.0,HLA-DQA1*01:02/DQB1*06:02,15
SAQNISGAGWSGMAE,purified MHC/competitive/radioactivity,Negative,46700.0,HLA-DQA1*01:01/DQB1*05:01,15
SGAGWSGMAEATSLD,purified MHC/competitive/radioactivity,Negative,16000.0,HLA-DQA1*01:01/DQB1*05:01,15
ATSLDTMTQMNQAFR,purified MHC/competitive/radioactivity,Negative,31900.0,HLA-DQA1*05:01/DQB1*03:01,15
ATSLDTMTQMNQAFR,purified MHC/competitive/radioactivity,Negative,46700.0,HLA-DQA1*01:01/DQB1*05:01,15
ATSLDTMTQMNQAFR,purified MHC/competitive/radioactivity,Negative,13500.0,HLA-DQA1*03:01/DQB1*03:02,15
TMTQMNQAFRNIVNM,purified MHC/competitive/radioactivity,Negative,12300.0,HLA-DQA1*05:01/DQB1*03:01,15
TMTQMNQAFRNIVNM,purified MHC/competitive/radioactivity,Negative,10300.0,HLA-DQA1*05:01/DQB1*02:01,15
NQAFRNIVNMLHGVR,purified MHC/competitive/radioactivity,Negative,36400.0,HLA-DQA1*05:01/DQB1*03:01,15
NQAFRNIVNMLHGVR,purified MHC/competitive/radioactivity,Negative,46600.0,HLA-DQA1*03:01/DQB1*03:02,15
NQAFRNIVNMLHGVR,purified MHC/competitive/radioactivity,Negative,16100.0,HLA-DQA1*05:01/DQB1*02:01,15
NIVNMLHGVRDGLVR,purified MHC/competitive/radioactivity,Negative,15900.0,HLA-DQA1*05:01/DQB1*03:01,15
NIVNMLHGVRDGLVR,purified MHC/competitive/radioactivity,Negative,30100.0,HLA-DQA1*03:01/DQB1*03:02,15
LHGVRDGLVRDANNY,purified MHC/competitive/radioactivity,Negative,46600.0,HLA-DQA1*03:01/DQB1*03:02,15
LHGVRDGLVRDANNY,purified MHC/competitive/radioactivity,Negative,31300.0,HLA-DQA1*05:01/DQB1*02:01,15
LHGVRDGLVRDANNY,purified MHC/competitive/radioactivity,Negative,29600.0,HLA-DQA1*01:02/DQB1*06:02,15
DANNYEQQEQASQQI,purified MHC/competitive/radioactivity,Negative,46700.0,HLA-DQA1*05:01/DQB1*03:01,15
DANNYEQQEQASQQI,purified MHC/competitive/radioactivity,Negative,46700.0,HLA-DQA1*01:01/DQB1*05:01,15
DANNYEQQEQASQQI,purified MHC/competitive/radioactivity,Negative,14600.0,HLA-DQA1*03:01/DQB1*03:02,15
NYEQQEQASQQILSS,purified MHC/competitive/radioactivity,Negative,38400.0,HLA-DQA1*01:01/DQB1*05:01,15
SGMAEATSLDTMAQM,purified MHC/competitive/radioactivity,Negative,11400.0,HLA-DQA1*01:01/DQB1*05:01,15
TMAQMNQAFRNIVNM,purified MHC/competitive/radioactivity,Negative,21200.0,HLA-DQA1*03:01/DQB1*03:02,15
TMAQMNQAFRNIVNM,purified MHC/competitive/radioactivity,Negative,21500.0,HLA-DQA1*05:01/DQB1*02:01,15
TMAQMNQAFRNIVNM,purified MHC/competitive/radioactivity,Negative,30800.0,HLA-DQA1*05:01/DQB1*03:01,15
MATRFMTDPHAMRDM,purified MHC/competitive/radioactivity,Negative,44400.0,HLA-DQA1*01:02/DQB1*06:02,15
MATRFMTDPHAMRDM,purified MHC/competitive/radioactivity,Negative,13900.0,HLA-DQA1*05:01/DQB1*03:01,15
MTSRFMTDPHAMRDM,purified MHC/competitive/radioactivity,Negative,23000.0,HLA-DQA1*01:02/DQB1*06:02,15
MPPELNTARLMAGAG,purified MHC/competitive/radioactivity,Negative,46700.0,HLA-DQA1*01:01/DQB1*05:01,15
MAGAGPAPMLAAAAG,purified MHC/competitive/radioactivity,Negative,34100.0,HLA-DQA1*01:01/DQB1*05:01,15
PAPMLAAAAGWQTLS,purified MHC/competitive/radioactivity,Negative,41900.0,HLA-DQA1*01:01/DQB1*05:01,15
TARLNSLGEAWTGGG,purified MHC/competitive/radioactivity,Negative,41100.0,HLA-DQA1*01:01/DQB1*05:01,15
TARLNSLGEAWTGGG,purified MHC/competitive/radioactivity,Negative,10500.0,HLA-DQA1*03:01/DQB1*03:02,15
WTGGGSDKALAAATP,purified MHC/competitive/radioactivity,Negative,46700.0,HLA-DQA1*01:01/DQB1*05:01,15
ELNNALQNLARTISE,purified MHC/competitive/radioactivity,Negative,25300.0,HLA-DQA1*01:01/DQB1*05:01,15
QNLARTISEAGQAMA,purified MHC/competitive/radioactivity,Negative,46700.0,HLA-DQA1*01:01/DQB1*05:01,15
QGQWRGAAGTAAQAA,purified MHC/competitive/radioactivity,Negative,46700.0,HLA-DQA1*01:01/DQB1*05:01,15
ISTNIRQAGVQYSRA,purified MHC/competitive/radioactivity,Negative,46700.0,HLA-DQA1*01:01/DQB1*05:01,15
ISTNIRQAGVQYSRA,purified MHC/competitive/radioactivity,Negative,10900.0,HLA-DQA1*05:01/DQB1*02:01,15
ISTNIRQAGVQYSRA,purified MHC/competitive/radioactivity,Negative,46600.0,HLA-DQA1*03:01/DQB1*03:02,15
AYGSFVRTVSLPVGA,purified MHC/competitive/radioactivity,Negative,46600.0,HLA-DQA1*03:01/DQB1*03:02,15
DEARRMWASAQNISG,purified MHC/competitive/radioactivity,Negative,13400.0,HLA-DQA1*03:01/DQB1*03:02,15
KDILEDERAAVDTY,lysate MHC/direct/fluorescence,Negative,,HLA-DQA1*05:01/DQB1*03:02,14
PSVIPAARLFKAFIL,purified MHC/competitive/radioactivity,Negative,11200.0,HLA-DQA1*02:01/DQB1*02:02,15
GGSILKISNKFHTKG,purified MHC/competitive/radioactivity,Negative,31200.0,HLA-DQA1*03:01/DQB1*03:02,15
GGSILKISNKFHTKG,purified MHC/competitive/radioactivity,Negative,13600.0,HLA-DQA1*05:01/DQB1*02:01,15
GGSILKISNKFHTKG,purified MHC/competitive/radioactivity,Negative,46600.0,HLA-DQA1*02:01/DQB1*02:02,15
QGVADAYITLVTLPK,purified MHC/competitive/radioactivity,Negative,31700.0,HLA-DQA1*02:01/DQB1*02:02,15
KVSDDITYVATATLP,purified MHC/competitive/radioactivity,Negative,23100.0,HLA-DQA1*01:01/DQB1*05:01,15
KVSDDITYVATATLP,purified MHC/competitive/radioactivity,Negative,25800.0,HLA-DQA1*01:02/DQB1*05:02,15
KVSDDITYVATATLP,purified MHC/competitive/radioactivity,Negative,19300.0,HLA-DQA1*01:04/DQB1*05:03,15
ITYVATATLPNYCRA,purified MHC/competitive/radioactivity,Negative,17500.0,HLA-DQA1*01:01/DQB1*05:01,15
ITYVATATLPNYCRA,purified MHC/competitive/radioactivity,Negative,14200.0,HLA-DQA1*01:04/DQB1*05:03,15
IASLFAAAGLAAAAP,purified MHC/competitive/radioactivity,Negative,24000.0,HLA-DQA1*01:01/DQB1*05:01,15
AAAGLAAAAPLESRQ,purified MHC/competitive/radioactivity,Negative,46700.0,HLA-DQA1*01:01/DQB1*05:01,15
AAAGLAAAAPLESRQ,purified MHC/competitive/radioactivity,Negative,46600.0,HLA-DQA1*02:01/DQB1*02:02,15
INELIASGSEKLASV,purified MHC/competitive/radioactivity,Negative,34600.0,HLA-DQA1*01:01/DQB1*05:01,15
INELIASGSEKLASV,purified MHC/competitive/radioactivity,Negative,25900.0,HLA-DQA1*01:02/DQB1*05:02,15
GGRLAFQEFMIVPCE,purified MHC/competitive/radioactivity,Negative,32000.0,HLA-DQA1*02:01/DQB1*02:02,15
AQGKAFYEAVAKAHQ,purified MHC/competitive/radioactivity,Negative,46600.0,HLA-DQA1*02:01/DQB1*02:02,15
AIVYYSMYGHIKKMA,purified MHC/competitive/radioactivity,Negative,32000.0,HLA-DQA1*03:01/DQB1*03:02,15
MKNIFMLTLFILIIT,purified MHC/competitive/radioactivity,Negative,12700.0,HLA-DQA1*01:02/DQB1*06:02,15
MKNIFMLTLFILIIT,purified MHC/competitive/radioactivity,Negative,23900.0,HLA-DQA1*03:01/DQB1*03:02,15
MKNIFMLTLFILIIT,purified MHC/competitive/radioactivity,Negative,46600.0,HLA-DQA1*01:02/DQB1*05:02,15
MKNIFMLTLFILIIT,purified MHC/competitive/radioactivity,Negative,46600.0,HLA-DQA1*01:04/DQB1*05:03,15
MLTLFILIITSTIKA,purified MHC/competitive/radioactivity,Negative,17000.0,HLA-DQA1*05:01/DQB1*02:01,15
MLTLFILIITSTIKA,purified MHC/competitive/radioactivity,Negative,35600.0,HLA-DQA1*01:04/DQB1*05:03,15
DKWLDAKSTWYGKPT,purified MHC/competitive/radioactivity,Negative,37600.0,HLA-DQA1*01:02/DQB1*06:02,15
DKWLDAKSTWYGKPT,purified MHC/competitive/radioactivity,Negative,26200.0,HLA-DQA1*03:01/DQB1*03:02,15
DKWLDAKSTWYGKPT,purified MHC/competitive/radioactivity,Negative,46700.0,HLA-DQA1*01:01/DQB1*05:01,15
DKWLDAKSTWYGKPT,purified MHC/competitive/radioactivity,Negative,46700.0,HLA-DQA1*05:01/DQB1*02:01,15
DKWLDAKSTWYGKPT,purified MHC/competitive/radioactivity,Negative,36700.0,HLA-DQA1*02:01/DQB1*02:02,15
DKWLDAKSTWYGKPT,purified MHC/competitive/radioactivity,Negative,46600.0,HLA-DQA1*01:02/DQB1*05:02,15
IAKVPPGPNITATYG,purified MHC/competitive/radioactivity,Negative,46700.0,HLA-DQA1*01:02/DQB1*06:02,15
IAKVPPGPNITATYG,purified MHC/competitive/radioactivity,Negative,30300.0,HLA-DQA1*03:01/DQB1*03:02,15
IAKVPPGPNITATYG,purified MHC/competitive/radioactivity,Negative,46700.0,HLA-DQA1*01:01/DQB1*05:01,15
IAKVPPGPNITATYG,purified MHC/competitive/radioactivity,Negative,46600.0,HLA-DQA1*02:01/DQB1*02:02,15
IAKVPPGPNITATYG,purified MHC/competitive/radioactivity,Negative,46600.0,HLA-DQA1*01:02/DQB1*05:02,15
IAKVPPGPNITATYG,purified MHC/competitive/radioactivity,Negative,46600.0,HLA-DQA1*01:04/DQB1*05:03,15
SKKDKFVAANAGGTV,purified MHC/competitive/radioactivity,Negative,26800.0,HLA-DQA1*01:02/DQB1*06:02,15
SKKDKFVAANAGGTV,purified MHC/competitive/radioactivity,Negative,46700.0,HLA-DQA1*01:01/DQB1*05:01,15
GGSILKISNKYHTKG,purified MHC/competitive/radioactivity,Negative,32200.0,HLA-DQA1*03:01/DQB1*03:02,15
RTLNKIVYIKPAKNI,purified MHC/competitive/radioactivity,Negative,12400.0,HLA-DQA1*02:01/DQB1*02:02,15
NHFFNHHKVMLLGHS,purified MHC/competitive/radioactivity,Negative,10200.0,HLA-DQA1*03:01/DQB1*03:02,15
IIFSKNLNIKLNMPL,purified MHC/competitive/radioactivity,Negative,10500.0,HLA-DQA1*03:01/DQB1*03:02,15
IIFSKNLNIKLNMPL,purified MHC/competitive/radioactivity,Negative,26400.0,HLA-DQA1*01:02/DQB1*05:02,15
IIFSKNLNIKLNMPL,purified MHC/competitive/radioactivity,Negative,37800.0,HLA-DQA1*01:04/DQB1*05:03,15
NLNIKLNMPLYIAGN,purified MHC/competitive/radioactivity,Negative,31900.0,HLA-DQA1*05:01/DQB1*03:01,15
NLNIKLNMPLYIAGN,purified MHC/competitive/radioactivity,Negative,46600.0,HLA-DQA1*03:01/DQB1*03:02,15
NLNIKLNMPLYIAGN,purified MHC/competitive/radioactivity,Negative,10400.0,HLA-DQA1*05:01/DQB1*02:01,15
NLNIKLNMPLYIAGN,purified MHC/competitive/radioactivity,Negative,39700.0,HLA-DQA1*02:01/DQB1*02:02,15
NLNIKLNMPLYIAGN,purified MHC/competitive/radioactivity,Negative,10700.0,HLA-DQA1*01:04/DQB1*05:03,15
MKYLAAFLLLGLAGN,purified MHC/competitive/radioactivity,Negative,28600.0,HLA-DQA1*03:01/DQB1*03:02,15
MKYLAAFLLLGLAGN,purified MHC/competitive/radioactivity,Negative,10800.0,HLA-DQA1*05:01/DQB1*02:01,15
MKYLAAFLLLGLAGN,purified MHC/competitive/radioactivity,Negative,46600.0,HLA-DQA1*02:01/DQB1*02:02,15
AFLLLGLAGNSSPSA,purified MHC/competitive/radioactivity,Negative,11200.0,HLA-DQA1*03:01/DQB1*03:02,15
FQEFMIVPSGAPSFT,purified MHC/competitive/radioactivity,Negative,31700.0,HLA-DQA1*02:01/DQB1*02:02,15
GGRLAFQEFMIVPSG,purified MHC/competitive/radioactivity,Negative,46600.0,HLA-DQA1*02:01/DQB1*02:02,15
AYVYFASDASTYTTG,purified MHC/competitive/radioactivity,Negative,40600.0,HLA-DQA1*02:01/DQB1*02:02,15
AYVYFASDASTYTTG,purified MHC/competitive/radioactivity,Negative,46600.0,HLA-DQA1*01:02/DQB1*05:02,15
AYVYFASDASTYTTG,purified MHC/competitive/radioactivity,Negative,14300.0,HLA-DQA1*01:04/DQB1*05:03,15
QIDAFIANAGATADS,purified MHC/competitive/radioactivity,Negative,11000.0,HLA-DQA1*01:01/DQB1*05:01,15
GTGSLVITASMSGHI,purified MHC/competitive/radioactivity,Negative,11500.0,HLA-DQA1*03:01/DQB1*03:02,15
GTGSLVITASMSGHI,purified MHC/competitive/radioactivity,Negative,27000.0,HLA-DQA1*01:02/DQB1*05:02,15
GTGSLVITASMSGHI,purified MHC/competitive/radioactivity,Negative,13800.0,HLA-DQA1*01:04/DQB1*05:03,15
KALWIIFSQNMNIKL,purified MHC/competitive/radioactivity,Negative,20600.0,HLA-DQA1*03:01/DQB1*03:02,15
KALWIIFSQNMNIKL,purified MHC/competitive/radioactivity,Negative,36600.0,HLA-DQA1*02:01/DQB1*02:02,15
KALWIIFSQNMNIKL,purified MHC/competitive/radioactivity,Negative,46600.0,HLA-DQA1*01:02/DQB1*05:02,15
KALWIIFSQNMNIKL,purified MHC/competitive/radioactivity,Negative,29000.0,HLA-DQA1*01:04/DQB1*05:03,15
EDTNIYNSNEAFKVE,purified MHC/competitive/radioactivity,Negative,12900.0,HLA-DQA1*01:01/DQB1*05:01,15
EDTNIYNSNEAFKVE,purified MHC/competitive/radioactivity,Negative,11200.0,HLA-DQA1*01:04/DQB1*05:03,15
EKALWIIFSQNMNIK,purified MHC/competitive/radioactivity,Negative,12900.0,HLA-DQA1*01:02/DQB1*05:02,15
NHFFNHHKVMLLGHD,purified MHC/competitive/radioactivity,Negative,30100.0,HLA-DQA1*03:01/DQB1*03:02,15
NHFFNHHKVMLLGHD,purified MHC/competitive/radioactivity,Negative,28100.0,HLA-DQA1*02:01/DQB1*02:02,15
IIFSQNMNIKLKMPL,purified MHC/competitive/radioactivity,Negative,38700.0,HLA-DQA1*05:01/DQB1*03:01,15
IIFSQNMNIKLKMPL,purified MHC/competitive/radioactivity,Negative,46600.0,HLA-DQA1*03:01/DQB1*03:02,15
IIFSQNMNIKLKMPL,purified MHC/competitive/radioactivity,Negative,25900.0,HLA-DQA1*01:01/DQB1*05:01,15
IIFSQNMNIKLKMPL,purified MHC/competitive/radioactivity,Negative,37300.0,HLA-DQA1*05:01/DQB1*02:01,15
IIFSQNMNIKLKMPL,purified MHC/competitive/radioactivity,Negative,24900.0,HLA-DQA1*02:01/DQB1*02:02,15
IIFSQNMNIKLKMPL,purified MHC/competitive/radioactivity,Negative,35900.0,HLA-DQA1*01:04/DQB1*05:03,15
IIFSQNMNIKLKMPL,purified MHC/competitive/radioactivity,Negative,32400.0,HLA-DQA1*01:02/DQB1*05:02,15
NMNIKLKMPLYVAGH,purified MHC/competitive/radioactivity,Negative,14400.0,HLA-DQA1*01:02/DQB1*06:02,15
NMNIKLKMPLYVAGH,purified MHC/competitive/radioactivity,Negative,46600.0,HLA-DQA1*03:01/DQB1*03:02,15
NMNIKLKMPLYVAGH,purified MHC/competitive/radioactivity,Negative,33600.0,HLA-DQA1*01:01/DQB1*05:01,15
NMNIKLKMPLYVAGH,purified MHC/competitive/radioactivity,Negative,46700.0,HLA-DQA1*05:01/DQB1*02:01,15
NMNIKLKMPLYVAGH,purified MHC/competitive/radioactivity,Negative,46600.0,HLA-DQA1*02:01/DQB1*02:02,15
NMNIKLKMPLYVAGH,purified MHC/competitive/radioactivity,Negative,11700.0,HLA-DQA1*01:04/DQB1*05:03,15
NMNIKLKMPLYVAGH,purified MHC/competitive/radioactivity,Negative,20800.0,HLA-DQA1*01:02/DQB1*05:02,15
TVWAQSAAFPAFKPE,purified MHC/competitive/radioactivity,Negative,13900.0,HLA-DQA1*01:01/DQB1*05:01,15
GSDEKNLALSIKYNK,purified MHC/competitive/radioactivity,Negative,30900.0,HLA-DQA1*01:01/DQB1*05:01,15
GSDEKNLALSIKYNK,purified MHC/competitive/radioactivity,Negative,26700.0,HLA-DQA1*05:01/DQB1*02:01,15
GSDEKNLALSIKYNK,purified MHC/competitive/radioactivity,Negative,46600.0,HLA-DQA1*01:04/DQB1*05:03,15
NLALSIKYNKEGDSM,purified MHC/competitive/radioactivity,Negative,10300.0,HLA-DQA1*01:01/DQB1*05:01,15
DIYNYMEPYVSKVDP,purified MHC/competitive/radioactivity,Negative,12100.0,HLA-DQA1*01:02/DQB1*06:02,15
DIYNYMEPYVSKVDP,purified MHC/competitive/radioactivity,Negative,13400.0,HLA-DQA1*03:01/DQB1*03:02,15
RGIEYIQHNGVVQES,purified MHC/competitive/radioactivity,Negative,32400.0,HLA-DQA1*02:01/DQB1*02:02,15
RGIEYIQHNGVVQES,purified MHC/competitive/radioactivity,Negative,12200.0,HLA-DQA1*01:04/DQB1*05:03,15
REALAQTHSAIAVII,purified MHC/competitive/radioactivity,Negative,32100.0,HLA-DQA1*01:04/DQB1*05:03,15
EIYNMVKFRMIAGQE,purified MHC/competitive/radioactivity,Negative,29000.0,HLA-DQA1*02:01/DQB1*02:02,15
EIYNMVKFRMIAGQE,purified MHC/competitive/radioactivity,Negative,11100.0,HLA-DQA1*01:04/DQB1*05:03,15
EIYNMVKFRMIAGQE,purified MHC/competitive/radioactivity,Negative,26500.0,HLA-DQA1*01:02/DQB1*05:02,15
NKAGVRIYVDIVLNH,purified MHC/competitive/radioactivity,Negative,15400.0,HLA-DQA1*02:01/DQB1*02:02,15
EHRWREIYNMVKFRM,purified MHC/competitive/radioactivity,Negative,10500.0,HLA-DQA1*05:01/DQB1*03:01,15
EHRWREIYNMVKFRM,purified MHC/competitive/radioactivity,Negative,21700.0,HLA-DQA1*02:01/DQB1*02:02,15
IVLNHMTGAQSGKGT,purified MHC/competitive/radioactivity,Negative,26400.0,HLA-DQA1*01:01/DQB1*05:01,15
IVLNHMTGAQSGKGT,purified MHC/competitive/radioactivity,Negative,29700.0,HLA-DQA1*05:01/DQB1*02:01,15
IVLNHMTGAQSGKGT,purified MHC/competitive/radioactivity,Negative,46600.0,HLA-DQA1*02:01/DQB1*02:02,15
IVLNHMTGAQSGKGT,purified MHC/competitive/radioactivity,Negative,12100.0,HLA-DQA1*01:04/DQB1*05:03,15
IVLNHMTGAQSGKGT,purified MHC/competitive/radioactivity,Negative,46600.0,HLA-DQA1*01:02/DQB1*05:02,15
QVAQYKALPVVLENA,purified MHC/competitive/radioactivity,Negative,21300.0,HLA-DQA1*02:01/DQB1*02:02,15
IFYDVFFAVANGNEL,purified MHC/competitive/radioactivity,Negative,28700.0,HLA-DQA1*02:01/DQB1*02:02,15
NGNELLLDLSLTKVN,purified MHC/competitive/radioactivity,Negative,10900.0,HLA-DQA1*01:02/DQB1*06:02,15
RYANPIAFFRKEPLK,purified MHC/competitive/radioactivity,Negative,32600.0,HLA-DQA1*03:01/DQB1*03:02,15
RYANPIAFFRKEPLK,purified MHC/competitive/radioactivity,Negative,25900.0,HLA-DQA1*02:01/DQB1*02:02,15
DGVWEIKSDKPLKGP,purified MHC/competitive/radioactivity,Negative,26600.0,HLA-DQA1*01:02/DQB1*06:02,15
DGVWEIKSDKPLKGP,purified MHC/competitive/radioactivity,Negative,39600.0,HLA-DQA1*03:01/DQB1*03:02,15
DGVWEIKSDKPLKGP,purified MHC/competitive/radioactivity,Negative,46700.0,HLA-DQA1*01:01/DQB1*05:01,15
DGVWEIKSDKPLKGP,purified MHC/competitive/radioactivity,Negative,46600.0,HLA-DQA1*01:04/DQB1*05:03,15
IKSDKPLKGPFNFRF,purified MHC/competitive/radioactivity,Negative,33900.0,HLA-DQA1*05:01/DQB1*03:01,15
IKSDKPLKGPFNFRF,purified MHC/competitive/radioactivity,Negative,46700.0,HLA-DQA1*01:02/DQB1*06:02,15
IKSDKPLKGPFNFRF,purified MHC/competitive/radioactivity,Negative,46600.0,HLA-DQA1*03:01/DQB1*03:02,15
IKSDKPLKGPFNFRF,purified MHC/competitive/radioactivity,Negative,46600.0,HLA-DQA1*01:04/DQB1*05:03,15
IKSDKPLKGPFNFRF,purified MHC/competitive/radioactivity,Negative,38100.0,HLA-DQA1*01:02/DQB1*05:02,15
NVFDEVIPTAFTVGK,purified MHC/competitive/radioactivity,Negative,10300.0,HLA-DQA1*05:01/DQB1*03:01,15
NVFDEVIPTAFTVGK,purified MHC/competitive/radioactivity,Negative,46700.0,HLA-DQA1*01:02/DQB1*06:02,15
NVFDEVIPTAFTVGK,purified MHC/competitive/radioactivity,Negative,12300.0,HLA-DQA1*01:01/DQB1*05:01,15
NVFDEVIPTAFTVGK,purified MHC/competitive/radioactivity,Negative,17400.0,HLA-DQA1*01:02/DQB1*05:02,15
SDAKTLVLNIKYTRP,purified MHC/competitive/radioactivity,Negative,26700.0,HLA-DQA1*05:01/DQB1*03:01,15
SDAKTLVLNIKYTRP,purified MHC/competitive/radioactivity,Negative,28600.0,HLA-DQA1*01:02/DQB1*06:02,15
SDAKTLVLNIKYTRP,purified MHC/competitive/radioactivity,Negative,19000.0,HLA-DQA1*03:01/DQB1*03:02,15
SDAKTLVLNIKYTRP,purified MHC/competitive/radioactivity,Negative,46700.0,HLA-DQA1*01:01/DQB1*05:01,15
SDAKTLVLNIKYTRP,purified MHC/competitive/radioactivity,Negative,19300.0,HLA-DQA1*05:01/DQB1*02:01,15
SDAKTLVLNIKYTRP,purified MHC/competitive/radioactivity,Negative,25700.0,HLA-DQA1*02:01/DQB1*02:02,15
SDAKTLVLNIKYTRP,purified MHC/competitive/radioactivity,Negative,33900.0,HLA-DQA1*01:04/DQB1*05:03,15
SDAKTLVLNIKYTRP,purified MHC/competitive/radioactivity,Negative,46600.0,HLA-DQA1*01:02/DQB1*05:02,15
DSYKFIPTLVAAVKQ,purified MHC/competitive/radioactivity,Negative,21200.0,HLA-DQA1*01:01/DQB1*05:01,15
DSYKFIPTLVAAVKQ,purified MHC/competitive/radioactivity,Negative,46600.0,HLA-DQA1*01:02/DQB1*05:02,15
DAYVATLTEALRVIA,purified MHC/competitive/radioactivity,Negative,46700.0,HLA-DQA1*01:01/DQB1*05:01,15
DAYVATLTEALRVIA,purified MHC/competitive/radioactivity,Negative,46600.0,HLA-DQA1*01:04/DQB1*05:03,15
DAYVATLTEALRVIA,purified MHC/competitive/radioactivity,Negative,46600.0,HLA-DQA1*01:02/DQB1*05:02,15
NAGFKAAVAAAAVVP,purified MHC/competitive/radioactivity,Negative,15800.0,HLA-DQA1*02:01/DQB1*02:02,15
LIEKINAGFKAAVAA,purified MHC/competitive/radioactivity,Negative,46600.0,HLA-DQA1*02:01/DQB1*02:02,15
PAAAYATATPAAATA,purified MHC/competitive/radioactivity,Negative,11300.0,HLA-DQA1*01:01/DQB1*05:01,15
AFKIAATAANAAPTN,purified MHC/competitive/radioactivity,Negative,16900.0,HLA-DQA1*01:01/DQB1*05:01,15
AFKIAATAANAAPTN,purified MHC/competitive/radioactivity,Negative,21600.0,HLA-DQA1*01:02/DQB1*05:02,15
GIFLSVAAGNEAENA,purified MHC/competitive/radioactivity,Negative,46600.0,HLA-DQA1*01:04/DQB1*05:03,15
GIFLSVAAGNEAENA,purified MHC/competitive/radioactivity,Negative,46600.0,HLA-DQA1*01:02/DQB1*05:02,15
KFGVAKKANVYAVKV,purified MHC/competitive/radioactivity,Negative,12500.0,HLA-DQA1*03:01/DQB1*03:02,15
KFGVAKKANVYAVKV,purified MHC/competitive/radioactivity,Negative,28900.0,HLA-DQA1*01:01/DQB1*05:01,15
KFGVAKKANVYAVKV,purified MHC/competitive/radioactivity,Negative,10100.0,HLA-DQA1*01:02/DQB1*05:02,15
DAFIAALTEALRVIA,purified MHC/competitive/radioactivity,Negative,46600.0,HLA-DQA1*01:04/DQB1*05:03,15
DAFIAALTEALRVIA,purified MHC/competitive/radioactivity,Negative,24800.0,HLA-DQA1*01:02/DQB1*05:02,15
HSRNLINELSERMAG,purified MHC/competitive/radioactivity,Negative,10600.0,HLA-DQA1*03:01/DQB1*03:02,15
HSRNLINELSERMAG,purified MHC/competitive/radioactivity,Negative,17500.0,HLA-DQA1*05:01/DQB1*02:01,15
HSRNLINELSERMAG,purified MHC/competitive/radioactivity,Negative,15500.0,HLA-DQA1*01:04/DQB1*05:03,15
FKAAVAAAAGAPPAD,purified MHC/competitive/radioactivity,Negative,11800.0,HLA-DQA1*01:01/DQB1*05:01,15
FKAAVAAAAGAPPAD,purified MHC/competitive/radioactivity,Negative,25600.0,HLA-DQA1*02:01/DQB1*02:02,15
VAAFTEALRIIAGVL,purified MHC/competitive/radioactivity,Negative,11600.0,HLA-DQA1*03:01/DQB1*03:02,15
VAAFTEALRIIAGVL,purified MHC/competitive/radioactivity,Negative,18800.0,HLA-DQA1*02:01/DQB1*02:02,15
VAAFTEALRIIAGVL,purified MHC/competitive/radioactivity,Negative,10900.0,HLA-DQA1*01:04/DQB1*05:03,15
VAAFTEALRIIAGVL,purified MHC/competitive/radioactivity,Negative,46600.0,HLA-DQA1*01:02/DQB1*05:02,15
AFKVAATAANAAPAN,purified MHC/competitive/radioactivity,Negative,21600.0,HLA-DQA1*01:04/DQB1*05:03,15
AFKVAATAANAAPAN,purified MHC/competitive/radioactivity,Negative,46600.0,HLA-DQA1*01:02/DQB1*05:02,15
ESTGGAYDTYKSIPS,purified MHC/competitive/radioactivity,Negative,18000.0,HLA-DQA1*01:02/DQB1*05:02,15
KAVEAYLVAHPDLYK,purified MHC/competitive/radioactivity,Negative,10700.0,HLA-DQA1*02:01/DQB1*02:02,15
FTSLEYIEAAKWLLP,purified MHC/competitive/radioactivity,Negative,16500.0,HLA-DQA1*01:04/DQB1*05:03,15
FTSLEYIEAAKWLLP,purified MHC/competitive/radioactivity,Negative,19400.0,HLA-DQA1*01:02/DQB1*05:02,15
WLDAKSTWYGKPTGA,purified MHC/competitive/radioactivity,Negative,46700.0,HLA-DQA1*01:02/DQB1*06:02,15
WLDAKSTWYGKPTGA,purified MHC/competitive/radioactivity,Negative,46600.0,HLA-DQA1*03:01/DQB1*03:02,15
WLDAKSTWYGKPTGA,purified MHC/competitive/radioactivity,Negative,46700.0,HLA-DQA1*01:01/DQB1*05:01,15
WLDAKSTWYGKPTGA,purified MHC/competitive/radioactivity,Negative,46700.0,HLA-DQA1*05:01/DQB1*02:01,15
WLDAKSTWYGKPTGA,purified MHC/competitive/radioactivity,Negative,25800.0,HLA-DQA1*02:01/DQB1*02:02,15
WLDAKSTWYGKPTGA,purified MHC/competitive/radioactivity,Negative,24200.0,HLA-DQA1*01:02/DQB1*05:02,15
IAFFRKEPLKECGGI,purified MHC/competitive/radioactivity,Negative,46700.0,HLA-DQA1*01:02/DQB1*06:02,15
IAFFRKEPLKECGGI,purified MHC/competitive/radioactivity,Negative,46600.0,HLA-DQA1*03:01/DQB1*03:02,15
IAFFRKEPLKECGGI,purified MHC/competitive/radioactivity,Negative,46700.0,HLA-DQA1*01:01/DQB1*05:01,15
IAFFRKEPLKECGGI,purified MHC/competitive/radioactivity,Negative,27200.0,HLA-DQA1*05:01/DQB1*02:01,15
IAFFRKEPLKECGGI,purified MHC/competitive/radioactivity,Negative,26100.0,HLA-DQA1*02:01/DQB1*02:02,15
MRNVFDDVVPADFKV,purified MHC/competitive/radioactivity,Negative,20300.0,HLA-DQA1*05:01/DQB1*03:01,15
MRNVFDDVVPADFKV,purified MHC/competitive/radioactivity,Negative,39500.0,HLA-DQA1*01:02/DQB1*06:02,15
MRNVFDDVVPADFKV,purified MHC/competitive/radioactivity,Negative,46600.0,HLA-DQA1*03:01/DQB1*03:02,15
MRNVFDDVVPADFKV,purified MHC/competitive/radioactivity,Negative,46700.0,HLA-DQA1*01:01/DQB1*05:01,15
LWEVKSAKPLTGPMN,purified MHC/competitive/radioactivity,Negative,46600.0,HLA-DQA1*03:01/DQB1*03:02,15
LWEVKSAKPLTGPMN,purified MHC/competitive/radioactivity,Negative,46700.0,HLA-DQA1*01:01/DQB1*05:01,15
LWEVKSAKPLTGPMN,purified MHC/competitive/radioactivity,Negative,11200.0,HLA-DQA1*01:04/DQB1*05:03,15
IKLVKSSRPDCSEIP,purified MHC/competitive/radioactivity,Negative,46700.0,HLA-DQA1*01:02/DQB1*06:02,15
IKLVKSSRPDCSEIP,purified MHC/competitive/radioactivity,Negative,46600.0,HLA-DQA1*03:01/DQB1*03:02,15
IKLVKSSRPDCSEIP,purified MHC/competitive/radioactivity,Negative,46700.0,HLA-DQA1*01:01/DQB1*05:01,15
IKLVKSSRPDCSEIP,purified MHC/competitive/radioactivity,Negative,18200.0,HLA-DQA1*05:01/DQB1*02:01,15
IKLVKSSRPDCSEIP,purified MHC/competitive/radioactivity,Negative,21900.0,HLA-DQA1*01:04/DQB1*05:03,15
IKLVKSSRPDCSEIP,purified MHC/competitive/radioactivity,Negative,31100.0,HLA-DQA1*01:02/DQB1*05:02,15
LIDDVIAILPVDELY,purified MHC/competitive/radioactivity,Negative,29200.0,HLA-DQA1*03:01/DQB1*03:01,15
LIDDVIAILPVDELY,purified MHC/competitive/radioactivity,Negative,33700.0,HLA-DQA1*05:01/DQB1*03:01,15
FETIVVTVDSLPEFK,purified MHC/competitive/radioactivity,Negative,46700.0,HLA-DQA1*03:01/DQB1*03:01,15
FETIVVTVDSLPEFK,purified MHC/competitive/radioactivity,Negative,46700.0,HLA-DQA1*05:01/DQB1*03:01,15
PLYKLVHVFINTQYA,purified MHC/competitive/radioactivity,Negative,23600.0,HLA-DQA1*05:01/DQB1*02:01,15
YFVAILDYLNHMAKE,purified MHC/competitive/radioactivity,Negative,42000.0,HLA-DQA1*02:01/DQB1*02:02,15
YFVAILDYLNHMAKE,purified MHC/competitive/radioactivity,Negative,22900.0,HLA-DQA1*05:01/DQB1*03:01,15
EVVKANGGYLAAGKL,purified MHC/competitive/radioactivity,Negative,10400.0,HLA-DQA1*03:01/DQB1*03:02,15
VAISRYLGKQFGLSG,purified MHC/competitive/radioactivity,Negative,33200.0,HLA-DQA1*01:01/DQB1*05:01,15
VAISRYLGKQFGLSG,purified MHC/competitive/radioactivity,Negative,12600.0,HLA-DQA1*01:04/DQB1*05:03,15
VAISRYLGKQFGLSG,purified MHC/competitive/radioactivity,Negative,27300.0,HLA-DQA1*03:01/DQB1*03:02,15
VAISRYLGKQFGLSG,purified MHC/competitive/radioactivity,Negative,12800.0,HLA-DQA1*02:01/DQB1*02:02,15
EFVTLAAKFIIEEDS,purified MHC/competitive/radioactivity,Negative,11400.0,HLA-DQA1*05:01/DQB1*03:01,15
LRKAFDAFDREKSGS,purified MHC/competitive/radioactivity,Negative,11800.0,HLA-DQA1*01:02/DQB1*06:02,15
LRKAFDAFDREKSGS,purified MHC/competitive/radioactivity,Negative,12900.0,HLA-DQA1*03:01/DQB1*03:01,15
LRKAFDAFDREKSGS,purified MHC/competitive/radioactivity,Negative,37700.0,HLA-DQA1*05:01/DQB1*03:01,15
HFFIGDFFVDHYYSE,purified MHC/competitive/radioactivity,Negative,10300.0,HLA-DQA1*03:01/DQB1*03:01,15
HFFIGDFFVDHYYSE,purified MHC/competitive/radioactivity,Negative,28400.0,HLA-DQA1*05:01/DQB1*03:01,15
FLLSYGEKDFEDYRF,purified MHC/competitive/radioactivity,Negative,14500.0,HLA-DQA1*03:01/DQB1*03:01,15
FLLSYGEKDFEDYRF,purified MHC/competitive/radioactivity,Negative,46700.0,HLA-DQA1*05:01/DQB1*03:01,15
SMPFGKTPVLEIDGK,purified MHC/competitive/radioactivity,Negative,16500.0,HLA-DQA1*01:04/DQB1*05:03,15
SMPFGKTPVLEIDGK,purified MHC/competitive/radioactivity,Negative,46700.0,HLA-DQA1*01:02/DQB1*06:02,15
SMPFGKTPVLEIDGK,purified MHC/competitive/radioactivity,Negative,29500.0,HLA-DQA1*03:01/DQB1*03:02,15
SMPFGKTPVLEIDGK,purified MHC/competitive/radioactivity,Negative,17800.0,HLA-DQA1*03:01/DQB1*03:01,15
SMPFGKTPVLEIDGK,purified MHC/competitive/radioactivity,Negative,28900.0,HLA-DQA1*02:01/DQB1*02:02,15
SMPFGKTPVLEIDGK,purified MHC/competitive/radioactivity,Negative,29800.0,HLA-DQA1*05:01/DQB1*03:01,15
TKKFDEVVKANGGYL,purified MHC/competitive/radioactivity,Negative,31700.0,HLA-DQA1*01:02/DQB1*06:02,15
TKKFDEVVKANGGYL,purified MHC/competitive/radioactivity,Negative,25900.0,HLA-DQA1*02:01/DQB1*02:02,15
TKKFDEVVKANGGYL,purified MHC/competitive/radioactivity,Negative,19600.0,HLA-DQA1*05:01/DQB1*03:01,15
HMAKEDLVANQPNLK,purified MHC/competitive/radioactivity,Negative,18300.0,HLA-DQA1*01:01/DQB1*05:01,15
HMAKEDLVANQPNLK,purified MHC/competitive/radioactivity,Negative,46600.0,HLA-DQA1*01:02/DQB1*05:02,15
HMAKEDLVANQPNLK,purified MHC/competitive/radioactivity,Negative,14200.0,HLA-DQA1*01:04/DQB1*05:03,15
HMAKEDLVANQPNLK,purified MHC/competitive/radioactivity,Negative,27000.0,HLA-DQA1*01:02/DQB1*06:02,15
HMAKEDLVANQPNLK,purified MHC/competitive/radioactivity,Negative,30700.0,HLA-DQA1*03:01/DQB1*03:02,15
HMAKEDLVANQPNLK,purified MHC/competitive/radioactivity,Negative,35300.0,HLA-DQA1*03:01/DQB1*03:01,15
HMAKEDLVANQPNLK,purified MHC/competitive/radioactivity,Negative,25800.0,HLA-DQA1*02:01/DQB1*02:02,15
HMAKEDLVANQPNLK,purified MHC/competitive/radioactivity,Negative,46700.0,HLA-DQA1*05:01/DQB1*03:01,15
DLVANQPNLKALREK,purified MHC/competitive/radioactivity,Negative,46700.0,HLA-DQA1*01:01/DQB1*05:01,15
DLVANQPNLKALREK,purified MHC/competitive/radioactivity,Negative,24800.0,HLA-DQA1*01:02/DQB1*05:02,15
DLVANQPNLKALREK,purified MHC/competitive/radioactivity,Negative,28600.0,HLA-DQA1*01:04/DQB1*05:03,15
DLVANQPNLKALREK,purified MHC/competitive/radioactivity,Negative,23000.0,HLA-DQA1*01:02/DQB1*06:02,15
DLVANQPNLKALREK,purified MHC/competitive/radioactivity,Negative,25000.0,HLA-DQA1*05:01/DQB1*02:01,15
DLVANQPNLKALREK,purified MHC/competitive/radioactivity,Negative,46600.0,HLA-DQA1*02:01/DQB1*02:02,15
DLVANQPNLKALREK,purified MHC/competitive/radioactivity,Negative,46700.0,HLA-DQA1*05:01/DQB1*03:01,15
QPNLKALREKVLGLP,purified MHC/competitive/radioactivity,Negative,46700.0,HLA-DQA1*01:01/DQB1*05:01,15
QPNLKALREKVLGLP,purified MHC/competitive/radioactivity,Negative,46600.0,HLA-DQA1*01:02/DQB1*05:02,15
QPNLKALREKVLGLP,purified MHC/competitive/radioactivity,Negative,46600.0,HLA-DQA1*01:04/DQB1*05:03,15
QPNLKALREKVLGLP,purified MHC/competitive/radioactivity,Negative,23800.0,HLA-DQA1*01:02/DQB1*06:02,15
QPNLKALREKVLGLP,purified MHC/competitive/radioactivity,Negative,19000.0,HLA-DQA1*03:01/DQB1*03:02,15
QPNLKALREKVLGLP,purified MHC/competitive/radioactivity,Negative,19100.0,HLA-DQA1*03:01/DQB1*03:01,15
QPNLKALREKVLGLP,purified MHC/competitive/radioactivity,Negative,12400.0,HLA-DQA1*05:01/DQB1*02:01,15
QPNLKALREKVLGLP,purified MHC/competitive/radioactivity,Negative,46600.0,HLA-DQA1*02:01/DQB1*02:02,15
QPNLKALREKVLGLP,purified MHC/competitive/radioactivity,Negative,46700.0,HLA-DQA1*05:01/DQB1*03:01,15
ALREKVLGLPAIKAW,purified MHC/competitive/radioactivity,Negative,15900.0,HLA-DQA1*01:02/DQB1*05:02,15
ALREKVLGLPAIKAW,purified MHC/competitive/radioactivity,Negative,16100.0,HLA-DQA1*02:01/DQB1*02:02,15
VLGLPAIKAWVAKRP,purified MHC/competitive/radioactivity,Negative,13400.0,HLA-DQA1*01:01/DQB1*05:01,15
VLGLPAIKAWVAKRP,purified MHC/competitive/radioactivity,Negative,14800.0,HLA-DQA1*01:02/DQB1*05:02,15
VLGLPAIKAWVAKRP,purified MHC/competitive/radioactivity,Negative,19300.0,HLA-DQA1*03:01/DQB1*03:02,15
VLGLPAIKAWVAKRP,purified MHC/competitive/radioactivity,Negative,16500.0,HLA-DQA1*05:01/DQB1*02:01,15
VLGLPAIKAWVAKRP,purified MHC/competitive/radioactivity,Negative,46600.0,HLA-DQA1*02:01/DQB1*02:02,15
EQISVLRKAFDAFDR,purified MHC/competitive/radioactivity,Negative,25700.0,HLA-DQA1*03:01/DQB1*03:02,15
EQISVLRKAFDAFDR,purified MHC/competitive/radioactivity,Negative,10400.0,HLA-DQA1*05:01/DQB1*02:01,15
EQISVLRKAFDAFDR,purified MHC/competitive/radioactivity,Negative,46600.0,HLA-DQA1*02:01/DQB1*02:02,15
EAMEKELREAFRLYD,purified MHC/competitive/radioactivity,Negative,27700.0,HLA-DQA1*03:01/DQB1*03:01,15
EAMEKELREAFRLYD,purified MHC/competitive/radioactivity,Negative,10100.0,HLA-DQA1*02:01/DQB1*02:02,15
EAMEKELREAFRLYD,purified MHC/competitive/radioactivity,Negative,46700.0,HLA-DQA1*05:01/DQB1*03:01,15
SGTVDFDEFMEMMTG,purified MHC/competitive/radioactivity,Negative,10600.0,HLA-DQA1*03:01/DQB1*03:01,15
SGTVDFDEFMEMMTG,purified MHC/competitive/radioactivity,Negative,12300.0,HLA-DQA1*05:01/DQB1*03:01,15
PELQNFLNFLEANGL,purified MHC/competitive/radioactivity,Negative,18400.0,HLA-DQA1*03:01/DQB1*03:01,15
PELQNFLNFLEANGL,purified MHC/competitive/radioactivity,Negative,46700.0,HLA-DQA1*05:01/DQB1*03:01,15
MVGTILEMLGTRLDQ,purified MHC/competitive/radioactivity,Negative,18400.0,HLA-DQA1*01:04/DQB1*05:03,15
MVGTILEMLGTRLDQ,purified MHC/competitive/radioactivity,Negative,21400.0,HLA-DQA1*03:01/DQB1*03:02,15
EEFCTLASRFLVEED,purified MHC/competitive/radioactivity,Negative,46600.0,HLA-DQA1*02:01/DQB1*02:02,15
PEQIQLLKKAFDAFD,purified MHC/competitive/radioactivity,Negative,33600.0,HLA-DQA1*03:01/DQB1*03:02,15
PEQIQLLKKAFDAFD,purified MHC/competitive/radioactivity,Negative,16900.0,HLA-DQA1*05:01/DQB1*02:01,15
PEQIQLLKKAFDAFD,purified MHC/competitive/radioactivity,Negative,21600.0,HLA-DQA1*02:01/DQB1*02:02,15
PEQIQLLKKAFDAFD,purified MHC/competitive/radioactivity,Negative,28600.0,HLA-DQA1*05:01/DQB1*03:01,15
MVGTILEMLGHRLDD,purified MHC/competitive/radioactivity,Negative,44300.0,HLA-DQA1*01:04/DQB1*05:03,15
MVGTILEMLGHRLDD,purified MHC/competitive/radioactivity,Negative,18500.0,HLA-DQA1*03:01/DQB1*03:02,15
GELEFEEFVSLASRF,purified MHC/competitive/radioactivity,Negative,25500.0,HLA-DQA1*01:01/DQB1*05:01,15
GELEFEEFVSLASRF,purified MHC/competitive/radioactivity,Negative,26800.0,HLA-DQA1*01:02/DQB1*05:02,15
GELEFEEFVSLASRF,purified MHC/competitive/radioactivity,Negative,16800.0,HLA-DQA1*05:01/DQB1*03:01,15
GYITTNVLREILKEL,purified MHC/competitive/radioactivity,Negative,10700.0,HLA-DQA1*01:01/DQB1*05:01,15
GYITTNVLREILKEL,purified MHC/competitive/radioactivity,Negative,42900.0,HLA-DQA1*01:04/DQB1*05:03,15
IVQTLNAMPEYQNLL,purified MHC/competitive/radioactivity,Negative,46700.0,HLA-DQA1*05:01/DQB1*03:01,15
LIDDVLAILPLDDLK,purified MHC/competitive/radioactivity,Negative,46700.0,HLA-DQA1*05:01/DQB1*03:01,15
PQPEQPQQPFPQPQ,purified MHC/competitive/fluorescence,Negative,200000.0,HLA-DQA1*05:01/DQB1*02:01,14
PQPQQPQQPFPQPQ,purified MHC/competitive/fluorescence,Negative,100000.0,HLA-DQA1*05:01/DQB1*02:01,14
PQPQQPQQPFPQPQ,purified MHC/competitive/fluorescence,Negative,100000.0,HLA-DQA1*03:01/DQB1*02:01,14
FPEQPQQPYPQQPQQ,purified MHC/competitive/fluorescence,Negative,160000.0,HLA-DQA1*01:03/DQB1*03:02,15
FPEQPQQPYPQQPQQ,purified MHC/competitive/fluorescence,Negative,160000.0,HLA-DQA1*03:02/DQB1*03:03,15
FPEQPQQPYPEQPQQ,purified MHC/competitive/fluorescence,Negative,160000.0,HLA-DQA1*03:02/DQB1*03:03,15
NANPNANPNANP,cellular MHC/direct/fluorescence,Negative,,HLA-DQB1*06:03,12
MDAIKKKMQAMKLEK,purified MHC/direct/fluorescence,Negative,,HLA-DQA1*01:01,15
MDAIKKKMQAMKLEK,purified MHC/direct/fluorescence,Negative,,HLA-DQB1*05:01,15
MDAIKKKMQAMKLEK,purified MHC/direct/fluorescence,Negative,,HLA-DQA1*05:01,15
MDAIKKKMQAMKLEK,purified MHC/direct/fluorescence,Negative,,HLA-DQB1*02:01,15
MDAIKKKMQAMKLEK,purified MHC/direct/fluorescence,Negative,,HLA-DQA1*01:02,15
MDAIKKKMQAMKLEK,purified MHC/direct/fluorescence,Negative,,HLA-DQB1*06:02,15
MDAIKKKMQAMKLEK,purified MHC/direct/fluorescence,Negative,,HLA-DQA1*03:01,15
IKKKMQAMKLEKDNA,purified MHC/direct/fluorescence,Negative,,HLA-DQA1*01:01,15
IKKKMQAMKLEKDNA,purified MHC/direct/fluorescence,Negative,,HLA-DQA1*05:01,15
IKKKMQAMKLEKDNA,purified MHC/direct/fluorescence,Negative,,HLA-DQB1*02:01,15
IKKKMQAMKLEKDNA,purified MHC/direct/fluorescence,Negative,,HLA-DQA1*01:02,15
IKKKMQAMKLEKDNA,purified MHC/direct/fluorescence,Negative,,HLA-DQB1*06:02,15
IKKKMQAMKLEKDNA,purified MHC/direct/fluorescence,Negative,,HLA-DQA1*03:01,15
IKKKMQAMKLEKDNA,purified MHC/direct/fluorescence,Negative,,HLA-DQB1*03:02,15
KMQAMKLEKDNAMDR,purified MHC/direct/fluorescence,Negative,,HLA-DQA1*01:01,15
KMQAMKLEKDNAMDR,purified MHC/direct/fluorescence,Negative,,HLA-DQB1*05:01,15
KMQAMKLEKDNAMDR,purified MHC/direct/fluorescence,Negative,,HLA-DQA1*05:01,15
KMQAMKLEKDNAMDR,purified MHC/direct/fluorescence,Negative,,HLA-DQB1*02:01,15
KMQAMKLEKDNAMDR,purified MHC/direct/fluorescence,Negative,,HLA-DQA1*01:02,15
KMQAMKLEKDNAMDR,purified MHC/direct/fluorescence,Negative,,HLA-DQB1*06:02,15
KMQAMKLEKDNAMDR,purified MHC/direct/fluorescence,Negative,,HLA-DQA1*03:01,15
KMQAMKLEKDNAMDR,purified MHC/direct/fluorescence,Negative,,HLA-DQB1*03:02,15
AMKLEKDNAMDRADT,purified MHC/direct/fluorescence,Negative,,HLA-DQA1*01:01,15
AMKLEKDNAMDRADT,purified MHC/direct/fluorescence,Negative,,HLA-DQB1*05:01,15
AMKLEKDNAMDRADT,purified MHC/direct/fluorescence,Negative,,HLA-DQA1*05:01,15
AMKLEKDNAMDRADT,purified MHC/direct/fluorescence,Negative,,HLA-DQB1*02:01,15
AMKLEKDNAMDRADT,purified MHC/direct/fluorescence,Negative,,HLA-DQA1*01:02,15
AMKLEKDNAMDRADT,purified MHC/direct/fluorescence,Negative,,HLA-DQB1*06:02,15
AMKLEKDNAMDRADT,purified MHC/direct/fluorescence,Negative,,HLA-DQA1*03:01,15
AMKLEKDNAMDRADT,purified MHC/direct/fluorescence,Negative,,HLA-DQB1*03:02,15
LEKDNAMDRADTLEQ,purified MHC/direct/fluorescence,Negative,,HLA-DQA1*01:01,15
LEKDNAMDRADTLEQ,purified MHC/direct/fluorescence,Negative,,HLA-DQB1*05:01,15
LEKDNAMDRADTLEQ,purified MHC/direct/fluorescence,Negative,,HLA-DQA1*05:01,15
LEKDNAMDRADTLEQ,purified MHC/direct/fluorescence,Negative,,HLA-DQB1*02:01,15
LEKDNAMDRADTLEQ,purified MHC/direct/fluorescence,Negative,,HLA-DQA1*01:02,15
LEKDNAMDRADTLEQ,purified MHC/direct/fluorescence,Negative,,HLA-DQB1*06:02,15
LEKDNAMDRADTLEQ,purified MHC/direct/fluorescence,Negative,,HLA-DQA1*03:01,15
LEKDNAMDRADTLEQ,purified MHC/direct/fluorescence,Negative,,HLA-DQB1*03:02,15
DNAMDRADTLEQQNK,purified MHC/direct/fluorescence,Negative,,HLA-DQA1*01:01,15
DNAMDRADTLEQQNK,purified MHC/direct/fluorescence,Negative,,HLA-DQB1*05:01,15
DNAMDRADTLEQQNK,purified MHC/direct/fluorescence,Negative,,HLA-DQA1*05:01,15
DNAMDRADTLEQQNK,purified MHC/direct/fluorescence,Negative,,HLA-DQB1*02:01,15
DNAMDRADTLEQQNK,purified MHC/direct/fluorescence,Negative,,HLA-DQA1*01:02,15
DNAMDRADTLEQQNK,purified MHC/direct/fluorescence,Negative,,HLA-DQB1*06:02,15
DNAMDRADTLEQQNK,purified MHC/direct/fluorescence,Negative,,HLA-DQA1*03:01,15
DNAMDRADTLEQQNK,purified MHC/direct/fluorescence,Negative,,HLA-DQB1*03:02,15
MDRADTLEQQNKEAN,purified MHC/direct/fluorescence,Negative,,HLA-DQA1*01:01,15
MDRADTLEQQNKEAN,purified MHC/direct/fluorescence,Negative,,HLA-DQB1*05:01,15
MDRADTLEQQNKEAN,purified MHC/direct/fluorescence,Negative,,HLA-DQA1*05:01,15
MDRADTLEQQNKEAN,purified MHC/direct/fluorescence,Negative,,HLA-DQB1*02:01,15
MDRADTLEQQNKEAN,purified MHC/direct/fluorescence,Negative,,HLA-DQA1*01:02,15
MDRADTLEQQNKEAN,purified MHC/direct/fluorescence,Negative,,HLA-DQB1*06:02,15
MDRADTLEQQNKEAN,purified MHC/direct/fluorescence,Negative,,HLA-DQA1*03:01,15
MDRADTLEQQNKEAN,purified MHC/direct/fluorescence,Negative,,HLA-DQB1*03:02,15
ADTLEQQNKEANNRA,purified MHC/direct/fluorescence,Negative,,HLA-DQA1*01:01,15
ADTLEQQNKEANNRA,purified MHC/direct/fluorescence,Negative,,HLA-DQB1*05:01,15
ADTLEQQNKEANNRA,purified MHC/direct/fluorescence,Negative,,HLA-DQA1*05:01,15
ADTLEQQNKEANNRA,purified MHC/direct/fluorescence,Negative,,HLA-DQA1*01:02,15
ADTLEQQNKEANNRA,purified MHC/direct/fluorescence,Negative,,HLA-DQB1*06:02,15
ADTLEQQNKEANNRA,purified MHC/direct/fluorescence,Negative,,HLA-DQA1*03:01,15
ADTLEQQNKEANNRA,purified MHC/direct/fluorescence,Negative,,HLA-DQB1*03:02,15
LEQQNKEANNRAEKS,purified MHC/direct/fluorescence,Negative,,HLA-DQA1*01:01,15
LEQQNKEANNRAEKS,purified MHC/direct/fluorescence,Negative,,HLA-DQB1*05:01,15
LEQQNKEANNRAEKS,purified MHC/direct/fluorescence,Negative,,HLA-DQA1*05:01,15
LEQQNKEANNRAEKS,purified MHC/direct/fluorescence,Negative,,HLA-DQB1*02:01,15
LEQQNKEANNRAEKS,purified MHC/direct/fluorescence,Negative,,HLA-DQA1*01:02,15
LEQQNKEANNRAEKS,purified MHC/direct/fluorescence,Negative,,HLA-DQB1*06:02,15
LEQQNKEANNRAEKS,purified MHC/direct/fluorescence,Negative,,HLA-DQA1*03:01,15
LEQQNKEANNRAEKS,purified MHC/direct/fluorescence,Negative,,HLA-DQB1*03:02,15
QNKEANNRAEKSEEE,purified MHC/direct/fluorescence,Negative,,HLA-DQA1*01:01,15
QNKEANNRAEKSEEE,purified MHC/direct/fluorescence,Negative,,HLA-DQB1*05:01,15
QNKEANNRAEKSEEE,purified MHC/direct/fluorescence,Negative,,HLA-DQA1*05:01,15
QNKEANNRAEKSEEE,purified MHC/direct/fluorescence,Negative,,HLA-DQA1*01:02,15
QNKEANNRAEKSEEE,purified MHC/direct/fluorescence,Negative,,HLA-DQB1*06:02,15
QNKEANNRAEKSEEE,purified MHC/direct/fluorescence,Negative,,HLA-DQA1*03:01,15
QNKEANNRAEKSEEE,purified MHC/direct/fluorescence,Negative,,HLA-DQB1*03:02,15
EANNRAEKSEEEVHN,purified MHC/direct/fluorescence,Negative,,HLA-DQA1*01:01,15
EANNRAEKSEEEVHN,purified MHC/direct/fluorescence,Negative,,HLA-DQB1*05:01,15
EANNRAEKSEEEVHN,purified MHC/direct/fluorescence,Negative,,HLA-DQA1*05:01,15
EANNRAEKSEEEVHN,purified MHC/direct/fluorescence,Negative,,HLA-DQB1*02:01,15
EANNRAEKSEEEVHN,purified MHC/direct/fluorescence,Negative,,HLA-DQA1*01:02,15
EANNRAEKSEEEVHN,purified MHC/direct/fluorescence,Negative,,HLA-DQB1*06:02,15
EANNRAEKSEEEVHN,purified MHC/direct/fluorescence,Negative,,HLA-DQA1*03:01,15
EANNRAEKSEEEVHN,purified MHC/direct/fluorescence,Negative,,HLA-DQB1*03:02,15
NRAEKSEEEVHNLQK,purified MHC/direct/fluorescence,Negative,,HLA-DQA1*01:01,15
NRAEKSEEEVHNLQK,purified MHC/direct/fluorescence,Negative,,HLA-DQB1*05:01,15
NRAEKSEEEVHNLQK,purified MHC/direct/fluorescence,Negative,,HLA-DQA1*05:01,15
NRAEKSEEEVHNLQK,purified MHC/direct/fluorescence,Negative,,HLA-DQB1*02:01,15
NRAEKSEEEVHNLQK,purified MHC/direct/fluorescence,Negative,,HLA-DQA1*01:02,15
NRAEKSEEEVHNLQK,purified MHC/direct/fluorescence,Negative,,HLA-DQB1*06:02,15
NRAEKSEEEVHNLQK,purified MHC/direct/fluorescence,Negative,,HLA-DQA1*03:01,15
NRAEKSEEEVHNLQK,purified MHC/direct/fluorescence,Negative,,HLA-DQB1*03:02,15
EKSEEEVHNLQKRMQ,purified MHC/direct/fluorescence,Negative,,HLA-DQA1*01:01,15
EKSEEEVHNLQKRMQ,purified MHC/direct/fluorescence,Negative,,HLA-DQB1*05:01,15
EKSEEEVHNLQKRMQ,purified MHC/direct/fluorescence,Negative,,HLA-DQA1*05:01,15
EKSEEEVHNLQKRMQ,purified MHC/direct/fluorescence,Negative,,HLA-DQB1*02:01,15
EKSEEEVHNLQKRMQ,purified MHC/direct/fluorescence,Negative,,HLA-DQA1*01:02,15
EKSEEEVHNLQKRMQ,purified MHC/direct/fluorescence,Negative,,HLA-DQB1*06:02,15
EKSEEEVHNLQKRMQ,purified MHC/direct/fluorescence,Negative,,HLA-DQA1*03:01,15
EKSEEEVHNLQKRMQ,purified MHC/direct/fluorescence,Negative,,HLA-DQB1*03:02,15
EEEVHNLQKRMQQLE,purified MHC/direct/fluorescence,Negative,,HLA-DQA1*01:01,15
EEEVHNLQKRMQQLE,purified MHC/direct/fluorescence,Negative,,HLA-DQB1*05:01,15
EEEVHNLQKRMQQLE,purified MHC/direct/fluorescence,Negative,,HLA-DQA1*05:01,15
EEEVHNLQKRMQQLE,purified MHC/direct/fluorescence,Negative,,HLA-DQB1*02:01,15
EEEVHNLQKRMQQLE,purified MHC/direct/fluorescence,Negative,,HLA-DQA1*01:02,15
EEEVHNLQKRMQQLE,purified MHC/direct/fluorescence,Negative,,HLA-DQB1*06:02,15
EEEVHNLQKRMQQLE,purified MHC/direct/fluorescence,Negative,,HLA-DQA1*03:01,15
EEEVHNLQKRMQQLE,purified MHC/direct/fluorescence,Negative,,HLA-DQB1*03:02,15
VHNLQKRMQQLENDL,purified MHC/direct/fluorescence,Negative,,HLA-DQA1*01:01,15
VHNLQKRMQQLENDL,purified MHC/direct/fluorescence,Negative,,HLA-DQB1*05:01,15
VHNLQKRMQQLENDL,purified MHC/direct/fluorescence,Negative,,HLA-DQA1*05:01,15
VHNLQKRMQQLENDL,purified MHC/direct/fluorescence,Negative,,HLA-DQB1*02:01,15
VHNLQKRMQQLENDL,purified MHC/direct/fluorescence,Negative,,HLA-DQA1*01:02,15
VHNLQKRMQQLENDL,purified MHC/direct/fluorescence,Negative,,HLA-DQB1*06:02,15
VHNLQKRMQQLENDL,purified MHC/direct/fluorescence,Negative,,HLA-DQA1*03:01,15
VHNLQKRMQQLENDL,purified MHC/direct/fluorescence,Negative,,HLA-DQB1*03:02,15
LQKRMQQLENDLDQV,purified MHC/direct/fluorescence,Negative,,HLA-DQA1*01:01,15
LQKRMQQLENDLDQV,purified MHC/direct/fluorescence,Negative,,HLA-DQB1*05:01,15
LQKRMQQLENDLDQV,purified MHC/direct/fluorescence,Negative,,HLA-DQA1*05:01,15
LQKRMQQLENDLDQV,purified MHC/direct/fluorescence,Negative,,HLA-DQB1*02:01,15
LQKRMQQLENDLDQV,purified MHC/direct/fluorescence,Negative,,HLA-DQA1*01:02,15
LQKRMQQLENDLDQV,purified MHC/direct/fluorescence,Negative,,HLA-DQB1*06:02,15
LQKRMQQLENDLDQV,purified MHC/direct/fluorescence,Negative,,HLA-DQA1*03:01,15
LQKRMQQLENDLDQV,purified MHC/direct/fluorescence,Negative,,HLA-DQB1*03:02,15
RMQQLENDLDQVQES,purified MHC/direct/fluorescence,Negative,,HLA-DQA1*01:01,15
RMQQLENDLDQVQES,purified MHC/direct/fluorescence,Negative,,HLA-DQB1*05:01,15
RMQQLENDLDQVQES,purified MHC/direct/fluorescence,Negative,,HLA-DQA1*05:01,15
RMQQLENDLDQVQES,purified MHC/direct/fluorescence,Negative,,HLA-DQB1*02:01,15
RMQQLENDLDQVQES,purified MHC/direct/fluorescence,Negative,,HLA-DQA1*01:02,15
RMQQLENDLDQVQES,purified MHC/direct/fluorescence,Negative,,HLA-DQB1*06:02,15
RMQQLENDLDQVQES,purified MHC/direct/fluorescence,Negative,,HLA-DQA1*03:01,15
RMQQLENDLDQVQES,purified MHC/direct/fluorescence,Negative,,HLA-DQB1*03:02,15
QLENDLDQVQESLLK,purified MHC/direct/fluorescence,Negative,,HLA-DQA1*01:01,15
QLENDLDQVQESLLK,purified MHC/direct/fluorescence,Negative,,HLA-DQB1*05:01,15
QLENDLDQVQESLLK,purified MHC/direct/fluorescence,Negative,,HLA-DQA1*05:01,15
QLENDLDQVQESLLK,purified MHC/direct/fluorescence,Negative,,HLA-DQB1*02:01,15
QLENDLDQVQESLLK,purified MHC/direct/fluorescence,Negative,,HLA-DQA1*01:02,15
QLENDLDQVQESLLK,purified MHC/direct/fluorescence,Negative,,HLA-DQB1*06:02,15
QLENDLDQVQESLLK,purified MHC/direct/fluorescence,Negative,,HLA-DQA1*03:01,15
QLENDLDQVQESLLK,purified MHC/direct/fluorescence,Negative,,HLA-DQB1*03:02,15
NDLDQVQESLLKANI,purified MHC/direct/fluorescence,Negative,,HLA-DQA1*01:01,15
NDLDQVQESLLKANI,purified MHC/direct/fluorescence,Negative,,HLA-DQB1*05:01,15
NDLDQVQESLLKANI,purified MHC/direct/fluorescence,Negative,,HLA-DQA1*05:01,15
NDLDQVQESLLKANI,purified MHC/direct/fluorescence,Negative,,HLA-DQB1*02:01,15
NDLDQVQESLLKANI,purified MHC/direct/fluorescence,Negative,,HLA-DQA1*01:02,15
NDLDQVQESLLKANI,purified MHC/direct/fluorescence,Negative,,HLA-DQB1*06:02,15
NDLDQVQESLLKANI,purified MHC/direct/fluorescence,Negative,,HLA-DQA1*03:01,15
NDLDQVQESLLKANI,purified MHC/direct/fluorescence,Negative,,HLA-DQB1*03:02,15
DQVQESLLKANIQLV,purified MHC/direct/fluorescence,Negative,,HLA-DQA1*01:01,15
DQVQESLLKANIQLV,purified MHC/direct/fluorescence,Negative,,HLA-DQB1*05:01,15
DQVQESLLKANIQLV,purified MHC/direct/fluorescence,Negative,,HLA-DQA1*05:01,15
DQVQESLLKANIQLV,purified MHC/direct/fluorescence,Negative,,HLA-DQB1*02:01,15
DQVQESLLKANIQLV,purified MHC/direct/fluorescence,Negative,,HLA-DQA1*01:02,15
DQVQESLLKANIQLV,purified MHC/direct/fluorescence,Negative,,HLA-DQB1*06:02,15
DQVQESLLKANIQLV,purified MHC/direct/fluorescence,Negative,,HLA-DQA1*03:01,15
DQVQESLLKANIQLV,purified MHC/direct/fluorescence,Negative,,HLA-DQB1*03:02,15
QESLLKANIQLVEKD,purified MHC/direct/fluorescence,Negative,,HLA-DQA1*01:01,15
QESLLKANIQLVEKD,purified MHC/direct/fluorescence,Negative,,HLA-DQB1*05:01,15
QESLLKANIQLVEKD,purified MHC/direct/fluorescence,Negative,,HLA-DQA1*05:01,15
QESLLKANIQLVEKD,purified MHC/direct/fluorescence,Negative,,HLA-DQB1*02:01,15
QESLLKANIQLVEKD,purified MHC/direct/fluorescence,Negative,,HLA-DQA1*01:02,15
QESLLKANIQLVEKD,purified MHC/direct/fluorescence,Negative,,HLA-DQB1*06:02,15
QESLLKANIQLVEKD,purified MHC/direct/fluorescence,Negative,,HLA-DQA1*03:01,15
QESLLKANIQLVEKD,purified MHC/direct/fluorescence,Negative,,HLA-DQB1*03:02,15
LLKANIQLVEKDKAL,purified MHC/direct/fluorescence,Negative,,HLA-DQA1*01:01,15
LLKANIQLVEKDKAL,purified MHC/direct/fluorescence,Negative,,HLA-DQB1*05:01,15
LLKANIQLVEKDKAL,purified MHC/direct/fluorescence,Negative,,HLA-DQA1*05:01,15
LLKANIQLVEKDKAL,purified MHC/direct/fluorescence,Negative,,HLA-DQB1*02:01,15
LLKANIQLVEKDKAL,purified MHC/direct/fluorescence,Negative,,HLA-DQA1*01:02,15
LLKANIQLVEKDKAL,purified MHC/direct/fluorescence,Negative,,HLA-DQB1*06:02,15
LLKANIQLVEKDKAL,purified MHC/direct/fluorescence,Negative,,HLA-DQA1*03:01,15
LLKANIQLVEKDKAL,purified MHC/direct/fluorescence,Negative,,HLA-DQB1*03:02,15
ANIQLVEKDKALSNA,purified MHC/direct/fluorescence,Negative,,HLA-DQA1*01:01,15
ANIQLVEKDKALSNA,purified MHC/direct/fluorescence,Negative,,HLA-DQB1*05:01,15
ANIQLVEKDKALSNA,purified MHC/direct/fluorescence,Negative,,HLA-DQA1*05:01,15
ANIQLVEKDKALSNA,purified MHC/direct/fluorescence,Negative,,HLA-DQB1*02:01,15
ANIQLVEKDKALSNA,purified MHC/direct/fluorescence,Negative,,HLA-DQA1*01:02,15
ANIQLVEKDKALSNA,purified MHC/direct/fluorescence,Negative,,HLA-DQB1*06:02,15
ANIQLVEKDKALSNA,purified MHC/direct/fluorescence,Negative,,HLA-DQA1*03:01,15
ANIQLVEKDKALSNA,purified MHC/direct/fluorescence,Negative,,HLA-DQB1*03:02,15
QLVEKDKALSNAEGE,purified MHC/direct/fluorescence,Negative,,HLA-DQA1*01:01,15
QLVEKDKALSNAEGE,purified MHC/direct/fluorescence,Negative,,HLA-DQB1*05:01,15
QLVEKDKALSNAEGE,purified MHC/direct/fluorescence,Negative,,HLA-DQA1*05:01,15
QLVEKDKALSNAEGE,purified MHC/direct/fluorescence,Negative,,HLA-DQB1*02:01,15
QLVEKDKALSNAEGE,purified MHC/direct/fluorescence,Negative,,HLA-DQA1*01:02,15
QLVEKDKALSNAEGE,purified MHC/direct/fluorescence,Negative,,HLA-DQB1*06:02,15
QLVEKDKALSNAEGE,purified MHC/direct/fluorescence,Negative,,HLA-DQA1*03:01,15
QLVEKDKALSNAEGE,purified MHC/direct/fluorescence,Negative,,HLA-DQB1*03:02,15
EKDKALSNAEGEVAA,purified MHC/direct/fluorescence,Negative,,HLA-DQA1*01:01,15
EKDKALSNAEGEVAA,purified MHC/direct/fluorescence,Negative,,HLA-DQB1*05:01,15
EKDKALSNAEGEVAA,purified MHC/direct/fluorescence,Negative,,HLA-DQA1*05:01,15
EKDKALSNAEGEVAA,purified MHC/direct/fluorescence,Negative,,HLA-DQB1*02:01,15
EKDKALSNAEGEVAA,purified MHC/direct/fluorescence,Negative,,HLA-DQA1*01:02,15
EKDKALSNAEGEVAA,purified MHC/direct/fluorescence,Negative,,HLA-DQB1*06:02,15
EKDKALSNAEGEVAA,purified MHC/direct/fluorescence,Negative,,HLA-DQA1*03:01,15
EKDKALSNAEGEVAA,purified MHC/direct/fluorescence,Negative,,HLA-DQB1*03:02,15
KALSNAEGEVAALNR,purified MHC/direct/fluorescence,Negative,,HLA-DQA1*01:01,15
KALSNAEGEVAALNR,purified MHC/direct/fluorescence,Negative,,HLA-DQB1*05:01,15
KALSNAEGEVAALNR,purified MHC/direct/fluorescence,Negative,,HLA-DQA1*05:01,15
KALSNAEGEVAALNR,purified MHC/direct/fluorescence,Negative,,HLA-DQB1*02:01,15
KALSNAEGEVAALNR,purified MHC/direct/fluorescence,Negative,,HLA-DQA1*01:02,15
KALSNAEGEVAALNR,purified MHC/direct/fluorescence,Negative,,HLA-DQB1*06:02,15
KALSNAEGEVAALNR,purified MHC/direct/fluorescence,Negative,,HLA-DQA1*03:01,15
KALSNAEGEVAALNR,purified MHC/direct/fluorescence,Negative,,HLA-DQB1*03:02,15
SNAEGEVAALNRRIQ,purified MHC/direct/fluorescence,Negative,,HLA-DQA1*01:01,15
SNAEGEVAALNRRIQ,purified MHC/direct/fluorescence,Negative,,HLA-DQB1*05:01,15
SNAEGEVAALNRRIQ,purified MHC/direct/fluorescence,Negative,,HLA-DQA1*05:01,15
SNAEGEVAALNRRIQ,purified MHC/direct/fluorescence,Negative,,HLA-DQB1*02:01,15
SNAEGEVAALNRRIQ,purified MHC/direct/fluorescence,Negative,,HLA-DQA1*01:02,15
SNAEGEVAALNRRIQ,purified MHC/direct/fluorescence,Negative,,HLA-DQB1*06:02,15
SNAEGEVAALNRRIQ,purified MHC/direct/fluorescence,Negative,,HLA-DQA1*03:01,15
SNAEGEVAALNRRIQ,purified MHC/direct/fluorescence,Negative,,HLA-DQB1*03:02,15
EGEVAALNRRIQLLE,purified MHC/direct/fluorescence,Negative,,HLA-DQA1*01:01,15
EGEVAALNRRIQLLE,purified MHC/direct/fluorescence,Negative,,HLA-DQB1*05:01,15
EGEVAALNRRIQLLE,purified MHC/direct/fluorescence,Negative,,HLA-DQA1*05:01,15
EGEVAALNRRIQLLE,purified MHC/direct/fluorescence,Negative,,HLA-DQB1*02:01,15
EGEVAALNRRIQLLE,purified MHC/direct/fluorescence,Negative,,HLA-DQA1*01:02,15
EGEVAALNRRIQLLE,purified MHC/direct/fluorescence,Negative,,HLA-DQB1*06:02,15
EGEVAALNRRIQLLE,purified MHC/direct/fluorescence,Negative,,HLA-DQA1*03:01,15
EGEVAALNRRIQLLE,purified MHC/direct/fluorescence,Negative,,HLA-DQB1*03:02,15
VAALNRRIQLLEEDL,purified MHC/direct/fluorescence,Negative,,HLA-DQA1*01:01,15
VAALNRRIQLLEEDL,purified MHC/direct/fluorescence,Negative,,HLA-DQB1*05:01,15
VAALNRRIQLLEEDL,purified MHC/direct/fluorescence,Negative,,HLA-DQA1*05:01,15
VAALNRRIQLLEEDL,purified MHC/direct/fluorescence,Negative,,HLA-DQB1*02:01,15
VAALNRRIQLLEEDL,purified MHC/direct/fluorescence,Negative,,HLA-DQA1*01:02,15
VAALNRRIQLLEEDL,purified MHC/direct/fluorescence,Negative,,HLA-DQB1*06:02,15
VAALNRRIQLLEEDL,purified MHC/direct/fluorescence,Negative,,HLA-DQA1*03:01,15
VAALNRRIQLLEEDL,purified MHC/direct/fluorescence,Negative,,HLA-DQB1*03:02,15
LNRRIQLLEEDLERS,purified MHC/direct/fluorescence,Negative,,HLA-DQA1*01:01,15
LNRRIQLLEEDLERS,purified MHC/direct/fluorescence,Negative,,HLA-DQB1*05:01,15
LNRRIQLLEEDLERS,purified MHC/direct/fluorescence,Negative,,HLA-DQA1*05:01,15
LNRRIQLLEEDLERS,purified MHC/direct/fluorescence,Negative,,HLA-DQB1*02:01,15
LNRRIQLLEEDLERS,purified MHC/direct/fluorescence,Negative,,HLA-DQA1*01:02,15
LNRRIQLLEEDLERS,purified MHC/direct/fluorescence,Negative,,HLA-DQB1*06:02,15
LNRRIQLLEEDLERS,purified MHC/direct/fluorescence,Negative,,HLA-DQA1*03:01,15
LNRRIQLLEEDLERS,purified MHC/direct/fluorescence,Negative,,HLA-DQB1*03:02,15
RIQLLEEDLERSEER,purified MHC/direct/fluorescence,Negative,,HLA-DQA1*01:01,15
RIQLLEEDLERSEER,purified MHC/direct/fluorescence,Negative,,HLA-DQB1*05:01,15
RIQLLEEDLERSEER,purified MHC/direct/fluorescence,Negative,,HLA-DQA1*05:01,15
RIQLLEEDLERSEER,purified MHC/direct/fluorescence,Negative,,HLA-DQB1*02:01,15
RIQLLEEDLERSEER,purified MHC/direct/fluorescence,Negative,,HLA-DQA1*01:02,15
RIQLLEEDLERSEER,purified MHC/direct/fluorescence,Negative,,HLA-DQB1*06:02,15
RIQLLEEDLERSEER,purified MHC/direct/fluorescence,Negative,,HLA-DQA1*03:01,15
RIQLLEEDLERSEER,purified MHC/direct/fluorescence,Negative,,HLA-DQB1*03:02,15
LLEEDLERSEERLNT,purified MHC/direct/fluorescence,Negative,,HLA-DQA1*01:01,15
LLEEDLERSEERLNT,purified MHC/direct/fluorescence,Negative,,HLA-DQB1*05:01,15
LLEEDLERSEERLNT,purified MHC/direct/fluorescence,Negative,,HLA-DQA1*05:01,15
LLEEDLERSEERLNT,purified MHC/direct/fluorescence,Negative,,HLA-DQB1*02:01,15
LLEEDLERSEERLNT,purified MHC/direct/fluorescence,Negative,,HLA-DQA1*01:02,15
LLEEDLERSEERLNT,purified MHC/direct/fluorescence,Negative,,HLA-DQB1*06:02,15
LLEEDLERSEERLNT,purified MHC/direct/fluorescence,Negative,,HLA-DQA1*03:01,15
LLEEDLERSEERLNT,purified MHC/direct/fluorescence,Negative,,HLA-DQB1*03:02,15
EDLERSEERLNTATT,purified MHC/direct/fluorescence,Negative,,HLA-DQA1*01:01,15
EDLERSEERLNTATT,purified MHC/direct/fluorescence,Negative,,HLA-DQB1*05:01,15
EDLERSEERLNTATT,purified MHC/direct/fluorescence,Negative,,HLA-DQA1*05:01,15
EDLERSEERLNTATT,purified MHC/direct/fluorescence,Negative,,HLA-DQB1*02:01,15
EDLERSEERLNTATT,purified MHC/direct/fluorescence,Negative,,HLA-DQA1*01:02,15
EDLERSEERLNTATT,purified MHC/direct/fluorescence,Negative,,HLA-DQB1*06:02,15
EDLERSEERLNTATT,purified MHC/direct/fluorescence,Negative,,HLA-DQA1*03:01,15
EDLERSEERLNTATT,purified MHC/direct/fluorescence,Negative,,HLA-DQB1*03:02,15
ERSEERLNTATTKLA,purified MHC/direct/fluorescence,Negative,,HLA-DQA1*01:01,15
ERSEERLNTATTKLA,purified MHC/direct/fluorescence,Negative,,HLA-DQA1*05:01,15
ERSEERLNTATTKLA,purified MHC/direct/fluorescence,Negative,,HLA-DQB1*02:01,15
ERSEERLNTATTKLA,purified MHC/direct/fluorescence,Negative,,HLA-DQA1*01:02,15
ERSEERLNTATTKLA,purified MHC/direct/fluorescence,Negative,,HLA-DQB1*06:02,15
ERSEERLNTATTKLA,purified MHC/direct/fluorescence,Negative,,HLA-DQA1*03:01,15
ERSEERLNTATTKLA,purified MHC/direct/fluorescence,Negative,,HLA-DQB1*03:02,15
EERLNTATTKLAEAS,purified MHC/direct/fluorescence,Negative,,HLA-DQA1*01:01,15
EERLNTATTKLAEAS,purified MHC/direct/fluorescence,Negative,,HLA-DQB1*05:01,15
EERLNTATTKLAEAS,purified MHC/direct/fluorescence,Negative,,HLA-DQA1*05:01,15
EERLNTATTKLAEAS,purified MHC/direct/fluorescence,Negative,,HLA-DQB1*02:01,15
EERLNTATTKLAEAS,purified MHC/direct/fluorescence,Negative,,HLA-DQA1*01:02,15
EERLNTATTKLAEAS,purified MHC/direct/fluorescence,Negative,,HLA-DQB1*06:02,15
EERLNTATTKLAEAS,purified MHC/direct/fluorescence,Negative,,HLA-DQA1*03:01,15
EERLNTATTKLAEAS,purified MHC/direct/fluorescence,Negative,,HLA-DQB1*03:02,15
LNTATTKLAEASQAA,purified MHC/direct/fluorescence,Negative,,HLA-DQA1*01:01,15
LNTATTKLAEASQAA,purified MHC/direct/fluorescence,Negative,,HLA-DQB1*05:01,15
LNTATTKLAEASQAA,purified MHC/direct/fluorescence,Negative,,HLA-DQA1*05:01,15
LNTATTKLAEASQAA,purified MHC/direct/fluorescence,Negative,,HLA-DQB1*02:01,15
LNTATTKLAEASQAA,purified MHC/direct/fluorescence,Negative,,HLA-DQA1*01:02,15
LNTATTKLAEASQAA,purified MHC/direct/fluorescence,Negative,,HLA-DQB1*06:02,15
LNTATTKLAEASQAA,purified MHC/direct/fluorescence,Negative,,HLA-DQA1*03:01,15
LNTATTKLAEASQAA,purified MHC/direct/fluorescence,Negative,,HLA-DQB1*03:02,15
ATTKLAEASQAADES,purified MHC/direct/fluorescence,Negative,,HLA-DQA1*01:01,15
ATTKLAEASQAADES,purified MHC/direct/fluorescence,Negative,,HLA-DQB1*05:01,15
ATTKLAEASQAADES,purified MHC/direct/fluorescence,Negative,,HLA-DQA1*05:01,15
ATTKLAEASQAADES,purified MHC/direct/fluorescence,Negative,,HLA-DQB1*02:01,15
ATTKLAEASQAADES,purified MHC/direct/fluorescence,Negative,,HLA-DQA1*01:02,15
ATTKLAEASQAADES,purified MHC/direct/fluorescence,Negative,,HLA-DQB1*06:02,15
ATTKLAEASQAADES,purified MHC/direct/fluorescence,Negative,,HLA-DQA1*03:01,15
ATTKLAEASQAADES,purified MHC/direct/fluorescence,Negative,,HLA-DQB1*03:02,15
KLAEASQAADESERM,purified MHC/direct/fluorescence,Negative,,HLA-DQA1*01:01,15
KLAEASQAADESERM,purified MHC/direct/fluorescence,Negative,,HLA-DQB1*05:01,15
KLAEASQAADESERM,purified MHC/direct/fluorescence,Negative,,HLA-DQA1*05:01,15
KLAEASQAADESERM,purified MHC/direct/fluorescence,Negative,,HLA-DQB1*02:01,15
KLAEASQAADESERM,purified MHC/direct/fluorescence,Negative,,HLA-DQA1*01:02,15
KLAEASQAADESERM,purified MHC/direct/fluorescence,Negative,,HLA-DQB1*06:02,15
KLAEASQAADESERM,purified MHC/direct/fluorescence,Negative,,HLA-DQA1*03:01,15
KLAEASQAADESERM,purified MHC/direct/fluorescence,Negative,,HLA-DQB1*03:02,15
EASQAADESERMRKV,purified MHC/direct/fluorescence,Negative,,HLA-DQA1*01:01,15
EASQAADESERMRKV,purified MHC/direct/fluorescence,Negative,,HLA-DQB1*05:01,15
EASQAADESERMRKV,purified MHC/direct/fluorescence,Negative,,HLA-DQA1*05:01,15
EASQAADESERMRKV,purified MHC/direct/fluorescence,Negative,,HLA-DQB1*02:01,15
EASQAADESERMRKV,purified MHC/direct/fluorescence,Negative,,HLA-DQA1*01:02,15
EASQAADESERMRKV,purified MHC/direct/fluorescence,Negative,,HLA-DQB1*06:02,15
EASQAADESERMRKV,purified MHC/direct/fluorescence,Negative,,HLA-DQA1*03:01,15
EASQAADESERMRKV,purified MHC/direct/fluorescence,Negative,,HLA-DQB1*03:02,15
QAADESERMRKVLEN,purified MHC/direct/fluorescence,Negative,,HLA-DQA1*01:01,15
QAADESERMRKVLEN,purified MHC/direct/fluorescence,Negative,,HLA-DQB1*05:01,15
QAADESERMRKVLEN,purified MHC/direct/fluorescence,Negative,,HLA-DQA1*05:01,15
QAADESERMRKVLEN,purified MHC/direct/fluorescence,Negative,,HLA-DQB1*02:01,15
QAADESERMRKVLEN,purified MHC/direct/fluorescence,Negative,,HLA-DQA1*01:02,15
QAADESERMRKVLEN,purified MHC/direct/fluorescence,Negative,,HLA-DQB1*06:02,15
QAADESERMRKVLEN,purified MHC/direct/fluorescence,Negative,,HLA-DQA1*03:01,15
QAADESERMRKVLEN,purified MHC/direct/fluorescence,Negative,,HLA-DQB1*03:02,15
DESERMRKVLENRSL,purified MHC/direct/fluorescence,Negative,,HLA-DQA1*01:01,15
DESERMRKVLENRSL,purified MHC/direct/fluorescence,Negative,,HLA-DQB1*05:01,15
DESERMRKVLENRSL,purified MHC/direct/fluorescence,Negative,,HLA-DQA1*05:01,15
DESERMRKVLENRSL,purified MHC/direct/fluorescence,Negative,,HLA-DQB1*02:01,15
DESERMRKVLENRSL,purified MHC/direct/fluorescence,Negative,,HLA-DQA1*01:02,15
DESERMRKVLENRSL,purified MHC/direct/fluorescence,Negative,,HLA-DQB1*06:02,15
DESERMRKVLENRSL,purified MHC/direct/fluorescence,Negative,,HLA-DQA1*03:01,15
DESERMRKVLENRSL,purified MHC/direct/fluorescence,Negative,,HLA-DQB1*03:02,15
ERMRKVLENRSLSDE,purified MHC/direct/fluorescence,Negative,,HLA-DQA1*01:01,15
ERMRKVLENRSLSDE,purified MHC/direct/fluorescence,Negative,,HLA-DQB1*05:01,15
ERMRKVLENRSLSDE,purified MHC/direct/fluorescence,Negative,,HLA-DQA1*05:01,15
ERMRKVLENRSLSDE,purified MHC/direct/fluorescence,Negative,,HLA-DQB1*02:01,15
ERMRKVLENRSLSDE,purified MHC/direct/fluorescence,Negative,,HLA-DQA1*01:02,15
ERMRKVLENRSLSDE,purified MHC/direct/fluorescence,Negative,,HLA-DQB1*06:02,15
ERMRKVLENRSLSDE,purified MHC/direct/fluorescence,Negative,,HLA-DQA1*03:01,15
ERMRKVLENRSLSDE,purified MHC/direct/fluorescence,Negative,,HLA-DQB1*03:02,15
RKVLENRSLSDEERM,purified MHC/direct/fluorescence,Negative,,HLA-DQA1*01:01,15
RKVLENRSLSDEERM,purified MHC/direct/fluorescence,Negative,,HLA-DQA1*05:01,15
RKVLENRSLSDEERM,purified MHC/direct/fluorescence,Negative,,HLA-DQB1*02:01,15
RKVLENRSLSDEERM,purified MHC/direct/fluorescence,Negative,,HLA-DQA1*01:02,15
RKVLENRSLSDEERM,purified MHC/direct/fluorescence,Negative,,HLA-DQB1*06:02,15
RKVLENRSLSDEERM,purified MHC/direct/fluorescence,Negative,,HLA-DQA1*03:01,15
RKVLENRSLSDEERM,purified MHC/direct/fluorescence,Negative,,HLA-DQB1*03:02,15
LENRSLSDEERMDAL,purified MHC/direct/fluorescence,Negative,,HLA-DQA1*01:01,15
LENRSLSDEERMDAL,purified MHC/direct/fluorescence,Negative,,HLA-DQB1*05:01,15
LENRSLSDEERMDAL,purified MHC/direct/fluorescence,Negative,,HLA-DQA1*05:01,15
LENRSLSDEERMDAL,purified MHC/direct/fluorescence,Negative,,HLA-DQB1*02:01,15
LENRSLSDEERMDAL,purified MHC/direct/fluorescence,Negative,,HLA-DQA1*01:02,15
LENRSLSDEERMDAL,purified MHC/direct/fluorescence,Negative,,HLA-DQB1*06:02,15
LENRSLSDEERMDAL,purified MHC/direct/fluorescence,Negative,,HLA-DQA1*03:01,15
LENRSLSDEERMDAL,purified MHC/direct/fluorescence,Negative,,HLA-DQB1*03:02,15
RSLSDEERMDALENQ,purified MHC/direct/fluorescence,Negative,,HLA-DQA1*01:01,15
RSLSDEERMDALENQ,purified MHC/direct/fluorescence,Negative,,HLA-DQB1*05:01,15
RSLSDEERMDALENQ,purified MHC/direct/fluorescence,Negative,,HLA-DQA1*05:01,15
RSLSDEERMDALENQ,purified MHC/direct/fluorescence,Negative,,HLA-DQB1*02:01,15
RSLSDEERMDALENQ,purified MHC/direct/fluorescence,Negative,,HLA-DQA1*01:02,15
RSLSDEERMDALENQ,purified MHC/direct/fluorescence,Negative,,HLA-DQB1*06:02,15
RSLSDEERMDALENQ,purified MHC/direct/fluorescence,Negative,,HLA-DQA1*03:01,15
RSLSDEERMDALENQ,purified MHC/direct/fluorescence,Negative,,HLA-DQB1*03:02,15
SDEERMDALENQLKE,purified MHC/direct/fluorescence,Negative,,HLA-DQA1*01:01,15
SDEERMDALENQLKE,purified MHC/direct/fluorescence,Negative,,HLA-DQB1*05:01,15
SDEERMDALENQLKE,purified MHC/direct/fluorescence,Negative,,HLA-DQA1*05:01,15
SDEERMDALENQLKE,purified MHC/direct/fluorescence,Negative,,HLA-DQB1*02:01,15
SDEERMDALENQLKE,purified MHC/direct/fluorescence,Negative,,HLA-DQA1*01:02,15
SDEERMDALENQLKE,purified MHC/direct/fluorescence,Negative,,HLA-DQB1*06:02,15
SDEERMDALENQLKE,purified MHC/direct/fluorescence,Negative,,HLA-DQA1*03:01,15
SDEERMDALENQLKE,purified MHC/direct/fluorescence,Negative,,HLA-DQB1*03:02,15
ERMDALENQLKEARF,purified MHC/direct/fluorescence,Negative,,HLA-DQA1*01:01,15
ERMDALENQLKEARF,purified MHC/direct/fluorescence,Negative,,HLA-DQB1*05:01,15
ERMDALENQLKEARF,purified MHC/direct/fluorescence,Negative,,HLA-DQA1*05:01,15
ERMDALENQLKEARF,purified MHC/direct/fluorescence,Negative,,HLA-DQB1*02:01,15
ERMDALENQLKEARF,purified MHC/direct/fluorescence,Negative,,HLA-DQA1*01:02,15
ERMDALENQLKEARF,purified MHC/direct/fluorescence,Negative,,HLA-DQB1*06:02,15
ERMDALENQLKEARF,purified MHC/direct/fluorescence,Negative,,HLA-DQA1*03:01,15
ERMDALENQLKEARF,purified MHC/direct/fluorescence,Negative,,HLA-DQB1*03:02,15
DALENQLKEARFLAE,purified MHC/direct/fluorescence,Negative,,HLA-DQA1*01:01,15
DALENQLKEARFLAE,purified MHC/direct/fluorescence,Negative,,HLA-DQB1*05:01,15
DALENQLKEARFLAE,purified MHC/direct/fluorescence,Negative,,HLA-DQA1*05:01,15
DALENQLKEARFLAE,purified MHC/direct/fluorescence,Negative,,HLA-DQB1*02:01,15
DALENQLKEARFLAE,purified MHC/direct/fluorescence,Negative,,HLA-DQA1*01:02,15
DALENQLKEARFLAE,purified MHC/direct/fluorescence,Negative,,HLA-DQB1*06:02,15
DALENQLKEARFLAE,purified MHC/direct/fluorescence,Negative,,HLA-DQA1*03:01,15
DALENQLKEARFLAE,purified MHC/direct/fluorescence,Negative,,HLA-DQB1*03:02,15
ENQLKEARFLAEEAD,purified MHC/direct/fluorescence,Negative,,HLA-DQA1*01:01,15
ENQLKEARFLAEEAD,purified MHC/direct/fluorescence,Negative,,HLA-DQA1*05:01,15
ENQLKEARFLAEEAD,purified MHC/direct/fluorescence,Negative,,HLA-DQB1*02:01,15
ENQLKEARFLAEEAD,purified MHC/direct/fluorescence,Negative,,HLA-DQA1*01:02,15
ENQLKEARFLAEEAD,purified MHC/direct/fluorescence,Negative,,HLA-DQB1*06:02,15
ENQLKEARFLAEEAD,purified MHC/direct/fluorescence,Negative,,HLA-DQA1*03:01,15
ENQLKEARFLAEEAD,purified MHC/direct/fluorescence,Negative,,HLA-DQB1*03:02,15
LKEARFLAEEADRKY,purified MHC/direct/fluorescence,Negative,,HLA-DQA1*01:01,15
LKEARFLAEEADRKY,purified MHC/direct/fluorescence,Negative,,HLA-DQB1*05:01,15
LKEARFLAEEADRKY,purified MHC/direct/fluorescence,Negative,,HLA-DQA1*05:01,15
LKEARFLAEEADRKY,purified MHC/direct/fluorescence,Negative,,HLA-DQB1*02:01,15
LKEARFLAEEADRKY,purified MHC/direct/fluorescence,Negative,,HLA-DQA1*01:02,15
LKEARFLAEEADRKY,purified MHC/direct/fluorescence,Negative,,HLA-DQB1*06:02,15
LKEARFLAEEADRKY,purified MHC/direct/fluorescence,Negative,,HLA-DQA1*03:01,15
LKEARFLAEEADRKY,purified MHC/direct/fluorescence,Negative,,HLA-DQB1*03:02,15
ARFLAEEADRKYDEV,purified MHC/direct/fluorescence,Negative,,HLA-DQA1*01:01,15
ARFLAEEADRKYDEV,purified MHC/direct/fluorescence,Negative,,HLA-DQB1*05:01,15
ARFLAEEADRKYDEV,purified MHC/direct/fluorescence,Negative,,HLA-DQA1*05:01,15
ARFLAEEADRKYDEV,purified MHC/direct/fluorescence,Negative,,HLA-DQB1*02:01,15
ARFLAEEADRKYDEV,purified MHC/direct/fluorescence,Negative,,HLA-DQA1*01:02,15
ARFLAEEADRKYDEV,purified MHC/direct/fluorescence,Negative,,HLA-DQB1*06:02,15
ARFLAEEADRKYDEV,purified MHC/direct/fluorescence,Negative,,HLA-DQA1*03:01,15
ARFLAEEADRKYDEV,purified MHC/direct/fluorescence,Negative,,HLA-DQB1*03:02,15
LAEEADRKYDEVARK,purified MHC/direct/fluorescence,Negative,,HLA-DQA1*01:01,15
LAEEADRKYDEVARK,purified MHC/direct/fluorescence,Negative,,HLA-DQB1*05:01,15
LAEEADRKYDEVARK,purified MHC/direct/fluorescence,Negative,,HLA-DQA1*05:01,15
LAEEADRKYDEVARK,purified MHC/direct/fluorescence,Negative,,HLA-DQB1*02:01,15
LAEEADRKYDEVARK,purified MHC/direct/fluorescence,Negative,,HLA-DQA1*01:02,15
LAEEADRKYDEVARK,purified MHC/direct/fluorescence,Negative,,HLA-DQB1*06:02,15
LAEEADRKYDEVARK,purified MHC/direct/fluorescence,Negative,,HLA-DQA1*03:01,15
LAEEADRKYDEVARK,purified MHC/direct/fluorescence,Negative,,HLA-DQB1*03:02,15
EADRKYDEVARKLAM,purified MHC/direct/fluorescence,Negative,,HLA-DQA1*01:01,15
EADRKYDEVARKLAM,purified MHC/direct/fluorescence,Negative,,HLA-DQB1*05:01,15
EADRKYDEVARKLAM,purified MHC/direct/fluorescence,Negative,,HLA-DQA1*05:01,15
EADRKYDEVARKLAM,purified MHC/direct/fluorescence,Negative,,HLA-DQB1*02:01,15
EADRKYDEVARKLAM,purified MHC/direct/fluorescence,Negative,,HLA-DQA1*01:02,15
EADRKYDEVARKLAM,purified MHC/direct/fluorescence,Negative,,HLA-DQB1*06:02,15
EADRKYDEVARKLAM,purified MHC/direct/fluorescence,Negative,,HLA-DQA1*03:01,15
EADRKYDEVARKLAM,purified MHC/direct/fluorescence,Negative,,HLA-DQB1*03:02,15
RKYDEVARKLAMVEA,purified MHC/direct/fluorescence,Negative,,HLA-DQA1*01:01,15
RKYDEVARKLAMVEA,purified MHC/direct/fluorescence,Negative,,HLA-DQB1*05:01,15
RKYDEVARKLAMVEA,purified MHC/direct/fluorescence,Negative,,HLA-DQA1*05:01,15
RKYDEVARKLAMVEA,purified MHC/direct/fluorescence,Negative,,HLA-DQB1*02:01,15
RKYDEVARKLAMVEA,purified MHC/direct/fluorescence,Negative,,HLA-DQA1*01:02,15
RKYDEVARKLAMVEA,purified MHC/direct/fluorescence,Negative,,HLA-DQB1*06:02,15
RKYDEVARKLAMVEA,purified MHC/direct/fluorescence,Negative,,HLA-DQA1*03:01,15
DEVARKLAMVEADLE,purified MHC/direct/fluorescence,Negative,,HLA-DQA1*01:01,15
DEVARKLAMVEADLE,purified MHC/direct/fluorescence,Negative,,HLA-DQB1*05:01,15
DEVARKLAMVEADLE,purified MHC/direct/fluorescence,Negative,,HLA-DQA1*05:01,15
DEVARKLAMVEADLE,purified MHC/direct/fluorescence,Negative,,HLA-DQB1*02:01,15
DEVARKLAMVEADLE,purified MHC/direct/fluorescence,Negative,,HLA-DQA1*01:02,15
DEVARKLAMVEADLE,purified MHC/direct/fluorescence,Negative,,HLA-DQB1*06:02,15
DEVARKLAMVEADLE,purified MHC/direct/fluorescence,Negative,,HLA-DQA1*03:01,15
DEVARKLAMVEADLE,purified MHC/direct/fluorescence,Negative,,HLA-DQB1*03:02,15
ARKLAMVEADLERAE,purified MHC/direct/fluorescence,Negative,,HLA-DQA1*01:01,15
ARKLAMVEADLERAE,purified MHC/direct/fluorescence,Negative,,HLA-DQB1*05:01,15
ARKLAMVEADLERAE,purified MHC/direct/fluorescence,Negative,,HLA-DQA1*05:01,15
ARKLAMVEADLERAE,purified MHC/direct/fluorescence,Negative,,HLA-DQB1*02:01,15
ARKLAMVEADLERAE,purified MHC/direct/fluorescence,Negative,,HLA-DQA1*01:02,15
ARKLAMVEADLERAE,purified MHC/direct/fluorescence,Negative,,HLA-DQB1*06:02,15
ARKLAMVEADLERAE,purified MHC/direct/fluorescence,Negative,,HLA-DQA1*03:01,15
ARKLAMVEADLERAE,purified MHC/direct/fluorescence,Negative,,HLA-DQB1*03:02,15
LAMVEADLERAEERA,purified MHC/direct/fluorescence,Negative,,HLA-DQA1*01:01,15
LAMVEADLERAEERA,purified MHC/direct/fluorescence,Negative,,HLA-DQB1*05:01,15
LAMVEADLERAEERA,purified MHC/direct/fluorescence,Negative,,HLA-DQA1*05:01,15
LAMVEADLERAEERA,purified MHC/direct/fluorescence,Negative,,HLA-DQB1*02:01,15
LAMVEADLERAEERA,purified MHC/direct/fluorescence,Negative,,HLA-DQA1*01:02,15
LAMVEADLERAEERA,purified MHC/direct/fluorescence,Negative,,HLA-DQB1*06:02,15
LAMVEADLERAEERA,purified MHC/direct/fluorescence,Negative,,HLA-DQA1*03:01,15
LAMVEADLERAEERA,purified MHC/direct/fluorescence,Negative,,HLA-DQB1*03:02,15
ETGESKIVELEEELR,purified MHC/direct/fluorescence,Negative,,HLA-DQA1*01:01,15
ETGESKIVELEEELR,purified MHC/direct/fluorescence,Negative,,HLA-DQB1*05:01,15
ETGESKIVELEEELR,purified MHC/direct/fluorescence,Negative,,HLA-DQA1*05:01,15
ETGESKIVELEEELR,purified MHC/direct/fluorescence,Negative,,HLA-DQB1*02:01,15
ETGESKIVELEEELR,purified MHC/direct/fluorescence,Negative,,HLA-DQA1*01:02,15
ETGESKIVELEEELR,purified MHC/direct/fluorescence,Negative,,HLA-DQB1*06:02,15
ETGESKIVELEEELR,purified MHC/direct/fluorescence,Negative,,HLA-DQA1*03:01,15
ETGESKIVELEEELR,purified MHC/direct/fluorescence,Negative,,HLA-DQB1*03:02,15
ESKIVELEEELRVVG,purified MHC/direct/fluorescence,Negative,,HLA-DQA1*01:01,15
ESKIVELEEELRVVG,purified MHC/direct/fluorescence,Negative,,HLA-DQB1*05:01,15
ESKIVELEEELRVVG,purified MHC/direct/fluorescence,Negative,,HLA-DQA1*05:01,15
ESKIVELEEELRVVG,purified MHC/direct/fluorescence,Negative,,HLA-DQB1*02:01,15
ESKIVELEEELRVVG,purified MHC/direct/fluorescence,Negative,,HLA-DQA1*01:02,15
ESKIVELEEELRVVG,purified MHC/direct/fluorescence,Negative,,HLA-DQB1*06:02,15
ESKIVELEEELRVVG,purified MHC/direct/fluorescence,Negative,,HLA-DQA1*03:01,15
ESKIVELEEELRVVG,purified MHC/direct/fluorescence,Negative,,HLA-DQB1*03:02,15
IVELEEELRVVGNNL,purified MHC/direct/fluorescence,Negative,,HLA-DQA1*01:01,15
IVELEEELRVVGNNL,purified MHC/direct/fluorescence,Negative,,HLA-DQB1*05:01,15
IVELEEELRVVGNNL,purified MHC/direct/fluorescence,Negative,,HLA-DQA1*05:01,15
IVELEEELRVVGNNL,purified MHC/direct/fluorescence,Negative,,HLA-DQB1*02:01,15
IVELEEELRVVGNNL,purified MHC/direct/fluorescence,Negative,,HLA-DQA1*01:02,15
IVELEEELRVVGNNL,purified MHC/direct/fluorescence,Negative,,HLA-DQB1*06:02,15
IVELEEELRVVGNNL,purified MHC/direct/fluorescence,Negative,,HLA-DQA1*03:01,15
IVELEEELRVVGNNL,purified MHC/direct/fluorescence,Negative,,HLA-DQB1*03:02,15
LEEELRVVGNNLKSL,purified MHC/direct/fluorescence,Negative,,HLA-DQA1*01:01,15
LEEELRVVGNNLKSL,purified MHC/direct/fluorescence,Negative,,HLA-DQB1*05:01,15
LEEELRVVGNNLKSL,purified MHC/direct/fluorescence,Negative,,HLA-DQA1*05:01,15
LEEELRVVGNNLKSL,purified MHC/direct/fluorescence,Negative,,HLA-DQB1*02:01,15
LEEELRVVGNNLKSL,purified MHC/direct/fluorescence,Negative,,HLA-DQA1*01:02,15
LEEELRVVGNNLKSL,purified MHC/direct/fluorescence,Negative,,HLA-DQB1*06:02,15
LEEELRVVGNNLKSL,purified MHC/direct/fluorescence,Negative,,HLA-DQA1*03:01,15
LEEELRVVGNNLKSL,purified MHC/direct/fluorescence,Negative,,HLA-DQB1*03:02,15
ELRVVGNNLKSLEVS,purified MHC/direct/fluorescence,Negative,,HLA-DQA1*01:01,15
ELRVVGNNLKSLEVS,purified MHC/direct/fluorescence,Negative,,HLA-DQB1*05:01,15
ELRVVGNNLKSLEVS,purified MHC/direct/fluorescence,Negative,,HLA-DQA1*05:01,15
ELRVVGNNLKSLEVS,purified MHC/direct/fluorescence,Negative,,HLA-DQA1*01:02,15
ELRVVGNNLKSLEVS,purified MHC/direct/fluorescence,Negative,,HLA-DQB1*06:02,15
ELRVVGNNLKSLEVS,purified MHC/direct/fluorescence,Negative,,HLA-DQA1*03:01,15
ELRVVGNNLKSLEVS,purified MHC/direct/fluorescence,Negative,,HLA-DQB1*03:02,15
VVGNNLKSLEVSEEK,purified MHC/direct/fluorescence,Negative,,HLA-DQA1*01:01,15
VVGNNLKSLEVSEEK,purified MHC/direct/fluorescence,Negative,,HLA-DQB1*05:01,15
VVGNNLKSLEVSEEK,purified MHC/direct/fluorescence,Negative,,HLA-DQA1*05:01,15
VVGNNLKSLEVSEEK,purified MHC/direct/fluorescence,Negative,,HLA-DQB1*02:01,15
VVGNNLKSLEVSEEK,purified MHC/direct/fluorescence,Negative,,HLA-DQA1*01:02,15
VVGNNLKSLEVSEEK,purified MHC/direct/fluorescence,Negative,,HLA-DQB1*06:02,15
VVGNNLKSLEVSEEK,purified MHC/direct/fluorescence,Negative,,HLA-DQA1*03:01,15
VVGNNLKSLEVSEEK,purified MHC/direct/fluorescence,Negative,,HLA-DQB1*03:02,15
NNLKSLEVSEEKANQ,purified MHC/direct/fluorescence,Negative,,HLA-DQA1*01:01,15
NNLKSLEVSEEKANQ,purified MHC/direct/fluorescence,Negative,,HLA-DQB1*05:01,15
NNLKSLEVSEEKANQ,purified MHC/direct/fluorescence,Negative,,HLA-DQA1*05:01,15
NNLKSLEVSEEKANQ,purified MHC/direct/fluorescence,Negative,,HLA-DQB1*02:01,15
NNLKSLEVSEEKANQ,purified MHC/direct/fluorescence,Negative,,HLA-DQA1*01:02,15
NNLKSLEVSEEKANQ,purified MHC/direct/fluorescence,Negative,,HLA-DQB1*06:02,15
NNLKSLEVSEEKANQ,purified MHC/direct/fluorescence,Negative,,HLA-DQA1*03:01,15
NNLKSLEVSEEKANQ,purified MHC/direct/fluorescence,Negative,,HLA-DQB1*03:02,15
KSLEVSEEKANQREE,purified MHC/direct/fluorescence,Negative,,HLA-DQA1*01:01,15
KSLEVSEEKANQREE,purified MHC/direct/fluorescence,Negative,,HLA-DQB1*05:01,15
KSLEVSEEKANQREE,purified MHC/direct/fluorescence,Negative,,HLA-DQA1*05:01,15
KSLEVSEEKANQREE,purified MHC/direct/fluorescence,Negative,,HLA-DQB1*02:01,15
KSLEVSEEKANQREE,purified MHC/direct/fluorescence,Negative,,HLA-DQA1*01:02,15
KSLEVSEEKANQREE,purified MHC/direct/fluorescence,Negative,,HLA-DQB1*06:02,15
KSLEVSEEKANQREE,purified MHC/direct/fluorescence,Negative,,HLA-DQA1*03:01,15
KSLEVSEEKANQREE,purified MHC/direct/fluorescence,Negative,,HLA-DQB1*03:02,15
EVSEEKANQREEAYK,purified MHC/direct/fluorescence,Negative,,HLA-DQA1*01:01,15
EVSEEKANQREEAYK,purified MHC/direct/fluorescence,Negative,,HLA-DQB1*05:01,15
EVSEEKANQREEAYK,purified MHC/direct/fluorescence,Negative,,HLA-DQA1*05:01,15
EVSEEKANQREEAYK,purified MHC/direct/fluorescence,Negative,,HLA-DQB1*02:01,15
EVSEEKANQREEAYK,purified MHC/direct/fluorescence,Negative,,HLA-DQA1*01:02,15
EVSEEKANQREEAYK,purified MHC/direct/fluorescence,Negative,,HLA-DQB1*06:02,15
EVSEEKANQREEAYK,purified MHC/direct/fluorescence,Negative,,HLA-DQA1*03:01,15
EVSEEKANQREEAYK,purified MHC/direct/fluorescence,Negative,,HLA-DQB1*03:02,15
EEKANQREEAYKEQI,purified MHC/direct/fluorescence,Negative,,HLA-DQA1*01:01,15
EEKANQREEAYKEQI,purified MHC/direct/fluorescence,Negative,,HLA-DQB1*05:01,15
EEKANQREEAYKEQI,purified MHC/direct/fluorescence,Negative,,HLA-DQA1*05:01,15
EEKANQREEAYKEQI,purified MHC/direct/fluorescence,Negative,,HLA-DQB1*02:01,15
EEKANQREEAYKEQI,purified MHC/direct/fluorescence,Negative,,HLA-DQA1*01:02,15
EEKANQREEAYKEQI,purified MHC/direct/fluorescence,Negative,,HLA-DQB1*06:02,15
EEKANQREEAYKEQI,purified MHC/direct/fluorescence,Negative,,HLA-DQA1*03:01,15
EEKANQREEAYKEQI,purified MHC/direct/fluorescence,Negative,,HLA-DQB1*03:02,15
ANQREEAYKEQIKTL,purified MHC/direct/fluorescence,Negative,,HLA-DQA1*01:01,15
ANQREEAYKEQIKTL,purified MHC/direct/fluorescence,Negative,,HLA-DQB1*05:01,15
ANQREEAYKEQIKTL,purified MHC/direct/fluorescence,Negative,,HLA-DQA1*05:01,15
ANQREEAYKEQIKTL,purified MHC/direct/fluorescence,Negative,,HLA-DQB1*02:01,15
ANQREEAYKEQIKTL,purified MHC/direct/fluorescence,Negative,,HLA-DQA1*01:02,15
ANQREEAYKEQIKTL,purified MHC/direct/fluorescence,Negative,,HLA-DQB1*06:02,15
ANQREEAYKEQIKTL,purified MHC/direct/fluorescence,Negative,,HLA-DQA1*03:01,15
ANQREEAYKEQIKTL,purified MHC/direct/fluorescence,Negative,,HLA-DQB1*03:02,15
REEAYKEQIKTLTNK,purified MHC/direct/fluorescence,Negative,,HLA-DQA1*01:01,15
REEAYKEQIKTLTNK,purified MHC/direct/fluorescence,Negative,,HLA-DQB1*05:01,15
REEAYKEQIKTLTNK,purified MHC/direct/fluorescence,Negative,,HLA-DQA1*05:01,15
REEAYKEQIKTLTNK,purified MHC/direct/fluorescence,Negative,,HLA-DQB1*02:01,15
REEAYKEQIKTLTNK,purified MHC/direct/fluorescence,Negative,,HLA-DQA1*01:02,15
REEAYKEQIKTLTNK,purified MHC/direct/fluorescence,Negative,,HLA-DQB1*06:02,15
REEAYKEQIKTLTNK,purified MHC/direct/fluorescence,Negative,,HLA-DQA1*03:01,15
REEAYKEQIKTLTNK,purified MHC/direct/fluorescence,Negative,,HLA-DQB1*03:02,15
AYKEQIKTLTNKLKA,purified MHC/direct/fluorescence,Negative,,HLA-DQA1*01:01,15
AYKEQIKTLTNKLKA,purified MHC/direct/fluorescence,Negative,,HLA-DQA1*05:01,15
AYKEQIKTLTNKLKA,purified MHC/direct/fluorescence,Negative,,HLA-DQB1*02:01,15
AYKEQIKTLTNKLKA,purified MHC/direct/fluorescence,Negative,,HLA-DQA1*01:02,15
AYKEQIKTLTNKLKA,purified MHC/direct/fluorescence,Negative,,HLA-DQB1*06:02,15
AYKEQIKTLTNKLKA,purified MHC/direct/fluorescence,Negative,,HLA-DQA1*03:01,15
EQIKTLTNKLKAAEA,purified MHC/direct/fluorescence,Negative,,HLA-DQA1*01:01,15
EQIKTLTNKLKAAEA,purified MHC/direct/fluorescence,Negative,,HLA-DQB1*05:01,15
EQIKTLTNKLKAAEA,purified MHC/direct/fluorescence,Negative,,HLA-DQA1*05:01,15
EQIKTLTNKLKAAEA,purified MHC/direct/fluorescence,Negative,,HLA-DQB1*02:01,15
EQIKTLTNKLKAAEA,purified MHC/direct/fluorescence,Negative,,HLA-DQA1*01:02,15
EQIKTLTNKLKAAEA,purified MHC/direct/fluorescence,Negative,,HLA-DQB1*06:02,15
EQIKTLTNKLKAAEA,purified MHC/direct/fluorescence,Negative,,HLA-DQA1*03:01,15
EQIKTLTNKLKAAEA,purified MHC/direct/fluorescence,Negative,,HLA-DQB1*03:02,15
KTLTNKLKAAEARAE,purified MHC/direct/fluorescence,Negative,,HLA-DQA1*01:01,15
KTLTNKLKAAEARAE,purified MHC/direct/fluorescence,Negative,,HLA-DQB1*05:01,15
KTLTNKLKAAEARAE,purified MHC/direct/fluorescence,Negative,,HLA-DQA1*05:01,15
KTLTNKLKAAEARAE,purified MHC/direct/fluorescence,Negative,,HLA-DQB1*02:01,15
KTLTNKLKAAEARAE,purified MHC/direct/fluorescence,Negative,,HLA-DQA1*01:02,15
KTLTNKLKAAEARAE,purified MHC/direct/fluorescence,Negative,,HLA-DQB1*06:02,15
KTLTNKLKAAEARAE,purified MHC/direct/fluorescence,Negative,,HLA-DQA1*03:01,15
KTLTNKLKAAEARAE,purified MHC/direct/fluorescence,Negative,,HLA-DQB1*03:02,15
TNKLKAAEARAEFAE,purified MHC/direct/fluorescence,Negative,,HLA-DQA1*01:01,15
TNKLKAAEARAEFAE,purified MHC/direct/fluorescence,Negative,,HLA-DQB1*05:01,15
TNKLKAAEARAEFAE,purified MHC/direct/fluorescence,Negative,,HLA-DQA1*05:01,15
TNKLKAAEARAEFAE,purified MHC/direct/fluorescence,Negative,,HLA-DQB1*02:01,15
TNKLKAAEARAEFAE,purified MHC/direct/fluorescence,Negative,,HLA-DQA1*01:02,15
TNKLKAAEARAEFAE,purified MHC/direct/fluorescence,Negative,,HLA-DQB1*06:02,15
TNKLKAAEARAEFAE,purified MHC/direct/fluorescence,Negative,,HLA-DQA1*03:01,15
TNKLKAAEARAEFAE,purified MHC/direct/fluorescence,Negative,,HLA-DQB1*03:02,15
LKAAEARAEFAERSV,purified MHC/direct/fluorescence,Negative,,HLA-DQA1*01:01,15
LKAAEARAEFAERSV,purified MHC/direct/fluorescence,Negative,,HLA-DQB1*05:01,15
LKAAEARAEFAERSV,purified MHC/direct/fluorescence,Negative,,HLA-DQA1*05:01,15
LKAAEARAEFAERSV,purified MHC/direct/fluorescence,Negative,,HLA-DQB1*02:01,15
LKAAEARAEFAERSV,purified MHC/direct/fluorescence,Negative,,HLA-DQA1*01:02,15
LKAAEARAEFAERSV,purified MHC/direct/fluorescence,Negative,,HLA-DQB1*06:02,15
LKAAEARAEFAERSV,purified MHC/direct/fluorescence,Negative,,HLA-DQA1*03:01,15
LKAAEARAEFAERSV,purified MHC/direct/fluorescence,Negative,,HLA-DQB1*03:02,15
AEARAEFAERSVQKL,purified MHC/direct/fluorescence,Negative,,HLA-DQA1*01:01,15
AEARAEFAERSVQKL,purified MHC/direct/fluorescence,Negative,,HLA-DQB1*05:01,15
AEARAEFAERSVQKL,purified MHC/direct/fluorescence,Negative,,HLA-DQA1*05:01,15
AEARAEFAERSVQKL,purified MHC/direct/fluorescence,Negative,,HLA-DQB1*02:01,15
AEARAEFAERSVQKL,purified MHC/direct/fluorescence,Negative,,HLA-DQA1*01:02,15
AEARAEFAERSVQKL,purified MHC/direct/fluorescence,Negative,,HLA-DQB1*06:02,15
AEARAEFAERSVQKL,purified MHC/direct/fluorescence,Negative,,HLA-DQA1*03:01,15
AEARAEFAERSVQKL,purified MHC/direct/fluorescence,Negative,,HLA-DQB1*03:02,15
RAEFAERSVQKLQKE,purified MHC/direct/fluorescence,Negative,,HLA-DQA1*01:01,15
RAEFAERSVQKLQKE,purified MHC/direct/fluorescence,Negative,,HLA-DQA1*05:01,15
RAEFAERSVQKLQKE,purified MHC/direct/fluorescence,Negative,,HLA-DQB1*02:01,15
RAEFAERSVQKLQKE,purified MHC/direct/fluorescence,Negative,,HLA-DQA1*01:02,15
RAEFAERSVQKLQKE,purified MHC/direct/fluorescence,Negative,,HLA-DQB1*06:02,15
RAEFAERSVQKLQKE,purified MHC/direct/fluorescence,Negative,,HLA-DQA1*03:01,15
RAEFAERSVQKLQKE,purified MHC/direct/fluorescence,Negative,,HLA-DQB1*03:02,15
FAERSVQKLQKEVDR,purified MHC/direct/fluorescence,Negative,,HLA-DQA1*01:01,15
FAERSVQKLQKEVDR,purified MHC/direct/fluorescence,Negative,,HLA-DQB1*05:01,15
FAERSVQKLQKEVDR,purified MHC/direct/fluorescence,Negative,,HLA-DQA1*05:01,15
FAERSVQKLQKEVDR,purified MHC/direct/fluorescence,Negative,,HLA-DQB1*02:01,15
FAERSVQKLQKEVDR,purified MHC/direct/fluorescence,Negative,,HLA-DQA1*01:02,15
FAERSVQKLQKEVDR,purified MHC/direct/fluorescence,Negative,,HLA-DQB1*06:02,15
FAERSVQKLQKEVDR,purified MHC/direct/fluorescence,Negative,,HLA-DQA1*03:01,15
FAERSVQKLQKEVDR,purified MHC/direct/fluorescence,Negative,,HLA-DQB1*03:02,15
RSVQKLQKEVDRLED,purified MHC/direct/fluorescence,Negative,,HLA-DQA1*01:01,15
RSVQKLQKEVDRLED,purified MHC/direct/fluorescence,Negative,,HLA-DQB1*05:01,15
RSVQKLQKEVDRLED,purified MHC/direct/fluorescence,Negative,,HLA-DQA1*05:01,15
RSVQKLQKEVDRLED,purified MHC/direct/fluorescence,Negative,,HLA-DQB1*02:01,15
RSVQKLQKEVDRLED,purified MHC/direct/fluorescence,Negative,,HLA-DQA1*01:02,15
RSVQKLQKEVDRLED,purified MHC/direct/fluorescence,Negative,,HLA-DQB1*06:02,15
RSVQKLQKEVDRLED,purified MHC/direct/fluorescence,Negative,,HLA-DQA1*03:01,15
RSVQKLQKEVDRLED,purified MHC/direct/fluorescence,Negative,,HLA-DQB1*03:02,15
QKLQKEVDRLEDELV,purified MHC/direct/fluorescence,Negative,,HLA-DQA1*01:01,15
QKLQKEVDRLEDELV,purified MHC/direct/fluorescence,Negative,,HLA-DQB1*05:01,15
QKLQKEVDRLEDELV,purified MHC/direct/fluorescence,Negative,,HLA-DQA1*05:01,15
QKLQKEVDRLEDELV,purified MHC/direct/fluorescence,Negative,,HLA-DQB1*02:01,15
QKLQKEVDRLEDELV,purified MHC/direct/fluorescence,Negative,,HLA-DQA1*01:02,15
QKLQKEVDRLEDELV,purified MHC/direct/fluorescence,Negative,,HLA-DQB1*06:02,15
QKLQKEVDRLEDELV,purified MHC/direct/fluorescence,Negative,,HLA-DQA1*03:01,15
QKLQKEVDRLEDELV,purified MHC/direct/fluorescence,Negative,,HLA-DQB1*03:02,15
QKEVDRLEDELVNEK,purified MHC/direct/fluorescence,Negative,,HLA-DQA1*01:01,15
QKEVDRLEDELVNEK,purified MHC/direct/fluorescence,Negative,,HLA-DQB1*05:01,15
QKEVDRLEDELVNEK,purified MHC/direct/fluorescence,Negative,,HLA-DQA1*05:01,15
QKEVDRLEDELVNEK,purified MHC/direct/fluorescence,Negative,,HLA-DQB1*02:01,15
QKEVDRLEDELVNEK,purified MHC/direct/fluorescence,Negative,,HLA-DQA1*01:02,15
QKEVDRLEDELVNEK,purified MHC/direct/fluorescence,Negative,,HLA-DQB1*06:02,15
QKEVDRLEDELVNEK,purified MHC/direct/fluorescence,Negative,,HLA-DQA1*03:01,15
QKEVDRLEDELVNEK,purified MHC/direct/fluorescence,Negative,,HLA-DQB1*03:02,15
VDRLEDELVNEKEKY,purified MHC/direct/fluorescence,Negative,,HLA-DQA1*01:01,15
VDRLEDELVNEKEKY,purified MHC/direct/fluorescence,Negative,,HLA-DQB1*05:01,15
VDRLEDELVNEKEKY,purified MHC/direct/fluorescence,Negative,,HLA-DQA1*05:01,15
VDRLEDELVNEKEKY,purified MHC/direct/fluorescence,Negative,,HLA-DQB1*02:01,15
VDRLEDELVNEKEKY,purified MHC/direct/fluorescence,Negative,,HLA-DQA1*01:02,15
VDRLEDELVNEKEKY,purified MHC/direct/fluorescence,Negative,,HLA-DQB1*06:02,15
VDRLEDELVNEKEKY,purified MHC/direct/fluorescence,Negative,,HLA-DQA1*03:01,15
VDRLEDELVNEKEKY,purified MHC/direct/fluorescence,Negative,,HLA-DQB1*03:02,15
LEDELVNEKEKYKSI,purified MHC/direct/fluorescence,Negative,,HLA-DQA1*01:01,15
LEDELVNEKEKYKSI,purified MHC/direct/fluorescence,Negative,,HLA-DQB1*05:01,15
LEDELVNEKEKYKSI,purified MHC/direct/fluorescence,Negative,,HLA-DQA1*05:01,15
LEDELVNEKEKYKSI,purified MHC/direct/fluorescence,Negative,,HLA-DQB1*02:01,15
LEDELVNEKEKYKSI,purified MHC/direct/fluorescence,Negative,,HLA-DQA1*01:02,15
LEDELVNEKEKYKSI,purified MHC/direct/fluorescence,Negative,,HLA-DQB1*06:02,15
LEDELVNEKEKYKSI,purified MHC/direct/fluorescence,Negative,,HLA-DQA1*03:01,15
LEDELVNEKEKYKSI,purified MHC/direct/fluorescence,Negative,,HLA-DQB1*03:02,15
ELVNEKEKYKSITDE,purified MHC/direct/fluorescence,Negative,,HLA-DQA1*01:01,15
ELVNEKEKYKSITDE,purified MHC/direct/fluorescence,Negative,,HLA-DQB1*05:01,15
ELVNEKEKYKSITDE,purified MHC/direct/fluorescence,Negative,,HLA-DQA1*05:01,15
ELVNEKEKYKSITDE,purified MHC/direct/fluorescence,Negative,,HLA-DQB1*02:01,15
ELVNEKEKYKSITDE,purified MHC/direct/fluorescence,Negative,,HLA-DQA1*01:02,15
ELVNEKEKYKSITDE,purified MHC/direct/fluorescence,Negative,,HLA-DQB1*06:02,15
ELVNEKEKYKSITDE,purified MHC/direct/fluorescence,Negative,,HLA-DQA1*03:01,15
ELVNEKEKYKSITDE,purified MHC/direct/fluorescence,Negative,,HLA-DQB1*03:02,15
NEKEKYKSITDELDQ,purified MHC/direct/fluorescence,Negative,,HLA-DQA1*01:01,15
NEKEKYKSITDELDQ,purified MHC/direct/fluorescence,Negative,,HLA-DQB1*05:01,15
NEKEKYKSITDELDQ,purified MHC/direct/fluorescence,Negative,,HLA-DQA1*05:01,15
NEKEKYKSITDELDQ,purified MHC/direct/fluorescence,Negative,,HLA-DQB1*02:01,15
NEKEKYKSITDELDQ,purified MHC/direct/fluorescence,Negative,,HLA-DQA1*01:02,15
NEKEKYKSITDELDQ,purified MHC/direct/fluorescence,Negative,,HLA-DQB1*06:02,15
NEKEKYKSITDELDQ,purified MHC/direct/fluorescence,Negative,,HLA-DQA1*03:01,15
NEKEKYKSITDELDQ,purified MHC/direct/fluorescence,Negative,,HLA-DQB1*03:02,15
EKYKSITDELDQTFS,purified MHC/direct/fluorescence,Negative,,HLA-DQA1*01:01,15
EKYKSITDELDQTFS,purified MHC/direct/fluorescence,Negative,,HLA-DQB1*05:01,15
EKYKSITDELDQTFS,purified MHC/direct/fluorescence,Negative,,HLA-DQA1*05:01,15
EKYKSITDELDQTFS,purified MHC/direct/fluorescence,Negative,,HLA-DQB1*02:01,15
EKYKSITDELDQTFS,purified MHC/direct/fluorescence,Negative,,HLA-DQA1*01:02,15
EKYKSITDELDQTFS,purified MHC/direct/fluorescence,Negative,,HLA-DQB1*06:02,15
EKYKSITDELDQTFS,purified MHC/direct/fluorescence,Negative,,HLA-DQA1*03:01,15
EKYKSITDELDQTFS,purified MHC/direct/fluorescence,Negative,,HLA-DQB1*03:02,15
KSITDELDQTFSELS,purified MHC/direct/fluorescence,Negative,,HLA-DQA1*01:01,15
KSITDELDQTFSELS,purified MHC/direct/fluorescence,Negative,,HLA-DQB1*05:01,15
KSITDELDQTFSELS,purified MHC/direct/fluorescence,Negative,,HLA-DQA1*05:01,15
KSITDELDQTFSELS,purified MHC/direct/fluorescence,Negative,,HLA-DQB1*02:01,15
KSITDELDQTFSELS,purified MHC/direct/fluorescence,Negative,,HLA-DQA1*01:02,15
KSITDELDQTFSELS,purified MHC/direct/fluorescence,Negative,,HLA-DQB1*06:02,15
KSITDELDQTFSELS,purified MHC/direct/fluorescence,Negative,,HLA-DQA1*03:01,15
KSITDELDQTFSELS,purified MHC/direct/fluorescence,Negative,,HLA-DQB1*03:02,15
ITDELDQTFSELSGY,purified MHC/direct/fluorescence,Negative,,HLA-DQA1*01:01,15
ITDELDQTFSELSGY,purified MHC/direct/fluorescence,Negative,,HLA-DQB1*05:01,15
ITDELDQTFSELSGY,purified MHC/direct/fluorescence,Negative,,HLA-DQA1*05:01,15
ITDELDQTFSELSGY,purified MHC/direct/fluorescence,Negative,,HLA-DQB1*02:01,15
ITDELDQTFSELSGY,purified MHC/direct/fluorescence,Negative,,HLA-DQA1*01:02,15
ITDELDQTFSELSGY,purified MHC/direct/fluorescence,Negative,,HLA-DQB1*06:02,15
ITDELDQTFSELSGY,purified MHC/direct/fluorescence,Negative,,HLA-DQA1*03:01,15
ITDELDQTFSELSGY,purified MHC/direct/fluorescence,Negative,,HLA-DQB1*03:02,15
GIRGLKGTKGEKGED,purified MHC/direct/fluorescence,Negative,,HLA-DQB1*02:01,15
GIRGLKGTKGEKGED,purified MHC/direct/fluorescence,Negative,,HLA-DQB1*06:02,15
DLERAEERAETGESK,purified MHC/direct/fluorescence,Negative,,HLA-DQA1*01:01,15
DLERAEERAETGESK,purified MHC/direct/fluorescence,Negative,,HLA-DQB1*05:01,15
DLERAEERAETGESK,purified MHC/direct/fluorescence,Negative,,HLA-DQA1*05:01,15
DLERAEERAETGESK,purified MHC/direct/fluorescence,Negative,,HLA-DQB1*02:01,15
DLERAEERAETGESK,purified MHC/direct/fluorescence,Negative,,HLA-DQA1*01:02,15
DLERAEERAETGESK,purified MHC/direct/fluorescence,Negative,,HLA-DQB1*06:02,15
DLERAEERAETGESK,purified MHC/direct/fluorescence,Negative,,HLA-DQA1*03:01,15
DLERAEERAETGESK,purified MHC/direct/fluorescence,Negative,,HLA-DQB1*03:02,15
RAEERAETGESKIVE,purified MHC/direct/fluorescence,Negative,,HLA-DQA1*01:01,15
RAEERAETGESKIVE,purified MHC/direct/fluorescence,Negative,,HLA-DQB1*05:01,15
RAEERAETGESKIVE,purified MHC/direct/fluorescence,Negative,,HLA-DQA1*05:01,15
RAEERAETGESKIVE,purified MHC/direct/fluorescence,Negative,,HLA-DQB1*02:01,15
RAEERAETGESKIVE,purified MHC/direct/fluorescence,Negative,,HLA-DQA1*01:02,15
RAEERAETGESKIVE,purified MHC/direct/fluorescence,Negative,,HLA-DQB1*06:02,15
RAEERAETGESKIVE,purified MHC/direct/fluorescence,Negative,,HLA-DQA1*03:01,15
RAEERAETGESKIVE,purified MHC/direct/fluorescence,Negative,,HLA-DQB1*03:02,15
ERAETGESKIVELEE,purified MHC/direct/fluorescence,Negative,,HLA-DQA1*01:01,15
ERAETGESKIVELEE,purified MHC/direct/fluorescence,Negative,,HLA-DQB1*05:01,15
ERAETGESKIVELEE,purified MHC/direct/fluorescence,Negative,,HLA-DQA1*05:01,15
ERAETGESKIVELEE,purified MHC/direct/fluorescence,Negative,,HLA-DQB1*02:01,15
ERAETGESKIVELEE,purified MHC/direct/fluorescence,Negative,,HLA-DQA1*01:02,15
ERAETGESKIVELEE,purified MHC/direct/fluorescence,Negative,,HLA-DQB1*06:02,15
ERAETGESKIVELEE,purified MHC/direct/fluorescence,Negative,,HLA-DQA1*03:01,15
ERAETGESKIVELEE,purified MHC/direct/fluorescence,Negative,,HLA-DQB1*03:02,15
LRGIPGPVGEQGLPG,purified MHC/direct/fluorescence,Negative,,HLA-DQB1*02:01,15
LRGIPGPVGEQGLPG,purified MHC/direct/fluorescence,Negative,,HLA-DQB1*06:02,15
KDGPPGLRGFPGDRG,purified MHC/direct/fluorescence,Negative,,HLA-DQB1*02:01,15
KDGPPGLRGFPGDRG,purified MHC/direct/fluorescence,Negative,,HLA-DQB1*06:02,15
PPGPQGPIGYPGPRG,purified MHC/direct/fluorescence,Negative,,HLA-DQB1*02:01,15
PPGPQGPIGYPGPRG,purified MHC/direct/fluorescence,Negative,,HLA-DQB1*06:02,15
PGPRGVKGADGIRGL,purified MHC/direct/fluorescence,Negative,,HLA-DQB1*02:01,15
PGPRGVKGADGIRGL,purified MHC/direct/fluorescence,Negative,,HLA-DQB1*06:02,15
AALHPFALLLVLAGWK,purified MHC/direct/fluorescence,Negative,10000.0,HLA-DQA1*01:03/DQB1*06:03,16
AEMETESWIVDRQWA,purified MHC/direct/fluorescence,Negative,10000.0,HLA-DQA1*01:03/DQB1*06:03,15
AEMVIHHQHVQDCDE,purified MHC/direct/fluorescence,Negative,10000.0,HLA-DQA1*01:03/DQB1*06:03,15
AHLAEENEGDNACKR,purified MHC/direct/fluorescence,Negative,10000.0,HLA-DQA1*01:03/DQB1*06:03,15
AMTDTTPFGQQRVFK,purified MHC/direct/fluorescence,Negative,10000.0,HLA-DQA1*01:03/DQB1*06:03,15
AREKNPRLCTKEEFI,purified MHC/direct/fluorescence,Negative,10000.0,HLA-DQA1*01:03/DQB1*06:03,15
ASLMRGLSSRKRRSH,purified MHC/direct/fluorescence,Negative,10000.0,HLA-DQA1*01:03/DQB1*06:03,15
CKRTYSDRGWGNGCG,purified MHC/direct/fluorescence,Negative,10000.0,HLA-DQA1*01:03/DQB1*06:03,15
CSCRDQSEAQLALTI,purified MHC/direct/fluorescence,Negative,10000.0,HLA-DQA1*01:03/DQB1*06:03,15
CTKEEFIAKVRSHAA,purified MHC/direct/fluorescence,Negative,10000.0,HLA-DQA1*01:03/DQB1*06:03,15
CYNAVLTHVKINDKC,purified MHC/direct/fluorescence,Negative,10000.0,HLA-DQA1*01:03/DQB1*06:03,15
DGCWYPMEIRPRKTHHHHHHH,purified MHC/direct/fluorescence,Negative,10000.0,HLA-DQA1*01:03/DQB1*06:03,21
DIVEVDRDTARRHLA,purified MHC/direct/fluorescence,Negative,10000.0,HLA-DQA1*01:03/DQB1*06:03,15
DLDDEQEILNYMSPH,purified MHC/direct/fluorescence,Negative,10000.0,HLA-DQA1*01:03/DQB1*06:03,15
DLPTHENHGLKTRQE,purified MHC/direct/fluorescence,Negative,10000.0,HLA-DQA1*01:03/DQB1*06:03,15
DLTLPWQSGSGGVWR,purified MHC/direct/fluorescence,Negative,10000.0,HLA-DQA1*01:03/DQB1*06:03,15
DLVAYGGSWKLEGRW,purified MHC/direct/fluorescence,Negative,10000.0,HLA-DQA1*01:03/DQB1*06:03,15
DPRQGLAVLRKVKRV,purified MHC/direct/fluorescence,Negative,10000.0,HLA-DQA1*01:03/DQB1*06:03,15
DRDFIEGVHGGTWVS,purified MHC/direct/fluorescence,Negative,10000.0,HLA-DQA1*01:03/DQB1*06:03,15
DRYSVDADLQLGELI,purified MHC/direct/fluorescence,Negative,10000.0,HLA-DQA1*01:03/DQB1*06:03,15
DVPYLTKRQDKLCGS,purified MHC/direct/fluorescence,Negative,10000.0,HLA-DQA1*01:03/DQB1*06:03,15
EAKYWCPDSMEYNCP,purified MHC/direct/fluorescence,Negative,10000.0,HLA-DQA1*01:03/DQB1*06:03,15
EDHWASRENSGGGVE,purified MHC/direct/fluorescence,Negative,10000.0,HLA-DQA1*01:03/DQB1*06:03,15
EENEGDNACKRTYSD,purified MHC/direct/fluorescence,Negative,10000.0,HLA-DQA1*01:03/DQB1*06:03,15
EEPDDIDCWCYGVEN,purified MHC/direct/fluorescence,Negative,10000.0,HLA-DQA1*01:03/DQB1*06:03,15
EQEILNYMSPHHKKLHHHHHH,purified MHC/direct/fluorescence,Negative,10000.0,HLA-DQA1*01:03/DQB1*06:03,21
EVWNRVWITNNPHMQ,purified MHC/direct/fluorescence,Negative,10000.0,HLA-DQA1*01:03/DQB1*06:03,15
FEVDQTKIQYVIRAQ,purified MHC/direct/fluorescence,Negative,10000.0,HLA-DQA1*01:03/DQB1*06:03,15
FFFLFNILTGKKITA,purified MHC/direct/fluorescence,Negative,10000.0,HLA-DQA1*01:03/DQB1*06:03,15
FFFLFNILTGKKITAHHHHHH,purified MHC/direct/fluorescence,Negative,10000.0,HLA-DQA1*01:03/DQB1*06:03,21
FIFFFLFNI,purified MHC/direct/fluorescence,Negative,10000.0,HLA-DQA1*01:03/DQB1*06:03,9
FIGYGKATLECQVQTKK,purified MHC/direct/fluorescence,Negative,10000.0,HLA-DQA1*01:03/DQB1*06:03,17
FNILTGKKITAHLKR,purified MHC/direct/fluorescence,Negative,10000.0,HLA-DQA1*01:03/DQB1*06:03,15
FNILTGKKITAHLKRHHHHHH,purified MHC/direct/fluorescence,Negative,10000.0,HLA-DQA1*01:03/DQB1*06:03,21
FRHLAREKNPRLCTK,purified MHC/direct/fluorescence,Negative,10000.0,HLA-DQA1*01:03/DQB1*06:03,15
FTLGRDGHEKPMNVQ,purified MHC/direct/fluorescence,Negative,10000.0,HLA-DQA1*01:03/DQB1*06:03,15
GAGKTRRFLPQILAEHHHHHH,purified MHC/direct/fluorescence,Negative,10000.0,HLA-DQA1*01:03/DQB1*06:03,21
GCGLFGKGSIVACAK,purified MHC/direct/fluorescence,Negative,10000.0,HLA-DQA1*01:03/DQB1*06:03,15
GCNRLKRMAVSGDDC,purified MHC/direct/fluorescence,Negative,10000.0,HLA-DQA1*01:03/DQB1*06:03,15
GDNACKRTYSDRGWG,purified MHC/direct/fluorescence,Negative,10000.0,HLA-DQA1*01:03/DQB1*06:03,15
GGKAYMDVISRRDQR,purified MHC/direct/fluorescence,Negative,10000.0,HLA-DQA1*01:03/DQB1*06:03,15
GKCDSAGRSRRSRRA,purified MHC/direct/fluorescence,Negative,10000.0,HLA-DQA1*01:03/DQB1*06:03,15
GLAVLRKVKRVVASL,purified MHC/direct/fluorescence,Negative,10000.0,HLA-DQA1*01:03/DQB1*06:03,15
GLKTRQEKWMTGRMG,purified MHC/direct/fluorescence,Negative,10000.0,HLA-DQA1*01:03/DQB1*06:03,15
GQQRVFKEKVDTRAK,purified MHC/direct/fluorescence,Negative,10000.0,HLA-DQA1*01:03/DQB1*06:03,15
GRRGAAEVLVVLSEL,purified MHC/direct/fluorescence,Negative,10000.0,HLA-DQA1*01:03/DQB1*06:03,15
GSFIIDGKSRKECPF,purified MHC/direct/fluorescence,Negative,10000.0,HLA-DQA1*01:03/DQB1*06:03,15
GSGGVWREMHHLVEF,purified MHC/direct/fluorescence,Negative,10000.0,HLA-DQA1*01:03/DQB1*06:03,15
GSRAIWYMWLGARYLHHHHHH,purified MHC/direct/fluorescence,Negative,10000.0,HLA-DQA1*01:03/DQB1*06:03,21
GVEGIGLQYLGYVIRK,purified MHC/direct/fluorescence,Negative,10000.0,HLA-DQA1*01:03/DQB1*06:03,16
GVTLVRKNRWLLLNV,purified MHC/direct/fluorescence,Negative,10000.0,HLA-DQA1*01:03/DQB1*06:03,15
GWGNGCGLFGKGSIV,purified MHC/direct/fluorescence,Negative,10000.0,HLA-DQA1*01:03/DQB1*06:03,15
HDWILADKRPTAWFLHHHHHH,purified MHC/direct/fluorescence,Negative,10000.0,HLA-DQA1*01:03/DQB1*06:03,21
HENHGLKTRQEKWMT,purified MHC/direct/fluorescence,Negative,10000.0,HLA-DQA1*01:03/DQB1*06:03,15
HHFHELQLKDGRRIV,purified MHC/direct/fluorescence,Negative,10000.0,HLA-DQA1*01:03/DQB1*06:03,15
HMQDKTMVKKWRDVP,purified MHC/direct/fluorescence,Negative,10000.0,HLA-DQA1*01:03/DQB1*06:03,15
HTMWHVTRGAFLVRNHHHHHH,purified MHC/direct/fluorescence,Negative,10000.0,HLA-DQA1*01:03/DQB1*06:03,21
HVGAKQENWNTDIKT,purified MHC/direct/fluorescence,Negative,10000.0,HLA-DQA1*01:03/DQB1*06:03,15
HVSCRVKLSALTLKG,purified MHC/direct/fluorescence,Negative,10000.0,HLA-DQA1*01:03/DQB1*06:03,15
IGITDRDFI,purified MHC/direct/fluorescence,Negative,10000.0,HLA-DQA1*01:03/DQB1*06:03,9
IGITDRDFIEGVHGG,purified MHC/direct/fluorescence,Negative,10000.0,HLA-DQA1*01:03/DQB1*06:03,15
IGRGRVSPGNGWMIK,purified MHC/direct/fluorescence,Negative,10000.0,HLA-DQA1*01:03/DQB1*06:03,15
IHHQHVQDCDESVLT,purified MHC/direct/fluorescence,Negative,10000.0,HLA-DQA1*01:03/DQB1*06:03,15
IMGAVLIWV,purified MHC/direct/fluorescence,Negative,10000.0,HLA-DQA1*01:03/DQB1*06:03,9
ITAHLKRLWKMLDPR,purified MHC/direct/fluorescence,Negative,10000.0,HLA-DQA1*01:03/DQB1*06:03,15
IWYMWLGARYLEFEAHHHHHH,purified MHC/direct/fluorescence,Negative,10000.0,HLA-DQA1*01:03/DQB1*06:03,21
KFDALSGSQEVEFIG,purified MHC/direct/fluorescence,Negative,10000.0,HLA-DQA1*01:03/DQB1*06:03,15
KIERWFVRNPFFAVT,purified MHC/direct/fluorescence,Negative,10000.0,HLA-DQA1*01:03/DQB1*06:03,15
KKCDESVLTRLEAWLTE,purified MHC/direct/fluorescence,Negative,10000.0,HLA-DQA1*01:03/DQB1*06:03,17
KKFEENEVDISVVVQDP,purified MHC/direct/fluorescence,Negative,10000.0,HLA-DQA1*01:03/DQB1*06:03,17
KKGAAWTVYVGIVTMLSK,purified MHC/direct/fluorescence,Negative,10000.0,HLA-DQA1*01:03/DQB1*06:03,18
KKITKVIMGAVLIWVGI,purified MHC/direct/fluorescence,Negative,10000.0,HLA-DQA1*01:03/DQB1*06:03,17
KKKGTMRASALILIEAG,purified MHC/direct/fluorescence,Negative,10000.0,HLA-DQA1*01:03/DQB1*06:03,17
KKKKLALYLLLALSLAS,purified MHC/direct/fluorescence,Negative,10000.0,HLA-DQA1*01:03/DQB1*06:03,17
KKNGGDAMYMALIAAFS,purified MHC/direct/fluorescence,Negative,10000.0,HLA-DQA1*01:03/DQB1*06:03,17
KKPFALLLVLAGWLFHV,purified MHC/direct/fluorescence,Negative,10000.0,HLA-DQA1*01:03/DQB1*06:03,17
KKPIAVGGLLMMLVSVA,purified MHC/direct/fluorescence,Negative,10000.0,HLA-DQA1*01:03/DQB1*06:03,17
KKPTGKVTLEADVILPI,purified MHC/direct/fluorescence,Negative,10000.0,HLA-DQA1*01:03/DQB1*06:03,17
KKRGNHYAFVGVMYNLW,purified MHC/direct/fluorescence,Negative,10000.0,HLA-DQA1*01:03/DQB1*06:03,17
KKSAHGSPTFWMGSH,purified MHC/direct/fluorescence,Negative,10000.0,HLA-DQA1*01:03/DQB1*06:03,15
KKSALTLKGTSYKICTD,purified MHC/direct/fluorescence,Negative,10000.0,HLA-DQA1*01:03/DQB1*06:03,17
KKTHISYIMLIFFVLMV,purified MHC/direct/fluorescence,Negative,10000.0,HLA-DQA1*01:03/DQB1*06:03,17
KKWIKVEYGNLSLSGIA,purified MHC/direct/fluorescence,Negative,10000.0,HLA-DQA1*01:03/DQB1*06:03,17
KKWRDVPYLTKRQDK,purified MHC/direct/fluorescence,Negative,10000.0,HLA-DQA1*01:03/DQB1*06:03,15
KLGEVSWEEEA,purified MHC/direct/fluorescence,Negative,10000.0,HLA-DQA1*01:03/DQB1*06:03,11
KNKVVKVLRPAPGGK,purified MHC/direct/fluorescence,Negative,10000.0,HLA-DQA1*01:03/DQB1*06:03,15
KQENWNTDIKTLKFD,purified MHC/direct/fluorescence,Negative,10000.0,HLA-DQA1*01:03/DQB1*06:03,15
KRQGPKQMLVGGVVL,purified MHC/direct/fluorescence,Negative,10000.0,HLA-DQA1*01:03/DQB1*06:03,15
KTFEREYPTIKQKKP,purified MHC/direct/fluorescence,Negative,10000.0,HLA-DQA1*01:03/DQB1*06:03,15
KTKNKTNWKQTWTFK,purified MHC/direct/fluorescence,Negative,10000.0,HLA-DQA1*01:03/DQB1*06:03,15
KTMVKKWRDVPYLTK,purified MHC/direct/fluorescence,Negative,10000.0,HLA-DQA1*01:03/DQB1*06:03,15
LIEVNPPFGDSYIIV,purified MHC/direct/fluorescence,Negative,10000.0,HLA-DQA1*01:03/DQB1*06:03,15
LKRLWKMLDPRQGLA,purified MHC/direct/fluorescence,Negative,10000.0,HLA-DQA1*01:03/DQB1*06:03,15
LKRLWKMLDPRQGLAHHHHHH,purified MHC/direct/fluorescence,Negative,10000.0,HLA-DQA1*01:03/DQB1*06:03,21
LLCGIGCAMLHWSLIK,purified MHC/direct/fluorescence,Negative,10000.0,HLA-DQA1*01:03/DQB1*06:03,16
LLDKRQFEL,purified MHC/direct/fluorescence,Negative,10000.0,HLA-DQA1*01:03/DQB1*06:03,9
LLKLTVAVGLHFHEM,purified MHC/direct/fluorescence,Negative,10000.0,HLA-DQA1*01:03/DQB1*06:03,15
LRKVKRVVASLMRGL,purified MHC/direct/fluorescence,Negative,10000.0,HLA-DQA1*01:03/DQB1*06:03,15
LRKVKRVVASLMRGLHHHHHH,purified MHC/direct/fluorescence,Negative,10000.0,HLA-DQA1*01:03/DQB1*06:03,21
LSGSQEVEFIGYGKA,purified MHC/direct/fluorescence,Negative,10000.0,HLA-DQA1*01:03/DQB1*06:03,15
LSPREEPDDIDCWCY,purified MHC/direct/fluorescence,Negative,10000.0,HLA-DQA1*01:03/DQB1*06:03,15
LTEHGCNRLKRMAVS,purified MHC/direct/fluorescence,Negative,10000.0,HLA-DQA1*01:03/DQB1*06:03,15
LTKRQDKLCGSLIGM,purified MHC/direct/fluorescence,Negative,10000.0,HLA-DQA1*01:03/DQB1*06:03,15
MAMGTMAGCGYLMFLK,purified MHC/direct/fluorescence,Negative,10000.0,HLA-DQA1*01:03/DQB1*06:03,16
MASHIHLVIHRIRTL,purified MHC/direct/fluorescence,Negative,10000.0,HLA-DQA1*01:03/DQB1*06:03,15
MEYLGHNAAGQWLEF,purified MHC/direct/fluorescence,Negative,10000.0,HLA-DQA1*01:03/DQB1*06:03,15
MKVVNRWLFRHLARE,purified MHC/direct/fluorescence,Negative,10000.0,HLA-DQA1*01:03/DQB1*06:03,15
MLSPMLHHWIKVEYG,purified MHC/direct/fluorescence,Negative,10000.0,HLA-DQA1*01:03/DQB1*06:03,15
MMTGRMGERQLQKIE,purified MHC/direct/fluorescence,Negative,10000.0,HLA-DQA1*01:03/DQB1*06:03,15
MTLKGTSYKICTDKM,purified MHC/direct/fluorescence,Negative,10000.0,HLA-DQA1*01:03/DQB1*06:03,15
MVLAGWLFHVRGARR,purified MHC/direct/fluorescence,Negative,10000.0,HLA-DQA1*01:03/DQB1*06:03,15
MWRSRADEINAIFEE,purified MHC/direct/fluorescence,Negative,10000.0,HLA-DQA1*01:03/DQB1*06:03,15
MYMWLGARYLEFEAL,purified MHC/direct/fluorescence,Negative,10000.0,HLA-DQA1*01:03/DQB1*06:03,15
NCPNLSPREEPDDID,purified MHC/direct/fluorescence,Negative,10000.0,HLA-DQA1*01:03/DQB1*06:03,15
NLYKLHGGHVSCRVK,purified MHC/direct/fluorescence,Negative,10000.0,HLA-DQA1*01:03/DQB1*06:03,15
NLYKLHGGHVSCRVKHHHHHH,purified MHC/direct/fluorescence,Negative,10000.0,HLA-DQA1*01:03/DQB1*06:03,21
NPFFAVTALTIAYLVKK,purified MHC/direct/fluorescence,Negative,10000.0,HLA-DQA1*01:03/DQB1*06:03,17
NPRLCTKEEFIAKVR,purified MHC/direct/fluorescence,Negative,10000.0,HLA-DQA1*01:03/DQB1*06:03,15
NRATWASHIHLVIHR,purified MHC/direct/fluorescence,Negative,10000.0,HLA-DQA1*01:03/DQB1*06:03,15
NSYIAEMETESWIVD,purified MHC/direct/fluorescence,Negative,10000.0,HLA-DQA1*01:03/DQB1*06:03,15
NSYIAEMETESWIVDKK,purified MHC/direct/fluorescence,Negative,10000.0,HLA-DQA1*01:03/DQB1*06:03,17
PCREQDELIGRGRVS,purified MHC/direct/fluorescence,Negative,10000.0,HLA-DQA1*01:03/DQB1*06:03,15
PFCSHHFHELQLKDG,purified MHC/direct/fluorescence,Negative,10000.0,HLA-DQA1*01:03/DQB1*06:03,15
PWQSGSGGVWREMHH,purified MHC/direct/fluorescence,Negative,10000.0,HLA-DQA1*01:03/DQB1*06:03,15
QDELIGRGRVSPGNG,purified MHC/direct/fluorescence,Negative,10000.0,HLA-DQA1*01:03/DQB1*06:03,15
QEVEFIGYGKATLECKK,purified MHC/direct/fluorescence,Negative,10000.0,HLA-DQA1*01:03/DQB1*06:03,17
QFELYKRTDIVEVDR,purified MHC/direct/fluorescence,Negative,10000.0,HLA-DQA1*01:03/DQB1*06:03,15
QKTKQIGNRPGPSRG,purified MHC/direct/fluorescence,Negative,10000.0,HLA-DQA1*01:03/DQB1*06:03,15
QPFLGLCAFLATRIFK,purified MHC/direct/fluorescence,Negative,10000.0,HLA-DQA1*01:03/DQB1*06:03,16
QRMFTREELIHFPEF,purified MHC/direct/fluorescence,Negative,10000.0,HLA-DQA1*01:03/DQB1*06:03,15
QTKIQYVIRAQLHVG,purified MHC/direct/fluorescence,Negative,10000.0,HLA-DQA1*01:03/DQB1*06:03,15
QWAQDLTLPWQSGSG,purified MHC/direct/fluorescence,Negative,10000.0,HLA-DQA1*01:03/DQB1*06:03,15
QWHKEGSSIGKLFTQ,purified MHC/direct/fluorescence,Negative,10000.0,HLA-DQA1*01:03/DQB1*06:03,15
QWHKEGSSIGKLFTQHHHHHH,purified MHC/direct/fluorescence,Negative,10000.0,HLA-DQA1*01:03/DQB1*06:03,21
RDGHEKPMNVQSLGW,purified MHC/direct/fluorescence,Negative,10000.0,HLA-DQA1*01:03/DQB1*06:03,15
RGLSSRKRRSHDVLT,purified MHC/direct/fluorescence,Negative,10000.0,HLA-DQA1*01:03/DQB1*06:03,15
RIEEVTRMAMTDTTP,purified MHC/direct/fluorescence,Negative,10000.0,HLA-DQA1*01:03/DQB1*06:03,15
RMAEAEMVIHHQHVQ,purified MHC/direct/fluorescence,Negative,10000.0,HLA-DQA1*01:03/DQB1*06:03,15
RPIDDRFGLAL,purified MHC/direct/fluorescence,Negative,10000.0,HLA-DQA1*01:03/DQB1*06:03,11
RQEKWMTGRMGERQL,purified MHC/direct/fluorescence,Negative,10000.0,HLA-DQA1*01:03/DQB1*06:03,15
RQLQKIERWFVRNPF,purified MHC/direct/fluorescence,Negative,10000.0,HLA-DQA1*01:03/DQB1*06:03,15
RRAIDLPTHENHGLK,purified MHC/direct/fluorescence,Negative,10000.0,HLA-DQA1*01:03/DQB1*06:03,15
RRGVRSLSNKIKQKTHHHHHH,purified MHC/direct/fluorescence,Negative,10000.0,HLA-DQA1*01:03/DQB1*06:03,21
RSHDVLTVQFLILGM,purified MHC/direct/fluorescence,Negative,10000.0,HLA-DQA1*01:03/DQB1*06:03,15
RSLSNKIKQKTKQIG,purified MHC/direct/fluorescence,Negative,10000.0,HLA-DQA1*01:03/DQB1*06:03,15
RTLIGQEKYTDYLTV,purified MHC/direct/fluorescence,Negative,10000.0,HLA-DQA1*01:03/DQB1*06:03,15
RVAYGKCDSAGRSRR,purified MHC/direct/fluorescence,Negative,10000.0,HLA-DQA1*01:03/DQB1*06:03,15
RVLDTVEKWLACGVD,purified MHC/direct/fluorescence,Negative,10000.0,HLA-DQA1*01:03/DQB1*06:03,15
RVSPGNGWMIKETAC,purified MHC/direct/fluorescence,Negative,10000.0,HLA-DQA1*01:03/DQB1*06:03,15
RYLEFEALGFLNEDH,purified MHC/direct/fluorescence,Negative,10000.0,HLA-DQA1*01:03/DQB1*06:03,15
SAGRSRRSRRAIDLP,purified MHC/direct/fluorescence,Negative,10000.0,HLA-DQA1*01:03/DQB1*06:03,15
SAHCIGITDRDFIEG,purified MHC/direct/fluorescence,Negative,10000.0,HLA-DQA1*01:03/DQB1*06:03,15
SIVACAKFTCAKSMS,purified MHC/direct/fluorescence,Negative,10000.0,HLA-DQA1*01:03/DQB1*06:03,15
SKAYANMWSLMYFHK,purified MHC/direct/fluorescence,Negative,10000.0,HLA-DQA1*01:03/DQB1*06:03,15
SLLWNGPMAVSMTGVK,purified MHC/direct/fluorescence,Negative,10000.0,HLA-DQA1*01:03/DQB1*06:03,16
SMEYNCPNLSPREEP,purified MHC/direct/fluorescence,Negative,10000.0,HLA-DQA1*01:03/DQB1*06:03,15
SMSLFEVDQTKIQYV,purified MHC/direct/fluorescence,Negative,10000.0,HLA-DQA1*01:03/DQB1*06:03,15
SNMTQRVVIALLVLAKK,purified MHC/direct/fluorescence,Negative,10000.0,HLA-DQA1*01:03/DQB1*06:03,17
STGEAHLAEENEGDN,purified MHC/direct/fluorescence,Negative,10000.0,HLA-DQA1*01:03/DQB1*06:03,15
SVVVQDPKNVYQRGTHHHHHH,purified MHC/direct/fluorescence,Negative,10000.0,HLA-DQA1*01:03/DQB1*06:03,21
TAKLRWFHERGYVKL,purified MHC/direct/fluorescence,Negative,10000.0,HLA-DQA1*01:03/DQB1*06:03,15
TESWIVDRQWAQDLT,purified MHC/direct/fluorescence,Negative,10000.0,HLA-DQA1*01:03/DQB1*06:03,15
TLEALDYKECEWPLT,purified MHC/direct/fluorescence,Negative,10000.0,HLA-DQA1*01:03/DQB1*06:03,15
TLEQDKCVTVMAPDK,purified MHC/direct/fluorescence,Negative,10000.0,HLA-DQA1*01:03/DQB1*06:03,15
TLTYRMLEPTRVVNW,purified MHC/direct/fluorescence,Negative,10000.0,HLA-DQA1*01:03/DQB1*06:03,15
TMAEVRLAAMFFCAVKK,purified MHC/direct/fluorescence,Negative,10000.0,HLA-DQA1*01:03/DQB1*06:03,17
TNDNNLYKLHGGHVS,purified MHC/direct/fluorescence,Negative,10000.0,HLA-DQA1*01:03/DQB1*06:03,15
TNILEAKYWCPDSME,purified MHC/direct/fluorescence,Negative,10000.0,HLA-DQA1*01:03/DQB1*06:03,15
TNNPHMQDKTMVKKW,purified MHC/direct/fluorescence,Negative,10000.0,HLA-DQA1*01:03/DQB1*06:03,15
TRKIMKVVNRWLFRHHHHHH,purified MHC/direct/fluorescence,Negative,10000.0,HLA-DQA1*01:03/DQB1*06:03,20
TRRFLPQILAECARRHHHHHH,purified MHC/direct/fluorescence,Negative,10000.0,HLA-DQA1*01:03/DQB1*06:03,21
TTPFGQQRVFKEKVD,purified MHC/direct/fluorescence,Negative,10000.0,HLA-DQA1*01:03/DQB1*06:03,15
VAIDRPAEVRKVCYN,purified MHC/direct/fluorescence,Negative,10000.0,HLA-DQA1*01:03/DQB1*06:03,15
VEIALGGVMGGLWKY,purified MHC/direct/fluorescence,Negative,10000.0,HLA-DQA1*01:03/DQB1*06:03,15
VIGLYGNGILVGDNS,purified MHC/direct/fluorescence,Negative,10000.0,HLA-DQA1*01:03/DQB1*06:03,15
VKINDKCPSTGEAHL,purified MHC/direct/fluorescence,Negative,10000.0,HLA-DQA1*01:03/DQB1*06:03,15
VLALGNQEGSLKTAL,purified MHC/direct/fluorescence,Negative,10000.0,HLA-DQA1*01:03/DQB1*06:03,15
VLAVGPAYSAHCIGI,purified MHC/direct/fluorescence,Negative,10000.0,HLA-DQA1*01:03/DQB1*06:03,15
VLTRLEAWLTEHGCN,purified MHC/direct/fluorescence,Negative,10000.0,HLA-DQA1*01:03/DQB1*06:03,15
VNMVRRGVRSLSNKI,purified MHC/direct/fluorescence,Negative,10000.0,HLA-DQA1*01:03/DQB1*06:03,15
VQDPKFWELVDEERK,purified MHC/direct/fluorescence,Negative,10000.0,HLA-DQA1*01:03/DQB1*06:03,15
VRKNRWLLLNVTSED,purified MHC/direct/fluorescence,Negative,10000.0,HLA-DQA1*01:03/DQB1*06:03,15
VTKDTNDNNLYKLHG,purified MHC/direct/fluorescence,Negative,10000.0,HLA-DQA1*01:03/DQB1*06:03,15
VWKRELNLLDKRQFE,purified MHC/direct/fluorescence,Negative,10000.0,HLA-DQA1*01:03/DQB1*06:03,15
WASHIHLVIHRIRTL,purified MHC/direct/fluorescence,Negative,10000.0,HLA-DQA1*01:03/DQB1*06:03,15
WCPDSMEYNCPNLSP,purified MHC/direct/fluorescence,Negative,10000.0,HLA-DQA1*01:03/DQB1*06:03,15
WKMLDPRQGLAVLRK,purified MHC/direct/fluorescence,Negative,10000.0,HLA-DQA1*01:03/DQB1*06:03,15
WLACGVDNFCVKVLAK,purified MHC/direct/fluorescence,Negative,10000.0,HLA-DQA1*01:03/DQB1*06:03,16
WLSWQVAKAGLKTND,purified MHC/direct/fluorescence,Negative,10000.0,HLA-DQA1*01:03/DQB1*06:03,15
WMTGRMGERQLQKIE,purified MHC/direct/fluorescence,Negative,10000.0,HLA-DQA1*01:03/DQB1*06:03,15
WSIHGKGEWMTTEDM,purified MHC/direct/fluorescence,Negative,10000.0,HLA-DQA1*01:03/DQB1*06:03,15
YAFVGVMYNLWKMKTK,purified MHC/direct/fluorescence,Negative,10000.0,HLA-DQA1*01:03/DQB1*06:03,16
YDNDNPYRTWHYCGS,purified MHC/direct/fluorescence,Negative,10000.0,HLA-DQA1*01:03/DQB1*06:03,15
YKRTDIVEVDRDTAR,purified MHC/direct/fluorescence,Negative,10000.0,HLA-DQA1*01:03/DQB1*06:03,15
YLIIGILTL,purified MHC/direct/fluorescence,Negative,10000.0,HLA-DQA1*01:03/DQB1*06:03,9
YPWDRIEEVTRMAMT,purified MHC/direct/fluorescence,Negative,10000.0,HLA-DQA1*01:03/DQB1*06:03,15
YSDRGWGNGCGLFGK,purified MHC/direct/fluorescence,Negative,10000.0,HLA-DQA1*01:03/DQB1*06:03,15
AALHPFALLLVLAGWK,purified MHC/direct/fluorescence,Negative,10000.0,HLA-DQA1*02:01/DQB1*03:03,16
AEMETESWIVDRQWA,purified MHC/direct/fluorescence,Negative,10000.0,HLA-DQA1*02:01/DQB1*03:03,15
AHLAEENEGDNACKR,purified MHC/direct/fluorescence,Negative,10000.0,HLA-DQA1*02:01/DQB1*03:03,15
ALYEKKLALYLLLAL,purified MHC/direct/fluorescence,Negative,10000.0,HLA-DQA1*02:01/DQB1*03:03,15
AMSKVRKDISEWQPS,purified MHC/direct/fluorescence,Negative,10000.0,HLA-DQA1*02:01/DQB1*03:03,15
ANGKTLGEVWKRELN,purified MHC/direct/fluorescence,Negative,10000.0,HLA-DQA1*02:01/DQB1*03:03,15
AQQSKLAQRRVFHGV,purified MHC/direct/fluorescence,Negative,10000.0,HLA-DQA1*02:01/DQB1*03:03,15
AREKNPRLCTKEEFI,purified MHC/direct/fluorescence,Negative,10000.0,HLA-DQA1*02:01/DQB1*03:03,15
ASTNDDEVLIEVNPP,purified MHC/direct/fluorescence,Negative,10000.0,HLA-DQA1*02:01/DQB1*03:03,15
AVAANELGMLEKTKE,purified MHC/direct/fluorescence,Negative,10000.0,HLA-DQA1*02:01/DQB1*03:03,15
CAVVIIGVLHQNFKD,purified MHC/direct/fluorescence,Negative,10000.0,HLA-DQA1*02:01/DQB1*03:03,15
CKRTYSDRGWGNGCG,purified MHC/direct/fluorescence,Negative,10000.0,HLA-DQA1*02:01/DQB1*03:03,15
CYNAVLTHVKINDKC,purified MHC/direct/fluorescence,Negative,10000.0,HLA-DQA1*02:01/DQB1*03:03,15
DDEVLIEVNPPFGDS,purified MHC/direct/fluorescence,Negative,10000.0,HLA-DQA1*02:01/DQB1*03:03,15
DFLAKKGGEAMDTIS,purified MHC/direct/fluorescence,Negative,10000.0,HLA-DQA1*02:01/DQB1*03:03,15
DGGGFYADDTAGWDT,purified MHC/direct/fluorescence,Negative,10000.0,HLA-DQA1*02:01/DQB1*03:03,15
DIVEVDRDTARRHLA,purified MHC/direct/fluorescence,Negative,10000.0,HLA-DQA1*02:01/DQB1*03:03,15
DLDDEQEILNYMSPH,purified MHC/direct/fluorescence,Negative,10000.0,HLA-DQA1*02:01/DQB1*03:03,15
DLPTHENHGLKTRQE,purified MHC/direct/fluorescence,Negative,10000.0,HLA-DQA1*02:01/DQB1*03:03,15
DLTLPWQSGSGGVWR,purified MHC/direct/fluorescence,Negative,10000.0,HLA-DQA1*02:01/DQB1*03:03,15
DRDFIEGVHGGTWVS,purified MHC/direct/fluorescence,Negative,10000.0,HLA-DQA1*02:01/DQB1*03:03,15
DVALSEQGEFKLLSE,purified MHC/direct/fluorescence,Negative,10000.0,HLA-DQA1*02:01/DQB1*03:03,15
DVPYLTKRQDKLCGS,purified MHC/direct/fluorescence,Negative,10000.0,HLA-DQA1*02:01/DQB1*03:03,15
EAKYWCPDSMEYNCP,purified MHC/direct/fluorescence,Negative,10000.0,HLA-DQA1*02:01/DQB1*03:03,15
EDHWASRENSGGGVE,purified MHC/direct/fluorescence,Negative,10000.0,HLA-DQA1*02:01/DQB1*03:03,15
EENEGDNACKRTYSD,purified MHC/direct/fluorescence,Negative,10000.0,HLA-DQA1*02:01/DQB1*03:03,15
EEPDDIDCWCYGVEN,purified MHC/direct/fluorescence,Negative,10000.0,HLA-DQA1*02:01/DQB1*03:03,15
EFKLLSEEKVPWDQV,purified MHC/direct/fluorescence,Negative,10000.0,HLA-DQA1*02:01/DQB1*03:03,15
EGRKVAIKGPLRISA,purified MHC/direct/fluorescence,Negative,10000.0,HLA-DQA1*02:01/DQB1*03:03,15
ELNLLDKRQFELYKR,purified MHC/direct/fluorescence,Negative,10000.0,HLA-DQA1*02:01/DQB1*03:03,15
ERGYVKLEGRVIDLG,purified MHC/direct/fluorescence,Negative,10000.0,HLA-DQA1*02:01/DQB1*03:03,15
ERKLHQQGRCRTCVY,purified MHC/direct/fluorescence,Negative,10000.0,HLA-DQA1*02:01/DQB1*03:03,15
ETDKGPLDKEAIEER,purified MHC/direct/fluorescence,Negative,10000.0,HLA-DQA1*02:01/DQB1*03:03,15
FEALGFLNEDHWASR,purified MHC/direct/fluorescence,Negative,10000.0,HLA-DQA1*02:01/DQB1*03:03,15
FEVDQTKIQYVIRAQ,purified MHC/direct/fluorescence,Negative,10000.0,HLA-DQA1*02:01/DQB1*03:03,15
FFFLFNILTGKKITA,purified MHC/direct/fluorescence,Negative,10000.0,HLA-DQA1*02:01/DQB1*03:03,15
FHGSDGCWYPMEIRP,purified MHC/direct/fluorescence,Negative,10000.0,HLA-DQA1*02:01/DQB1*03:03,15
FNILTGKKITAHLKR,purified MHC/direct/fluorescence,Negative,10000.0,HLA-DQA1*02:01/DQB1*03:03,15
FRHLAREKNPRLCTK,purified MHC/direct/fluorescence,Negative,10000.0,HLA-DQA1*02:01/DQB1*03:03,15
FTLGRDGHEKPMNVQ,purified MHC/direct/fluorescence,Negative,10000.0,HLA-DQA1*02:01/DQB1*03:03,15
GAFLVRNGKKLIPSW,purified MHC/direct/fluorescence,Negative,10000.0,HLA-DQA1*02:01/DQB1*03:03,15
GAMRVTKDTNDNNLY,purified MHC/direct/fluorescence,Negative,10000.0,HLA-DQA1*02:01/DQB1*03:03,15
GCAINFGKRELKCGD,purified MHC/direct/fluorescence,Negative,10000.0,HLA-DQA1*02:01/DQB1*03:03,15
GCGLFGKGSIVACAK,purified MHC/direct/fluorescence,Negative,10000.0,HLA-DQA1*02:01/DQB1*03:03,15
GDNACKRTYSDRGWG,purified MHC/direct/fluorescence,Negative,10000.0,HLA-DQA1*02:01/DQB1*03:03,15
GEMRLRDDQRKVFRE,purified MHC/direct/fluorescence,Negative,10000.0,HLA-DQA1*02:01/DQB1*03:03,15
GETVKCRAPGGAKKP,purified MHC/direct/fluorescence,Negative,10000.0,HLA-DQA1*02:01/DQB1*03:03,15
GGKAYMDVISRRDQR,purified MHC/direct/fluorescence,Negative,10000.0,HLA-DQA1*02:01/DQB1*03:03,15
GKCDSAGRSRRSRRA,purified MHC/direct/fluorescence,Negative,10000.0,HLA-DQA1*02:01/DQB1*03:03,15
GKEELQEIPTMLKKG,purified MHC/direct/fluorescence,Negative,10000.0,HLA-DQA1*02:01/DQB1*03:03,15
GKNLVFSPGRKNGSF,purified MHC/direct/fluorescence,Negative,10000.0,HLA-DQA1*02:01/DQB1*03:03,15
GLAVLRKVKRVVASL,purified MHC/direct/fluorescence,Negative,10000.0,HLA-DQA1*02:01/DQB1*03:03,15
GLFGGLNWITKVIMG,purified MHC/direct/fluorescence,Negative,10000.0,HLA-DQA1*02:01/DQB1*03:03,15
GPLDKEAIEERVERI,purified MHC/direct/fluorescence,Negative,10000.0,HLA-DQA1*02:01/DQB1*03:03,15
GQQRVFKEKVDTRAK,purified MHC/direct/fluorescence,Negative,10000.0,HLA-DQA1*02:01/DQB1*03:03,15
GRKNGSFIIDGKSRK,purified MHC/direct/fluorescence,Negative,10000.0,HLA-DQA1*02:01/DQB1*03:03,15
GRVIDLGCGRGGWCY,purified MHC/direct/fluorescence,Negative,10000.0,HLA-DQA1*02:01/DQB1*03:03,15
GSGGVWREMHHLVEF,purified MHC/direct/fluorescence,Negative,10000.0,HLA-DQA1*02:01/DQB1*03:03,15
GTKTPVSPGEMRLRD,purified MHC/direct/fluorescence,Negative,10000.0,HLA-DQA1*02:01/DQB1*03:03,15
GVKGFTLGRDGHEKP,purified MHC/direct/fluorescence,Negative,10000.0,HLA-DQA1*02:01/DQB1*03:03,15
GVKPTHISYIMLIFF,purified MHC/direct/fluorescence,Negative,10000.0,HLA-DQA1*02:01/DQB1*03:03,15
GVMYNLWKMKTGRRG,purified MHC/direct/fluorescence,Negative,10000.0,HLA-DQA1*02:01/DQB1*03:03,15
GVTLVRKNRWLLLNV,purified MHC/direct/fluorescence,Negative,10000.0,HLA-DQA1*02:01/DQB1*03:03,15
GWGNGCGLFGKGSIV,purified MHC/direct/fluorescence,Negative,10000.0,HLA-DQA1*02:01/DQB1*03:03,15
HDWILADKRPTAWFL,purified MHC/direct/fluorescence,Negative,10000.0,HLA-DQA1*02:01/DQB1*03:03,15
HGVAKNPVVDGNPTV,purified MHC/direct/fluorescence,Negative,10000.0,HLA-DQA1*02:01/DQB1*03:03,15
HISYVMLIFFV,purified MHC/direct/fluorescence,Negative,10000.0,HLA-DQA1*02:01/DQB1*03:03,11
HMQDKTMVKKWRDVP,purified MHC/direct/fluorescence,Negative,10000.0,HLA-DQA1*02:01/DQB1*03:03,15
HQQGRCRTCVYNMMG,purified MHC/direct/fluorescence,Negative,10000.0,HLA-DQA1*02:01/DQB1*03:03,15
HVGAKQENWNTDIKT,purified MHC/direct/fluorescence,Negative,10000.0,HLA-DQA1*02:01/DQB1*03:03,15
IAMEVVLRKRQGPKQ,purified MHC/direct/fluorescence,Negative,10000.0,HLA-DQA1*02:01/DQB1*03:03,15
IDGNCDGRGKSTRST,purified MHC/direct/fluorescence,Negative,10000.0,HLA-DQA1*02:01/DQB1*03:03,15
IEEAPEMPALYEKKL,purified MHC/direct/fluorescence,Negative,10000.0,HLA-DQA1*02:01/DQB1*03:03,15
IGITDRDFIEGVHGG,purified MHC/direct/fluorescence,Negative,10000.0,HLA-DQA1*02:01/DQB1*03:03,15
IIEECEHLEDGIYGI,purified MHC/direct/fluorescence,Negative,10000.0,HLA-DQA1*02:01/DQB1*03:03,15
IITFKDKTDIHRLEP,purified MHC/direct/fluorescence,Negative,10000.0,HLA-DQA1*02:01/DQB1*03:03,15
IIVGRGDSRLTYQWH,purified MHC/direct/fluorescence,Negative,10000.0,HLA-DQA1*02:01/DQB1*03:03,15
IRDGLQYGWKTWGKN,purified MHC/direct/fluorescence,Negative,10000.0,HLA-DQA1*02:01/DQB1*03:03,15
IRNPLSRNSTHEMYY,purified MHC/direct/fluorescence,Negative,10000.0,HLA-DQA1*02:01/DQB1*03:03,15
ITAHLKRLWKMLDPR,purified MHC/direct/fluorescence,Negative,10000.0,HLA-DQA1*02:01/DQB1*03:03,15
ITEADLDDEQEILNY,purified MHC/direct/fluorescence,Negative,10000.0,HLA-DQA1*02:01/DQB1*03:03,15
IVDRQWAQDLTLPWQ,purified MHC/direct/fluorescence,Negative,10000.0,HLA-DQA1*02:01/DQB1*03:03,15
IWYMWLGARYLEFEAKK,purified MHC/direct/fluorescence,Negative,10000.0,HLA-DQA1*02:01/DQB1*03:03,17
KCRAPGGAKKPLRPR,purified MHC/direct/fluorescence,Negative,10000.0,HLA-DQA1*02:01/DQB1*03:03,15
KFDALSGSQEVEFIG,purified MHC/direct/fluorescence,Negative,10000.0,HLA-DQA1*02:01/DQB1*03:03,15
KFWELVDEERKLHQQ,purified MHC/direct/fluorescence,Negative,10000.0,HLA-DQA1*02:01/DQB1*03:03,15
KIERWFVRNPFFAVT,purified MHC/direct/fluorescence,Negative,10000.0,HLA-DQA1*02:01/DQB1*03:03,15
KKPLRPRWCDERVSS,purified MHC/direct/fluorescence,Negative,10000.0,HLA-DQA1*02:01/DQB1*03:03,15
KKVGQVTLLDLLKLTVA,purified MHC/direct/fluorescence,Negative,10000.0,HLA-DQA1*02:01/DQB1*03:03,17
KKWIKVEYGNLSLSGIA,purified MHC/direct/fluorescence,Negative,10000.0,HLA-DQA1*02:01/DQB1*03:03,17
KKWRDVPYLTKRQDK,purified MHC/direct/fluorescence,Negative,10000.0,HLA-DQA1*02:01/DQB1*03:03,15
KLAQRRVFHGVAKNP,purified MHC/direct/fluorescence,Negative,10000.0,HLA-DQA1*02:01/DQB1*03:03,15
KLGEVSWEEEAEISG,purified MHC/direct/fluorescence,Negative,10000.0,HLA-DQA1*02:01/DQB1*03:03,15
KTFEREYPTIKQKKP,purified MHC/direct/fluorescence,Negative,10000.0,HLA-DQA1*02:01/DQB1*03:03,15
KTKNKTNWKQTWTFK,purified MHC/direct/fluorescence,Negative,10000.0,HLA-DQA1*02:01/DQB1*03:03,15
KTMVKKWRDVPYLTK,purified MHC/direct/fluorescence,Negative,10000.0,HLA-DQA1*02:01/DQB1*03:03,15
KVDTRAKDPPAGTRK,purified MHC/direct/fluorescence,Negative,10000.0,HLA-DQA1*02:01/DQB1*03:03,15
KWCFEGPEEHEILND,purified MHC/direct/fluorescence,Negative,10000.0,HLA-DQA1*02:01/DQB1*03:03,15
KYSYYPEDPVKLASI,purified MHC/direct/fluorescence,Negative,10000.0,HLA-DQA1*02:01/DQB1*03:03,15
LDKRQFELYKRTDIV,purified MHC/direct/fluorescence,Negative,10000.0,HLA-DQA1*02:01/DQB1*03:03,15
LELKKLGEVSWEEEA,purified MHC/direct/fluorescence,Negative,10000.0,HLA-DQA1*02:01/DQB1*03:03,15
LEPVKCDTLLCDIGE,purified MHC/direct/fluorescence,Negative,10000.0,HLA-DQA1*02:01/DQB1*03:03,15
LLKLTVAVGLHFHEM,purified MHC/direct/fluorescence,Negative,10000.0,HLA-DQA1*02:01/DQB1*03:03,15
LLMRRMRRPTGKVTL,purified MHC/direct/fluorescence,Negative,10000.0,HLA-DQA1*02:01/DQB1*03:03,15
LLVLAGWLFHVRGAR,purified MHC/direct/fluorescence,Negative,10000.0,HLA-DQA1*02:01/DQB1*03:03,15
LQYGWKTWGKNLVFS,purified MHC/direct/fluorescence,Negative,10000.0,HLA-DQA1*02:01/DQB1*03:03,15
LRDDQRKVFRELVRN,purified MHC/direct/fluorescence,Negative,10000.0,HLA-DQA1*02:01/DQB1*03:03,15
LSPREEPDDIDCWCY,purified MHC/direct/fluorescence,Negative,10000.0,HLA-DQA1*02:01/DQB1*03:03,15
LTEHGCNRLKRMAVS,purified MHC/direct/fluorescence,Negative,10000.0,HLA-DQA1*02:01/DQB1*03:03,15
LVDEERKLHQQGRCR,purified MHC/direct/fluorescence,Negative,10000.0,HLA-DQA1*02:01/DQB1*03:03,15
MAFQEMENFLGPIAV,purified MHC/direct/fluorescence,Negative,10000.0,HLA-DQA1*02:01/DQB1*03:03,15
MHHLVEFEPPHAATI,purified MHC/direct/fluorescence,Negative,10000.0,HLA-DQA1*02:01/DQB1*03:03,15
MKTGRRGSANGKTLG,purified MHC/direct/fluorescence,Negative,10000.0,HLA-DQA1*02:01/DQB1*03:03,15
MKVVNRWLFRHLARE,purified MHC/direct/fluorescence,Negative,10000.0,HLA-DQA1*02:01/DQB1*03:03,15
MLEKTKEDLFGKKNL,purified MHC/direct/fluorescence,Negative,10000.0,HLA-DQA1*02:01/DQB1*03:03,15
MLSPMLHHWIKVEYG,purified MHC/direct/fluorescence,Negative,10000.0,HLA-DQA1*02:01/DQB1*03:03,15
MMGKREKKLSEFGKA,purified MHC/direct/fluorescence,Negative,10000.0,HLA-DQA1*02:01/DQB1*03:03,15
NCPNLSPREEPDDID,purified MHC/direct/fluorescence,Negative,10000.0,HLA-DQA1*02:01/DQB1*03:03,15
NFGKRELKCGDGIFI,purified MHC/direct/fluorescence,Negative,10000.0,HLA-DQA1*02:01/DQB1*03:03,15
NGVIKILTYPWDRIE,purified MHC/direct/fluorescence,Negative,10000.0,HLA-DQA1*02:01/DQB1*03:03,15
NKIKQKTKQIGNRPG,purified MHC/direct/fluorescence,Negative,10000.0,HLA-DQA1*02:01/DQB1*03:03,15
NLWKMKTGRRGSANG,purified MHC/direct/fluorescence,Negative,10000.0,HLA-DQA1*02:01/DQB1*03:03,15
NRWLFRHLAREKNPR,purified MHC/direct/fluorescence,Negative,10000.0,HLA-DQA1*02:01/DQB1*03:03,15
PFSRIRDGLQYGWKT,purified MHC/direct/fluorescence,Negative,10000.0,HLA-DQA1*02:01/DQB1*03:03,15
PTPKIIEECEHLEDG,purified MHC/direct/fluorescence,Negative,10000.0,HLA-DQA1*02:01/DQB1*03:03,15
PVSPGEMRLRDDQRK,purified MHC/direct/fluorescence,Negative,10000.0,HLA-DQA1*02:01/DQB1*03:03,15
QGFIFFFLFNILTGK,purified MHC/direct/fluorescence,Negative,10000.0,HLA-DQA1*02:01/DQB1*03:03,15
QRMFTREELIHFPEF,purified MHC/direct/fluorescence,Negative,10000.0,HLA-DQA1*02:01/DQB1*03:03,15
QVAKAGLKTNDRKWC,purified MHC/direct/fluorescence,Negative,10000.0,HLA-DQA1*02:01/DQB1*03:03,15
RADEINAIFEENEVD,purified MHC/direct/fluorescence,Negative,10000.0,HLA-DQA1*02:01/DQB1*03:03,15
RAKDPPAGTRKIMKV,purified MHC/direct/fluorescence,Negative,10000.0,HLA-DQA1*02:01/DQB1*03:03,15
RAQLHVGAKQENWNT,purified MHC/direct/fluorescence,Negative,10000.0,HLA-DQA1*02:01/DQB1*03:03,15
RCRTCVYNMMGKREK,purified MHC/direct/fluorescence,Negative,10000.0,HLA-DQA1*02:01/DQB1*03:03,15
RDSDDWLNKYSYYPE,purified MHC/direct/fluorescence,Negative,10000.0,HLA-DQA1*02:01/DQB1*03:03,15
RELKCGDGIFIFRDS,purified MHC/direct/fluorescence,Negative,10000.0,HLA-DQA1*02:01/DQB1*03:03,15
RGDSRLTYQWHKEGS,purified MHC/direct/fluorescence,Negative,10000.0,HLA-DQA1*02:01/DQB1*03:03,15
RGGMVAPLYGVEGTK,purified MHC/direct/fluorescence,Negative,10000.0,HLA-DQA1*02:01/DQB1*03:03,15
RGLSSRKRRSHDVLT,purified MHC/direct/fluorescence,Negative,10000.0,HLA-DQA1*02:01/DQB1*03:03,15
RIVVPCREQDELIGR,purified MHC/direct/fluorescence,Negative,10000.0,HLA-DQA1*02:01/DQB1*03:03,15
RLGKEFIRCLALPFR,purified MHC/direct/fluorescence,Negative,10000.0,HLA-DQA1*02:01/DQB1*03:03,15
RLTYQWHKEGSSIGK,purified MHC/direct/fluorescence,Negative,10000.0,HLA-DQA1*02:01/DQB1*03:03,15
RMGERQLQKIERWFV,purified MHC/direct/fluorescence,Negative,10000.0,HLA-DQA1*02:01/DQB1*03:03,15
RPGLLIGFGLRTLWS,purified MHC/direct/fluorescence,Negative,10000.0,HLA-DQA1*02:01/DQB1*03:03,15
RPRWCDERVSSDQSA,purified MHC/direct/fluorescence,Negative,10000.0,HLA-DQA1*02:01/DQB1*03:03,15
RQLQKIERWFVRNPF,purified MHC/direct/fluorescence,Negative,10000.0,HLA-DQA1*02:01/DQB1*03:03,15
RRAIDLPTHENHGLK,purified MHC/direct/fluorescence,Negative,10000.0,HLA-DQA1*02:01/DQB1*03:03,15
RRGRIGRNPNRDGDS,purified MHC/direct/fluorescence,Negative,10000.0,HLA-DQA1*02:01/DQB1*03:03,15
RRGSANGKTLGEVWK,purified MHC/direct/fluorescence,Negative,10000.0,HLA-DQA1*02:01/DQB1*03:03,15
RRVFHGVAKNPVVDG,purified MHC/direct/fluorescence,Negative,10000.0,HLA-DQA1*02:01/DQB1*03:03,15
RSLSNKIKQKTKQIG,purified MHC/direct/fluorescence,Negative,10000.0,HLA-DQA1*02:01/DQB1*03:03,15
RVAYGKCDSAGRSRR,purified MHC/direct/fluorescence,Negative,10000.0,HLA-DQA1*02:01/DQB1*03:03,15
RVDGLELKKLGEVSW,purified MHC/direct/fluorescence,Negative,10000.0,HLA-DQA1*02:01/DQB1*03:03,15
RWFHERGYVKLEGRV,purified MHC/direct/fluorescence,Negative,10000.0,HLA-DQA1*02:01/DQB1*03:03,15
RYLEFEALGFLNEDH,purified MHC/direct/fluorescence,Negative,10000.0,HLA-DQA1*02:01/DQB1*03:03,15
SAAQRRGRIGRNPNR,purified MHC/direct/fluorescence,Negative,10000.0,HLA-DQA1*02:01/DQB1*03:03,15
SAGRSRRSRRAIDLP,purified MHC/direct/fluorescence,Negative,10000.0,HLA-DQA1*02:01/DQB1*03:03,15
SAHCIGITDRDFIEG,purified MHC/direct/fluorescence,Negative,10000.0,HLA-DQA1*02:01/DQB1*03:03,15
SEQGEFKLLSEEKVP,purified MHC/direct/fluorescence,Negative,10000.0,HLA-DQA1*02:01/DQB1*03:03,15
SPWSWPDLDLKPGAA,purified MHC/direct/fluorescence,Negative,10000.0,HLA-DQA1*02:01/DQB1*03:03,15
SQTEVKEEGKEELQE,purified MHC/direct/fluorescence,Negative,10000.0,HLA-DQA1*02:01/DQB1*03:03,15
SRRSRRAIDLPTHEN,purified MHC/direct/fluorescence,Negative,10000.0,HLA-DQA1*02:01/DQB1*03:03,15
SVDSLEHEMWRSRAD,purified MHC/direct/fluorescence,Negative,10000.0,HLA-DQA1*02:01/DQB1*03:03,15
SVVVQDPKNVYQRGT,purified MHC/direct/fluorescence,Negative,10000.0,HLA-DQA1*02:01/DQB1*03:03,15
TAKLRWFHERGYVKL,purified MHC/direct/fluorescence,Negative,10000.0,HLA-DQA1*02:01/DQB1*03:03,15
TARRHLAEGKVDTGV,purified MHC/direct/fluorescence,Negative,10000.0,HLA-DQA1*02:01/DQB1*03:03,15
TESWIVDRQWAQDLT,purified MHC/direct/fluorescence,Negative,10000.0,HLA-DQA1*02:01/DQB1*03:03,15
TIKQKKPDFILATDI,purified MHC/direct/fluorescence,Negative,10000.0,HLA-DQA1*02:01/DQB1*03:03,15
TKEDLFGKKNLIPSS,purified MHC/direct/fluorescence,Negative,10000.0,HLA-DQA1*02:01/DQB1*03:03,15
TLEQDKCVTVMAPDK,purified MHC/direct/fluorescence,Negative,10000.0,HLA-DQA1*02:01/DQB1*03:03,15
TLGEVWKRELNLLDK,purified MHC/direct/fluorescence,Negative,10000.0,HLA-DQA1*02:01/DQB1*03:03,15
TMAEVRLAAMFFCAVKK,purified MHC/direct/fluorescence,Negative,10000.0,HLA-DQA1*02:01/DQB1*03:03,17
TMAGCGYLMFLGGVK,purified MHC/direct/fluorescence,Negative,10000.0,HLA-DQA1*02:01/DQB1*03:03,15
TNDNNLYKLHGGHVS,purified MHC/direct/fluorescence,Negative,10000.0,HLA-DQA1*02:01/DQB1*03:03,15
TNDRKWCFEGPEEHE,purified MHC/direct/fluorescence,Negative,10000.0,HLA-DQA1*02:01/DQB1*03:03,15
TNILEAKYWCPDSME,purified MHC/direct/fluorescence,Negative,10000.0,HLA-DQA1*02:01/DQB1*03:03,15
TNNPHMQDKTMVKKW,purified MHC/direct/fluorescence,Negative,10000.0,HLA-DQA1*02:01/DQB1*03:03,15
TRKIMKVVNRWLFRH,purified MHC/direct/fluorescence,Negative,10000.0,HLA-DQA1*02:01/DQB1*03:03,15
TRSVETDKGPLDKEA,purified MHC/direct/fluorescence,Negative,10000.0,HLA-DQA1*02:01/DQB1*03:03,15
TSWFYDNDNPYRTWH,purified MHC/direct/fluorescence,Negative,10000.0,HLA-DQA1*02:01/DQB1*03:03,15
TTPFGQQRVFKEKVD,purified MHC/direct/fluorescence,Negative,10000.0,HLA-DQA1*02:01/DQB1*03:03,15
TVEKWLACGVDNFCV,purified MHC/direct/fluorescence,Negative,10000.0,HLA-DQA1*02:01/DQB1*03:03,15
VDGNPTVDIEEAPEM,purified MHC/direct/fluorescence,Negative,10000.0,HLA-DQA1*02:01/DQB1*03:03,15
VDRDTARRHLAEGKV,purified MHC/direct/fluorescence,Negative,10000.0,HLA-DQA1*02:01/DQB1*03:03,15
VFKEKVDTRAKDPPA,purified MHC/direct/fluorescence,Negative,10000.0,HLA-DQA1*02:01/DQB1*03:03,15
VFSPGRKNGSFIIDG,purified MHC/direct/fluorescence,Negative,10000.0,HLA-DQA1*02:01/DQB1*03:03,15
VIGLYGNGILVGDNS,purified MHC/direct/fluorescence,Negative,10000.0,HLA-DQA1*02:01/DQB1*03:03,15
VIPEPGQQRSIQDNQ,purified MHC/direct/fluorescence,Negative,10000.0,HLA-DQA1*02:01/DQB1*03:03,15
VKINDKCPSTGEAHL,purified MHC/direct/fluorescence,Negative,10000.0,HLA-DQA1*02:01/DQB1*03:03,15
VKLEGRVIDLGCGRG,purified MHC/direct/fluorescence,Negative,10000.0,HLA-DQA1*02:01/DQB1*03:03,15
VLALGNQEGSLKTAL,purified MHC/direct/fluorescence,Negative,10000.0,HLA-DQA1*02:01/DQB1*03:03,15
VLNRKTFEREYPTIK,purified MHC/direct/fluorescence,Negative,10000.0,HLA-DQA1*02:01/DQB1*03:03,15
VLTHVKINDKCPSTG,purified MHC/direct/fluorescence,Negative,10000.0,HLA-DQA1*02:01/DQB1*03:03,15
VLVDEGRKVAIKGPL,purified MHC/direct/fluorescence,Negative,10000.0,HLA-DQA1*02:01/DQB1*03:03,15
VQDPKFWELVDEERK,purified MHC/direct/fluorescence,Negative,10000.0,HLA-DQA1*02:01/DQB1*03:03,15
VRKNRWLLLNVTSED,purified MHC/direct/fluorescence,Negative,10000.0,HLA-DQA1*02:01/DQB1*03:03,15
VTKDTNDNNLYKLHG,purified MHC/direct/fluorescence,Negative,10000.0,HLA-DQA1*02:01/DQB1*03:03,15
VWKRELNLLDKRQFE,purified MHC/direct/fluorescence,Negative,10000.0,HLA-DQA1*02:01/DQB1*03:03,15
VYMDAVFEYTIDCDG,purified MHC/direct/fluorescence,Negative,10000.0,HLA-DQA1*02:01/DQB1*03:03,15
WASHIHLVIHRIRTL,purified MHC/direct/fluorescence,Negative,10000.0,HLA-DQA1*02:01/DQB1*03:03,15
WCYGVENVRVAYGKC,purified MHC/direct/fluorescence,Negative,10000.0,HLA-DQA1*02:01/DQB1*03:03,15
WKLEGRWDGEEEVQL,purified MHC/direct/fluorescence,Negative,10000.0,HLA-DQA1*02:01/DQB1*03:03,15
WKMLDPRQGLAVLRK,purified MHC/direct/fluorescence,Negative,10000.0,HLA-DQA1*02:01/DQB1*03:03,15
WMTGRMGERQLQKIE,purified MHC/direct/fluorescence,Negative,10000.0,HLA-DQA1*02:01/DQB1*03:03,15
YDNDNPYRTWHYCGS,purified MHC/direct/fluorescence,Negative,10000.0,HLA-DQA1*02:01/DQB1*03:03,15
YGGSWKLEGRWDGEE,purified MHC/direct/fluorescence,Negative,10000.0,HLA-DQA1*02:01/DQB1*03:03,15
YMPDVLEKLELLQRR,purified MHC/direct/fluorescence,Negative,10000.0,HLA-DQA1*02:01/DQB1*03:03,15
YSDRGWGNGCGLFGK,purified MHC/direct/fluorescence,Negative,10000.0,HLA-DQA1*02:01/DQB1*03:03,15
AALHPFALLLVLAGWK,purified MHC/direct/fluorescence,Negative,10000.0,HLA-DQA1*05:01/DQB1*03:02,16
AASLRKAGKSVVVLNK,purified MHC/direct/fluorescence,Negative,10000.0,HLA-DQA1*05:01/DQB1*03:02,16
AEMETESWIVDRQWA,purified MHC/direct/fluorescence,Negative,10000.0,HLA-DQA1*05:01/DQB1*03:02,15
AGLKTNDRKWCFEGP,purified MHC/direct/fluorescence,Negative,10000.0,HLA-DQA1*05:01/DQB1*03:02,15
AHLAEENEGDNACKR,purified MHC/direct/fluorescence,Negative,10000.0,HLA-DQA1*05:01/DQB1*03:02,15
ALYEKKLALYLLLAL,purified MHC/direct/fluorescence,Negative,10000.0,HLA-DQA1*05:01/DQB1*03:02,15
ANEAVQDPKFWELVD,purified MHC/direct/fluorescence,Negative,10000.0,HLA-DQA1*05:01/DQB1*03:02,15
ANGKTLGEVWKRELN,purified MHC/direct/fluorescence,Negative,10000.0,HLA-DQA1*05:01/DQB1*03:02,15
ANVMAASLRKAGKSV,purified MHC/direct/fluorescence,Negative,10000.0,HLA-DQA1*05:01/DQB1*03:02,15
AQQSKLAQRRVFHGV,purified MHC/direct/fluorescence,Negative,10000.0,HLA-DQA1*05:01/DQB1*03:02,15
AREKNPRLCTKEEFI,purified MHC/direct/fluorescence,Negative,10000.0,HLA-DQA1*05:01/DQB1*03:02,15
ASLMRGLSSRKRRSH,purified MHC/direct/fluorescence,Negative,10000.0,HLA-DQA1*05:01/DQB1*03:02,15
CAVVIIGVLHQNFKD,purified MHC/direct/fluorescence,Negative,10000.0,HLA-DQA1*05:01/DQB1*03:02,15
CKRTYSDRGWGNGCG,purified MHC/direct/fluorescence,Negative,10000.0,HLA-DQA1*05:01/DQB1*03:02,15
DIVEVDRDTARRHLA,purified MHC/direct/fluorescence,Negative,10000.0,HLA-DQA1*05:01/DQB1*03:02,15
DLPTHENHGLKTRQE,purified MHC/direct/fluorescence,Negative,10000.0,HLA-DQA1*05:01/DQB1*03:02,15
DLTLPWQSGSGGVWR,purified MHC/direct/fluorescence,Negative,10000.0,HLA-DQA1*05:01/DQB1*03:02,15
DVALSEQGEFKLLSE,purified MHC/direct/fluorescence,Negative,10000.0,HLA-DQA1*05:01/DQB1*03:02,15
DVPYLTKRQDKLCGS,purified MHC/direct/fluorescence,Negative,10000.0,HLA-DQA1*05:01/DQB1*03:02,15
DWLNKYSYYPEDPVK,purified MHC/direct/fluorescence,Negative,10000.0,HLA-DQA1*05:01/DQB1*03:02,15
EDHWASRENSGGGVE,purified MHC/direct/fluorescence,Negative,10000.0,HLA-DQA1*05:01/DQB1*03:02,15
EENEGDNACKRTYSD,purified MHC/direct/fluorescence,Negative,10000.0,HLA-DQA1*05:01/DQB1*03:02,15
EGPEEHEILNDSGET,purified MHC/direct/fluorescence,Negative,10000.0,HLA-DQA1*05:01/DQB1*03:02,15
EHEILNDSGETVKCR,purified MHC/direct/fluorescence,Negative,10000.0,HLA-DQA1*05:01/DQB1*03:02,15
ELNLLDKRQFELYKR,purified MHC/direct/fluorescence,Negative,10000.0,HLA-DQA1*05:01/DQB1*03:02,15
EQEILNYMSPHHKKLHHHHHH,purified MHC/direct/fluorescence,Negative,10000.0,HLA-DQA1*05:01/DQB1*03:02,21
FFFLFNILTGKKITA,purified MHC/direct/fluorescence,Negative,10000.0,HLA-DQA1*05:01/DQB1*03:02,15
FFFLFNILTGKKITAHHHHHH,purified MHC/direct/fluorescence,Negative,10000.0,HLA-DQA1*05:01/DQB1*03:02,21
FIFFFLFNI,purified MHC/direct/fluorescence,Negative,10000.0,HLA-DQA1*05:01/DQB1*03:02,9
FNILTGKKITAHLKRHHHHHH,purified MHC/direct/fluorescence,Negative,10000.0,HLA-DQA1*05:01/DQB1*03:02,21
FRHLAREKNPRLCTK,purified MHC/direct/fluorescence,Negative,10000.0,HLA-DQA1*05:01/DQB1*03:02,15
FTLGRDGHEKPMNVQ,purified MHC/direct/fluorescence,Negative,10000.0,HLA-DQA1*05:01/DQB1*03:02,15
GCAINFGKRELKCGD,purified MHC/direct/fluorescence,Negative,10000.0,HLA-DQA1*05:01/DQB1*03:02,15
GDNACKRTYSDRGWG,purified MHC/direct/fluorescence,Negative,10000.0,HLA-DQA1*05:01/DQB1*03:02,15
GEMRLRDDQRKVFRE,purified MHC/direct/fluorescence,Negative,10000.0,HLA-DQA1*05:01/DQB1*03:02,15
GETVKCRAPGGAKKP,purified MHC/direct/fluorescence,Negative,10000.0,HLA-DQA1*05:01/DQB1*03:02,15
GKCDSAGRSRRSRRA,purified MHC/direct/fluorescence,Negative,10000.0,HLA-DQA1*05:01/DQB1*03:02,15
GKNLVFSPGRKNGSF,purified MHC/direct/fluorescence,Negative,10000.0,HLA-DQA1*05:01/DQB1*03:02,15
GLCAFLATRIFGRRS,purified MHC/direct/fluorescence,Negative,10000.0,HLA-DQA1*05:01/DQB1*03:02,15
GPLDKEAIEERVERI,purified MHC/direct/fluorescence,Negative,10000.0,HLA-DQA1*05:01/DQB1*03:02,15
GQQRVFKEKVDTRAK,purified MHC/direct/fluorescence,Negative,10000.0,HLA-DQA1*05:01/DQB1*03:02,15
GRKNGSFIIDGKSRK,purified MHC/direct/fluorescence,Negative,10000.0,HLA-DQA1*05:01/DQB1*03:02,15
GRVIDLGCGRGGWCY,purified MHC/direct/fluorescence,Negative,10000.0,HLA-DQA1*05:01/DQB1*03:02,15
GSRAIWYMWLGARYLHHHHHH,purified MHC/direct/fluorescence,Negative,10000.0,HLA-DQA1*05:01/DQB1*03:02,21
GTKTPVSPGEMRLRD,purified MHC/direct/fluorescence,Negative,10000.0,HLA-DQA1*05:01/DQB1*03:02,15
GVMYNLWKMKTGRRG,purified MHC/direct/fluorescence,Negative,10000.0,HLA-DQA1*05:01/DQB1*03:02,15
GVTLVRKNRWLLLNV,purified MHC/direct/fluorescence,Negative,10000.0,HLA-DQA1*05:01/DQB1*03:02,15
HDWILADKRPTAWFL,purified MHC/direct/fluorescence,Negative,10000.0,HLA-DQA1*05:01/DQB1*03:02,15
HMQDKTMVKKWRDVP,purified MHC/direct/fluorescence,Negative,10000.0,HLA-DQA1*05:01/DQB1*03:02,15
IAMEVVLRKRQGPKQ,purified MHC/direct/fluorescence,Negative,10000.0,HLA-DQA1*05:01/DQB1*03:02,15
IDGKSRKECPFSNRV,purified MHC/direct/fluorescence,Negative,10000.0,HLA-DQA1*05:01/DQB1*03:02,15
IDGNCDGRGKSTRST,purified MHC/direct/fluorescence,Negative,10000.0,HLA-DQA1*05:01/DQB1*03:02,15
IEEAPEMPALYEKKL,purified MHC/direct/fluorescence,Negative,10000.0,HLA-DQA1*05:01/DQB1*03:02,15
IFIFRDSDDWLNKYS,purified MHC/direct/fluorescence,Negative,10000.0,HLA-DQA1*05:01/DQB1*03:02,15
IGITDRDFI,purified MHC/direct/fluorescence,Negative,10000.0,HLA-DQA1*05:01/DQB1*03:02,9
IGITDRDFIEGVHGG,purified MHC/direct/fluorescence,Negative,10000.0,HLA-DQA1*05:01/DQB1*03:02,15
IGRNPNRDGDSYYYS,purified MHC/direct/fluorescence,Negative,10000.0,HLA-DQA1*05:01/DQB1*03:02,15
INAIFEENEVDISVV,purified MHC/direct/fluorescence,Negative,10000.0,HLA-DQA1*05:01/DQB1*03:02,15
IRDGLQYGWKTWGKN,purified MHC/direct/fluorescence,Negative,10000.0,HLA-DQA1*05:01/DQB1*03:02,15
ISASSAAQRRGRIGR,purified MHC/direct/fluorescence,Negative,10000.0,HLA-DQA1*05:01/DQB1*03:02,15
ITAHLKRLWKMLDPR,purified MHC/direct/fluorescence,Negative,10000.0,HLA-DQA1*05:01/DQB1*03:02,15
ITEADLDDEQEILNY,purified MHC/direct/fluorescence,Negative,10000.0,HLA-DQA1*05:01/DQB1*03:02,15
IWYMWLGARYLEFEAHHHHHH,purified MHC/direct/fluorescence,Negative,10000.0,HLA-DQA1*05:01/DQB1*03:02,21
KASFEEGKCGLNSVD,purified MHC/direct/fluorescence,Negative,10000.0,HLA-DQA1*05:01/DQB1*03:02,15
KCRAPGGAKKPLRPR,purified MHC/direct/fluorescence,Negative,10000.0,HLA-DQA1*05:01/DQB1*03:02,15
KEAIEERVERIKSEY,purified MHC/direct/fluorescence,Negative,10000.0,HLA-DQA1*05:01/DQB1*03:02,15
KFAEGRRGAAEVLVVK,purified MHC/direct/fluorescence,Negative,10000.0,HLA-DQA1*05:01/DQB1*03:02,16
KFWELVDEERKLHQQ,purified MHC/direct/fluorescence,Negative,10000.0,HLA-DQA1*05:01/DQB1*03:02,15
KILTYPWDRIEEVTR,purified MHC/direct/fluorescence,Negative,10000.0,HLA-DQA1*05:01/DQB1*03:02,15
KKDNQVAYLIIGILTLV,purified MHC/direct/fluorescence,Negative,10000.0,HLA-DQA1*05:01/DQB1*03:02,17
KKITKVIMGAVLIWVGI,purified MHC/direct/fluorescence,Negative,10000.0,HLA-DQA1*05:01/DQB1*03:02,17
KKKKLALYLLLALSLAS,purified MHC/direct/fluorescence,Negative,10000.0,HLA-DQA1*05:01/DQB1*03:02,17
KKPFALLLVLAGWLFHV,purified MHC/direct/fluorescence,Negative,10000.0,HLA-DQA1*05:01/DQB1*03:02,17
KKPLRPRWCDERVSS,purified MHC/direct/fluorescence,Negative,10000.0,HLA-DQA1*05:01/DQB1*03:02,15
KKTHISYIMLIFFVLMV,purified MHC/direct/fluorescence,Negative,10000.0,HLA-DQA1*05:01/DQB1*03:02,17
KKWRDVPYLTKRQDK,purified MHC/direct/fluorescence,Negative,10000.0,HLA-DQA1*05:01/DQB1*03:02,15
KNPVVDGNPTVDIEE,purified MHC/direct/fluorescence,Negative,10000.0,HLA-DQA1*05:01/DQB1*03:02,15
KSVVVLNRKTFEREY,purified MHC/direct/fluorescence,Negative,10000.0,HLA-DQA1*05:01/DQB1*03:02,15
KTFEREYPTIKQKKP,purified MHC/direct/fluorescence,Negative,10000.0,HLA-DQA1*05:01/DQB1*03:02,15
KTKNKTNWKQTWTFK,purified MHC/direct/fluorescence,Negative,10000.0,HLA-DQA1*05:01/DQB1*03:02,15
KTMVKKWRDVPYLTK,purified MHC/direct/fluorescence,Negative,10000.0,HLA-DQA1*05:01/DQB1*03:02,15
KVDTRAKDPPAGTRK,purified MHC/direct/fluorescence,Negative,10000.0,HLA-DQA1*05:01/DQB1*03:02,15
LDYKECEWPLTHTIG,purified MHC/direct/fluorescence,Negative,10000.0,HLA-DQA1*05:01/DQB1*03:02,15
LELKKLGEVSWEEEA,purified MHC/direct/fluorescence,Negative,10000.0,HLA-DQA1*05:01/DQB1*03:02,15
LHGGHVSCRVKLSAL,purified MHC/direct/fluorescence,Negative,10000.0,HLA-DQA1*05:01/DQB1*03:02,15
LLCGIGCAMLHWSLIK,purified MHC/direct/fluorescence,Negative,10000.0,HLA-DQA1*05:01/DQB1*03:02,16
LLDKRQFEL,purified MHC/direct/fluorescence,Negative,10000.0,HLA-DQA1*05:01/DQB1*03:02,9
LLVLAGWLFHVRGAR,purified MHC/direct/fluorescence,Negative,10000.0,HLA-DQA1*05:01/DQB1*03:02,15
LMTGGVTLVRKNRWL,purified MHC/direct/fluorescence,Negative,10000.0,HLA-DQA1*05:01/DQB1*03:02,15
LNDSGETVKCRAPGG,purified MHC/direct/fluorescence,Negative,10000.0,HLA-DQA1*05:01/DQB1*03:02,15
LNVTSEDLGKTFSVG,purified MHC/direct/fluorescence,Negative,10000.0,HLA-DQA1*05:01/DQB1*03:02,15
LQEIPTMLKKGMTTV,purified MHC/direct/fluorescence,Negative,10000.0,HLA-DQA1*05:01/DQB1*03:02,15
LRDDQRKVFRELVRN,purified MHC/direct/fluorescence,Negative,10000.0,HLA-DQA1*05:01/DQB1*03:02,15
LSPREEPDDIDCWCY,purified MHC/direct/fluorescence,Negative,10000.0,HLA-DQA1*05:01/DQB1*03:02,15
LVDEERKLHQQGRCR,purified MHC/direct/fluorescence,Negative,10000.0,HLA-DQA1*05:01/DQB1*03:02,15
MGGLWKYLNAVSLCIHHHHHH,purified MHC/direct/fluorescence,Negative,10000.0,HLA-DQA1*05:01/DQB1*03:02,21
MLEKTKEDLFGKKNL,purified MHC/direct/fluorescence,Negative,10000.0,HLA-DQA1*05:01/DQB1*03:02,15
MLHHWIKVEYGNLSL,purified MHC/direct/fluorescence,Negative,10000.0,HLA-DQA1*05:01/DQB1*03:02,15
MMTGRMGERQLQKIE,purified MHC/direct/fluorescence,Negative,10000.0,HLA-DQA1*05:01/DQB1*03:02,15
MRSMPFLRKTRWTFL,purified MHC/direct/fluorescence,Negative,10000.0,HLA-DQA1*05:01/DQB1*03:02,15
MSIHGKGEWMTTEDM,purified MHC/direct/fluorescence,Negative,10000.0,HLA-DQA1*05:01/DQB1*03:02,15
NFGKRELKCGDGIFI,purified MHC/direct/fluorescence,Negative,10000.0,HLA-DQA1*05:01/DQB1*03:02,15
NKIKQKTKQIGNRPG,purified MHC/direct/fluorescence,Negative,10000.0,HLA-DQA1*05:01/DQB1*03:02,15
NKTKNKTNWKQTWTF,purified MHC/direct/fluorescence,Negative,10000.0,HLA-DQA1*05:01/DQB1*03:02,15
NLCVERVLDCRTAFK,purified MHC/direct/fluorescence,Negative,10000.0,HLA-DQA1*05:01/DQB1*03:02,15
NLWKMKTGRRGSANG,purified MHC/direct/fluorescence,Negative,10000.0,HLA-DQA1*05:01/DQB1*03:02,15
NPRLCTKEEFIAKVR,purified MHC/direct/fluorescence,Negative,10000.0,HLA-DQA1*05:01/DQB1*03:02,15
PGGAKKPLRPRWCDE,purified MHC/direct/fluorescence,Negative,10000.0,HLA-DQA1*05:01/DQB1*03:02,15
PIVNRNGEVIGLYGN,purified MHC/direct/fluorescence,Negative,10000.0,HLA-DQA1*05:01/DQB1*03:02,15
PNRDGDSYYYSEPTS,purified MHC/direct/fluorescence,Negative,10000.0,HLA-DQA1*05:01/DQB1*03:02,15
PSEPWNTGHDWILAD,purified MHC/direct/fluorescence,Negative,10000.0,HLA-DQA1*05:01/DQB1*03:02,15
PTRVVNWEVIIMDEA,purified MHC/direct/fluorescence,Negative,10000.0,HLA-DQA1*05:01/DQB1*03:02,15
PVSPGEMRLRDDQRK,purified MHC/direct/fluorescence,Negative,10000.0,HLA-DQA1*05:01/DQB1*03:02,15
QGFIFFFLFNILTGK,purified MHC/direct/fluorescence,Negative,10000.0,HLA-DQA1*05:01/DQB1*03:02,15
QKTKQIGNRPGPSRG,purified MHC/direct/fluorescence,Negative,10000.0,HLA-DQA1*05:01/DQB1*03:02,15
QTDIPSEPWNTGHDW,purified MHC/direct/fluorescence,Negative,10000.0,HLA-DQA1*05:01/DQB1*03:02,15
QTSRLLMRRMRRPTG,purified MHC/direct/fluorescence,Negative,10000.0,HLA-DQA1*05:01/DQB1*03:02,15
QVAKAGLKTNDRKWC,purified MHC/direct/fluorescence,Negative,10000.0,HLA-DQA1*05:01/DQB1*03:02,15
RAKDPPAGTRKIMKV,purified MHC/direct/fluorescence,Negative,10000.0,HLA-DQA1*05:01/DQB1*03:02,15
RAQLHVGAKQENWNT,purified MHC/direct/fluorescence,Negative,10000.0,HLA-DQA1*05:01/DQB1*03:02,15
RDSDDWLNKYSYYPE,purified MHC/direct/fluorescence,Negative,10000.0,HLA-DQA1*05:01/DQB1*03:02,15
REYPTIKQKKPDFIL,purified MHC/direct/fluorescence,Negative,10000.0,HLA-DQA1*05:01/DQB1*03:02,15
RGDSRLTYQWHKEGS,purified MHC/direct/fluorescence,Negative,10000.0,HLA-DQA1*05:01/DQB1*03:02,15
RGLSSRKRRSHDVLT,purified MHC/direct/fluorescence,Negative,10000.0,HLA-DQA1*05:01/DQB1*03:02,15
RLTYQWHKEGSSIGK,purified MHC/direct/fluorescence,Negative,10000.0,HLA-DQA1*05:01/DQB1*03:02,15
RMGERQLQKIERWFV,purified MHC/direct/fluorescence,Negative,10000.0,HLA-DQA1*05:01/DQB1*03:02,15
RNGEVIGLYGNGILV,purified MHC/direct/fluorescence,Negative,10000.0,HLA-DQA1*05:01/DQB1*03:02,15
RPIDDRFGLAL,purified MHC/direct/fluorescence,Negative,10000.0,HLA-DQA1*05:01/DQB1*03:02,11
RQEKWMTGRMGERQL,purified MHC/direct/fluorescence,Negative,10000.0,HLA-DQA1*05:01/DQB1*03:02,15
RRAIDLPTHENHGLK,purified MHC/direct/fluorescence,Negative,10000.0,HLA-DQA1*05:01/DQB1*03:02,15
RRGRIGRNPNRDGDS,purified MHC/direct/fluorescence,Negative,10000.0,HLA-DQA1*05:01/DQB1*03:02,15
RRGVRSLSNKIKQKTHHHHHH,purified MHC/direct/fluorescence,Negative,10000.0,HLA-DQA1*05:01/DQB1*03:02,21
RSLSNKIKQKTKQIG,purified MHC/direct/fluorescence,Negative,10000.0,HLA-DQA1*05:01/DQB1*03:02,15
RSTTDSGKVIPEWCC,purified MHC/direct/fluorescence,Negative,10000.0,HLA-DQA1*05:01/DQB1*03:02,15
RTLIGQEKYTDYLTV,purified MHC/direct/fluorescence,Negative,10000.0,HLA-DQA1*05:01/DQB1*03:02,15
RVAYGKCDSAGRSRR,purified MHC/direct/fluorescence,Negative,10000.0,HLA-DQA1*05:01/DQB1*03:02,15
SAAQRRGRIGRNPNR,purified MHC/direct/fluorescence,Negative,10000.0,HLA-DQA1*05:01/DQB1*03:02,15
SAGRSRRSRRAIDLP,purified MHC/direct/fluorescence,Negative,10000.0,HLA-DQA1*05:01/DQB1*03:02,15
SGDVLWDIPTPKIIE,purified MHC/direct/fluorescence,Negative,10000.0,HLA-DQA1*05:01/DQB1*03:02,15
SLDISLETVAIDRPA,purified MHC/direct/fluorescence,Negative,10000.0,HLA-DQA1*05:01/DQB1*03:02,15
SNGEIEDVQTDIPSE,purified MHC/direct/fluorescence,Negative,10000.0,HLA-DQA1*05:01/DQB1*03:02,15
SNMTQRVVIALLVLAKK,purified MHC/direct/fluorescence,Negative,10000.0,HLA-DQA1*05:01/DQB1*03:02,17
SPWSWPDLDLKPGAA,purified MHC/direct/fluorescence,Negative,10000.0,HLA-DQA1*05:01/DQB1*03:02,15
SVDSLEHEMWRSRAD,purified MHC/direct/fluorescence,Negative,10000.0,HLA-DQA1*05:01/DQB1*03:02,15
SVVVQDPKNVYQRGT,purified MHC/direct/fluorescence,Negative,10000.0,HLA-DQA1*05:01/DQB1*03:02,15
TGKKITAHLKRLWKM,purified MHC/direct/fluorescence,Negative,10000.0,HLA-DQA1*05:01/DQB1*03:02,15
TLEALDYKECEWPLT,purified MHC/direct/fluorescence,Negative,10000.0,HLA-DQA1*05:01/DQB1*03:02,15
TRKIMKVVNRWLFRHHHHHH,purified MHC/direct/fluorescence,Negative,10000.0,HLA-DQA1*05:01/DQB1*03:02,20
TRSVETDKGPLDKEA,purified MHC/direct/fluorescence,Negative,10000.0,HLA-DQA1*05:01/DQB1*03:02,15
TVEKWLACGVDNFCV,purified MHC/direct/fluorescence,Negative,10000.0,HLA-DQA1*05:01/DQB1*03:02,15
TVYVGIVTMLSPMLHK,purified MHC/direct/fluorescence,Negative,10000.0,HLA-DQA1*05:01/DQB1*03:02,16
VALDYPSGTSGSPIV,purified MHC/direct/fluorescence,Negative,10000.0,HLA-DQA1*05:01/DQB1*03:02,15
VAPLYGVEGTKTPVS,purified MHC/direct/fluorescence,Negative,10000.0,HLA-DQA1*05:01/DQB1*03:02,15
VFKEKVDTRAKDPPA,purified MHC/direct/fluorescence,Negative,10000.0,HLA-DQA1*05:01/DQB1*03:02,15
VLEKLELLQRRFGGT,purified MHC/direct/fluorescence,Negative,10000.0,HLA-DQA1*05:01/DQB1*03:02,15
VLNRKTFEREYPTIK,purified MHC/direct/fluorescence,Negative,10000.0,HLA-DQA1*05:01/DQB1*03:02,15
VLTHVKINDKCPSTG,purified MHC/direct/fluorescence,Negative,10000.0,HLA-DQA1*05:01/DQB1*03:02,15
VLVDEGRKVAIKGPL,purified MHC/direct/fluorescence,Negative,10000.0,HLA-DQA1*05:01/DQB1*03:02,15
VQDPKFWELVDEERK,purified MHC/direct/fluorescence,Negative,10000.0,HLA-DQA1*05:01/DQB1*03:02,15
VTKDTNDNNLYKLHG,purified MHC/direct/fluorescence,Negative,10000.0,HLA-DQA1*05:01/DQB1*03:02,15
VWKRELNLLDKRQFE,purified MHC/direct/fluorescence,Negative,10000.0,HLA-DQA1*05:01/DQB1*03:02,15
WKLEGRWDGEEEVQL,purified MHC/direct/fluorescence,Negative,10000.0,HLA-DQA1*05:01/DQB1*03:02,15
WMTGRMGERQLQKIE,purified MHC/direct/fluorescence,Negative,10000.0,HLA-DQA1*05:01/DQB1*03:02,15
WVPQGRTTWSIHGKG,purified MHC/direct/fluorescence,Negative,10000.0,HLA-DQA1*05:01/DQB1*03:02,15
YLIIGILTL,purified MHC/direct/fluorescence,Negative,10000.0,HLA-DQA1*05:01/DQB1*03:02,9
YMPDVLEKLELLQRR,purified MHC/direct/fluorescence,Negative,10000.0,HLA-DQA1*05:01/DQB1*03:02,15
YPMEIRPRKTHESHL,purified MHC/direct/fluorescence,Negative,10000.0,HLA-DQA1*05:01/DQB1*03:02,15
PQQPQQSFPQQQRP,purified MHC/direct/fluorescence,Negative,,HLA-DQA1*05:01/DQB1*02:01,14
GIIQPQQPAQL,purified MHC/direct/fluorescence,Negative,,HLA-DQA1*05:01/DQB1*02:01,11
FPQQPQQPYPQQP,purified MHC/direct/fluorescence,Negative,,HLA-DQA1*05:01/DQB1*02:01,13
QQPPFSQQQQPVLPQ,purified MHC/direct/fluorescence,Negative,,HLA-DQA1*05:01/DQB1*02:01,15
QPQYSKPEQPI,purified MHC/competitive/fluorescence,Negative,200000.0,HLA-DQA1*02:01/DQB1*02:01,11
QPQYSQPKQPI,purified MHC/competitive/fluorescence,Negative,200000.0,HLA-DQA1*02:01/DQB1*02:01,11
PQAQGSKQPQELP,purified MHC/competitive/fluorescence,Negative,200000.0,HLA-DQA1*02:01/DQB1*02:01,13
PQAQGSVQKQELP,purified MHC/competitive/fluorescence,Negative,200000.0,HLA-DQA1*02:01/DQB1*02:01,13
PRYFNQLSTGLDMVG,cellular MHC/competitive/fluorescence,Negative,50000.0,HLA-DQA1*03:01/DQB1*03:02,15
FQQDKHYDLSYDTGD,cellular MHC/competitive/fluorescence,Negative,50000.0,HLA-DQA1*03:01/DQB1*03:02,15
AKGTTGFEAHVDKCL,cellular MHC/competitive/fluorescence,Negative,50000.0,HLA-DQA1*03:01/DQB1*03:02,15
YIPPSLRTLEDNEE,cellular MHC/competitive/fluorescence,Negative,50000.0,HLA-DQA1*03:01/DQB1*03:02,14
AHLAEENEGDNACKR,purified MHC/direct/fluorescence,Negative,10000.0,HLA-DQA1*01:02/DQB1*05:01,15
ALVGAALHPFALLLV,purified MHC/direct/fluorescence,Negative,10000.0,HLA-DQA1*01:02/DQB1*05:01,15
ALYEKKLALYLLLAL,purified MHC/direct/fluorescence,Negative,10000.0,HLA-DQA1*01:02/DQB1*05:01,15
AREKNPRLCTKEEFI,purified MHC/direct/fluorescence,Negative,10000.0,HLA-DQA1*01:02/DQB1*05:01,15
ARGWAAHRARANESA,purified MHC/direct/fluorescence,Negative,10000.0,HLA-DQA1*01:02/DQB1*05:01,15
ASIAARGWAAHRARA,purified MHC/direct/fluorescence,Negative,10000.0,HLA-DQA1*01:02/DQB1*05:01,15
ASIVKASFEEGKCGL,purified MHC/direct/fluorescence,Negative,10000.0,HLA-DQA1*01:02/DQB1*05:01,15
ASRENSGGGVEGIGL,purified MHC/direct/fluorescence,Negative,10000.0,HLA-DQA1*01:02/DQB1*05:01,15
ATPPGTSDEFPHSNG,purified MHC/direct/fluorescence,Negative,10000.0,HLA-DQA1*01:02/DQB1*05:01,15
CSCRDQSEAQLALTI,purified MHC/direct/fluorescence,Negative,10000.0,HLA-DQA1*01:02/DQB1*05:01,15
DIVEVDRDTARRHLA,purified MHC/direct/fluorescence,Negative,10000.0,HLA-DQA1*01:02/DQB1*05:01,15
DKCPSTGEAHLAEEN,purified MHC/direct/fluorescence,Negative,10000.0,HLA-DQA1*01:02/DQB1*05:01,15
DLPTHENHGLKTRQE,purified MHC/direct/fluorescence,Negative,10000.0,HLA-DQA1*01:02/DQB1*05:01,15
DRDFIEGVHGGTWVS,purified MHC/direct/fluorescence,Negative,10000.0,HLA-DQA1*01:02/DQB1*05:01,15
DRYSVDADLQLGELI,purified MHC/direct/fluorescence,Negative,10000.0,HLA-DQA1*01:02/DQB1*05:01,15
DTAGWDTRITEADLD,purified MHC/direct/fluorescence,Negative,10000.0,HLA-DQA1*01:02/DQB1*05:01,15
DVALSEQGEFKLLSE,purified MHC/direct/fluorescence,Negative,10000.0,HLA-DQA1*01:02/DQB1*05:01,15
DWLNKYSYYPEDPVK,purified MHC/direct/fluorescence,Negative,10000.0,HLA-DQA1*01:02/DQB1*05:01,15
EDHWASRENSGGGVE,purified MHC/direct/fluorescence,Negative,10000.0,HLA-DQA1*01:02/DQB1*05:01,15
EENEGDNACKRTYSD,purified MHC/direct/fluorescence,Negative,10000.0,HLA-DQA1*01:02/DQB1*05:01,15
EEQEQWKTANEAVQD,purified MHC/direct/fluorescence,Negative,10000.0,HLA-DQA1*01:02/DQB1*05:01,15
EFPHSNGEIEDVQTD,purified MHC/direct/fluorescence,Negative,10000.0,HLA-DQA1*01:02/DQB1*05:01,15
EGPEEHEILNDSGET,purified MHC/direct/fluorescence,Negative,10000.0,HLA-DQA1*01:02/DQB1*05:01,15
EGRKVAIKGPLRISA,purified MHC/direct/fluorescence,Negative,10000.0,HLA-DQA1*01:02/DQB1*05:01,15
ERKLHQQGRCRTCVY,purified MHC/direct/fluorescence,Negative,10000.0,HLA-DQA1*01:02/DQB1*05:01,15
ETDKGPLDKEAIEER,purified MHC/direct/fluorescence,Negative,10000.0,HLA-DQA1*01:02/DQB1*05:01,15
EVDISVVVQDPKNVY,purified MHC/direct/fluorescence,Negative,10000.0,HLA-DQA1*01:02/DQB1*05:01,15
FFFLFNILTGKKITA,purified MHC/direct/fluorescence,Negative,10000.0,HLA-DQA1*01:02/DQB1*05:01,15
FFFLFNILTGKKITAHHHHHH,purified MHC/direct/fluorescence,Negative,10000.0,HLA-DQA1*01:02/DQB1*05:01,21
FHGSDGCWYPMEIRP,purified MHC/direct/fluorescence,Negative,10000.0,HLA-DQA1*01:02/DQB1*05:01,15
FIFFFLFNI,purified MHC/direct/fluorescence,Negative,10000.0,HLA-DQA1*01:02/DQB1*05:01,9
FNILTGKKITAHLKRHHHHHH,purified MHC/direct/fluorescence,Negative,10000.0,HLA-DQA1*01:02/DQB1*05:01,21
FSSAGGFFTSVGKGI,purified MHC/direct/fluorescence,Negative,10000.0,HLA-DQA1*01:02/DQB1*05:01,15
FTLGRDGHEKPMNVQ,purified MHC/direct/fluorescence,Negative,10000.0,HLA-DQA1*01:02/DQB1*05:01,15
FYADDTAGWDTRITE,purified MHC/direct/fluorescence,Negative,10000.0,HLA-DQA1*01:02/DQB1*05:01,15
GAYLEEQEQWKTANE,purified MHC/direct/fluorescence,Negative,10000.0,HLA-DQA1*01:02/DQB1*05:01,15
GCAINFGKRELKCGD,purified MHC/direct/fluorescence,Negative,10000.0,HLA-DQA1*01:02/DQB1*05:01,15
GEMRLRDDQRKVFRE,purified MHC/direct/fluorescence,Negative,10000.0,HLA-DQA1*01:02/DQB1*05:01,15
GETVKCRAPGGAKKP,purified MHC/direct/fluorescence,Negative,10000.0,HLA-DQA1*01:02/DQB1*05:01,15
GKAKGSRAIWYMWLG,purified MHC/direct/fluorescence,Negative,10000.0,HLA-DQA1*01:02/DQB1*05:01,15
GKCDSAGRSRRSRRA,purified MHC/direct/fluorescence,Negative,10000.0,HLA-DQA1*01:02/DQB1*05:01,15
GKSTRSTTDSGKVIP,purified MHC/direct/fluorescence,Negative,10000.0,HLA-DQA1*01:02/DQB1*05:01,15
GLCAFLATRIFGRRS,purified MHC/direct/fluorescence,Negative,10000.0,HLA-DQA1*01:02/DQB1*05:01,15
GLKTRQEKWMTGRMG,purified MHC/direct/fluorescence,Negative,10000.0,HLA-DQA1*01:02/DQB1*05:01,15
GNCTTNILEAKYWCP,purified MHC/direct/fluorescence,Negative,10000.0,HLA-DQA1*01:02/DQB1*05:01,15
GPAYSAHCIGITDRD,purified MHC/direct/fluorescence,Negative,10000.0,HLA-DQA1*01:02/DQB1*05:01,15
GRGGWCYYAAAQKEV,purified MHC/direct/fluorescence,Negative,10000.0,HLA-DQA1*01:02/DQB1*05:01,15
GRKNGSFIIDGKSRK,purified MHC/direct/fluorescence,Negative,10000.0,HLA-DQA1*01:02/DQB1*05:01,15
GRTTWSIHGKGEWMT,purified MHC/direct/fluorescence,Negative,10000.0,HLA-DQA1*01:02/DQB1*05:01,15
GSRAIWYMWLGARYL,purified MHC/direct/fluorescence,Negative,10000.0,HLA-DQA1*01:02/DQB1*05:01,15
GSRAIWYMWLGARYLHHHHHH,purified MHC/direct/fluorescence,Negative,10000.0,HLA-DQA1*01:02/DQB1*05:01,21
GTKTPVSPGEMRLRD,purified MHC/direct/fluorescence,Negative,10000.0,HLA-DQA1*01:02/DQB1*05:01,15
GTSDEFPHSNGEIED,purified MHC/direct/fluorescence,Negative,10000.0,HLA-DQA1*01:02/DQB1*05:01,15
GVAQGGVFHTMWHVT,purified MHC/direct/fluorescence,Negative,10000.0,HLA-DQA1*01:02/DQB1*05:01,15
GVTLVRKNRWLLLNV,purified MHC/direct/fluorescence,Negative,10000.0,HLA-DQA1*01:02/DQB1*05:01,15
GWGNGCGLFGKGSIV,purified MHC/direct/fluorescence,Negative,10000.0,HLA-DQA1*01:02/DQB1*05:01,15
HVGAKQENWNTDIKT,purified MHC/direct/fluorescence,Negative,10000.0,HLA-DQA1*01:02/DQB1*05:01,15
HVTRGAFLVRNGKKL,purified MHC/direct/fluorescence,Negative,10000.0,HLA-DQA1*01:02/DQB1*05:01,15
IDGKSRKECPFSNRV,purified MHC/direct/fluorescence,Negative,10000.0,HLA-DQA1*01:02/DQB1*05:01,15
IDGNCDGRGKSTRST,purified MHC/direct/fluorescence,Negative,10000.0,HLA-DQA1*01:02/DQB1*05:01,15
IGGPVSSHNHIPGYK,purified MHC/direct/fluorescence,Negative,10000.0,HLA-DQA1*01:02/DQB1*05:01,15
IGITDRDFI,purified MHC/direct/fluorescence,Negative,10000.0,HLA-DQA1*01:02/DQB1*05:01,9
IGITDRDFIEGVHGG,purified MHC/direct/fluorescence,Negative,10000.0,HLA-DQA1*01:02/DQB1*05:01,15
IGRNPNRDGDSYYYS,purified MHC/direct/fluorescence,Negative,10000.0,HLA-DQA1*01:02/DQB1*05:01,15
IMGAVLIWV,purified MHC/direct/fluorescence,Negative,10000.0,HLA-DQA1*01:02/DQB1*05:01,9
IRDGLQYGWKTWGKN,purified MHC/direct/fluorescence,Negative,10000.0,HLA-DQA1*01:02/DQB1*05:01,15
IRPRKTHESHLVRSW,purified MHC/direct/fluorescence,Negative,10000.0,HLA-DQA1*01:02/DQB1*05:01,15
ITEADLDDEQEILNY,purified MHC/direct/fluorescence,Negative,10000.0,HLA-DQA1*01:02/DQB1*05:01,15
IWYMWLGARYLEFEAHHHHHH,purified MHC/direct/fluorescence,Negative,10000.0,HLA-DQA1*01:02/DQB1*05:01,21
IWYMWLGARYLEFEAKK,purified MHC/direct/fluorescence,Negative,10000.0,HLA-DQA1*01:02/DQB1*05:01,17
KDGRRIVVPCREQDE,purified MHC/direct/fluorescence,Negative,10000.0,HLA-DQA1*01:02/DQB1*05:01,15
KEAIEERVERIKSEY,purified MHC/direct/fluorescence,Negative,10000.0,HLA-DQA1*01:02/DQB1*05:01,15
KFAEGRRGAAEVLVVK,purified MHC/direct/fluorescence,Negative,10000.0,HLA-DQA1*01:02/DQB1*05:01,16
KKGMTTVLDFHPGAG,purified MHC/direct/fluorescence,Negative,10000.0,HLA-DQA1*01:02/DQB1*05:01,15
KKPLRPRWCDERVSS,purified MHC/direct/fluorescence,Negative,10000.0,HLA-DQA1*01:02/DQB1*05:01,15
KKSAHGSPTFWMGSH,purified MHC/direct/fluorescence,Negative,10000.0,HLA-DQA1*01:02/DQB1*05:01,15
KKTHISYIMLIFFVLMV,purified MHC/direct/fluorescence,Negative,10000.0,HLA-DQA1*01:02/DQB1*05:01,17
KKWKYLNAVSLCILTIN,purified MHC/direct/fluorescence,Negative,10000.0,HLA-DQA1*01:02/DQB1*05:01,17
KLGEVSWEEEAEISG,purified MHC/direct/fluorescence,Negative,10000.0,HLA-DQA1*01:02/DQB1*05:01,15
KRQGPKQMLVGGVVL,purified MHC/direct/fluorescence,Negative,10000.0,HLA-DQA1*01:02/DQB1*05:01,15
KTKNKTNWKQTWTFK,purified MHC/direct/fluorescence,Negative,10000.0,HLA-DQA1*01:02/DQB1*05:01,15
KVDTRAKDPPAGTRK,purified MHC/direct/fluorescence,Negative,10000.0,HLA-DQA1*01:02/DQB1*05:01,15
KWCFEGPEEHEILND,purified MHC/direct/fluorescence,Negative,10000.0,HLA-DQA1*01:02/DQB1*05:01,15
LGASQRGVGVAQGGV,purified MHC/direct/fluorescence,Negative,10000.0,HLA-DQA1*01:02/DQB1*05:01,15
LLVLAGWLFHVRGAR,purified MHC/direct/fluorescence,Negative,10000.0,HLA-DQA1*01:02/DQB1*05:01,15
LNDSGETVKCRAPGG,purified MHC/direct/fluorescence,Negative,10000.0,HLA-DQA1*01:02/DQB1*05:01,15
LSEFGKAKGSRAIWY,purified MHC/direct/fluorescence,Negative,10000.0,HLA-DQA1*01:02/DQB1*05:01,15
LSPREEPDDIDCWCY,purified MHC/direct/fluorescence,Negative,10000.0,HLA-DQA1*01:02/DQB1*05:01,15
LVDEERKLHQQGRCR,purified MHC/direct/fluorescence,Negative,10000.0,HLA-DQA1*01:02/DQB1*05:01,15
MKVVNRWLFRHLARE,purified MHC/direct/fluorescence,Negative,10000.0,HLA-DQA1*01:02/DQB1*05:01,15
MLEKTKEDLFGKKNL,purified MHC/direct/fluorescence,Negative,10000.0,HLA-DQA1*01:02/DQB1*05:01,15
MMGKREKKLSEFGKA,purified MHC/direct/fluorescence,Negative,10000.0,HLA-DQA1*01:02/DQB1*05:01,15
MSGRKAQGKTLGVNM,purified MHC/direct/fluorescence,Negative,10000.0,HLA-DQA1*01:02/DQB1*05:01,15
NCPNLSPREEPDDID,purified MHC/direct/fluorescence,Negative,10000.0,HLA-DQA1*01:02/DQB1*05:01,15
NKIKQKTKQIGNRPG,purified MHC/direct/fluorescence,Negative,10000.0,HLA-DQA1*01:02/DQB1*05:01,15
NLYKLHGGHVSCRVKHHHHHH,purified MHC/direct/fluorescence,Negative,10000.0,HLA-DQA1*01:02/DQB1*05:01,21
NNAHHVCWLEASMLL,purified MHC/direct/fluorescence,Negative,10000.0,HLA-DQA1*01:02/DQB1*05:01,15
NPRLCTKEEFIAKVR,purified MHC/direct/fluorescence,Negative,10000.0,HLA-DQA1*01:02/DQB1*05:01,15
NVYQRGTHPFSRIRD,purified MHC/direct/fluorescence,Negative,10000.0,HLA-DQA1*01:02/DQB1*05:01,15
PGGAKKPLRPRWCDE,purified MHC/direct/fluorescence,Negative,10000.0,HLA-DQA1*01:02/DQB1*05:01,15
PVSPGEMRLRDDQRK,purified MHC/direct/fluorescence,Negative,10000.0,HLA-DQA1*01:02/DQB1*05:01,15
QGFIFFFLFNILTGK,purified MHC/direct/fluorescence,Negative,10000.0,HLA-DQA1*01:02/DQB1*05:01,15
QRGVGVAQGGVFHTM,purified MHC/direct/fluorescence,Negative,10000.0,HLA-DQA1*01:02/DQB1*05:01,15
QRMFTREELIHFPEF,purified MHC/direct/fluorescence,Negative,10000.0,HLA-DQA1*01:02/DQB1*05:01,15
QTNGPWMQVPLEVKR,purified MHC/direct/fluorescence,Negative,10000.0,HLA-DQA1*01:02/DQB1*05:01,15
QWAQDLTLPWQSGSG,purified MHC/direct/fluorescence,Negative,10000.0,HLA-DQA1*01:02/DQB1*05:01,15
QWHKEGSSIGKLFTQ,purified MHC/direct/fluorescence,Negative,10000.0,HLA-DQA1*01:02/DQB1*05:01,15
RAQLHVGAKQENWNT,purified MHC/direct/fluorescence,Negative,10000.0,HLA-DQA1*01:02/DQB1*05:01,15
RDSDDWLNKYSYYPE,purified MHC/direct/fluorescence,Negative,10000.0,HLA-DQA1*01:02/DQB1*05:01,15
REKKLSEFGKAKGSR,purified MHC/direct/fluorescence,Negative,10000.0,HLA-DQA1*01:02/DQB1*05:01,15
RELKCGDGIFIFRDS,purified MHC/direct/fluorescence,Negative,10000.0,HLA-DQA1*01:02/DQB1*05:01,15
RGDSRLTYQWHKEGS,purified MHC/direct/fluorescence,Negative,10000.0,HLA-DQA1*01:02/DQB1*05:01,15
RGLSSRKRRSHDVLT,purified MHC/direct/fluorescence,Negative,10000.0,HLA-DQA1*01:02/DQB1*05:01,15
RGTHPFSRIRDGLQY,purified MHC/direct/fluorescence,Negative,10000.0,HLA-DQA1*01:02/DQB1*05:01,15
RMGERQLQKIERWFV,purified MHC/direct/fluorescence,Negative,10000.0,HLA-DQA1*01:02/DQB1*05:01,15
RNGGEIGAVALDYPS,purified MHC/direct/fluorescence,Negative,10000.0,HLA-DQA1*01:02/DQB1*05:01,15
RPGPSRGVQGFIFFF,purified MHC/direct/fluorescence,Negative,10000.0,HLA-DQA1*01:02/DQB1*05:01,15
RPIDDRFGLAL,purified MHC/direct/fluorescence,Negative,10000.0,HLA-DQA1*01:02/DQB1*05:01,11
RQLQKIERWFVRNPF,purified MHC/direct/fluorescence,Negative,10000.0,HLA-DQA1*01:02/DQB1*05:01,15
RRAIDLPTHENHGLK,purified MHC/direct/fluorescence,Negative,10000.0,HLA-DQA1*01:02/DQB1*05:01,15
RSTTDSGKVIPEWCC,purified MHC/direct/fluorescence,Negative,10000.0,HLA-DQA1*01:02/DQB1*05:01,15
RVAYGKCDSAGRSRR,purified MHC/direct/fluorescence,Negative,10000.0,HLA-DQA1*01:02/DQB1*05:01,15
RYLEFEALGFLNEDH,purified MHC/direct/fluorescence,Negative,10000.0,HLA-DQA1*01:02/DQB1*05:01,15
SAGRSRRSRRAIDLP,purified MHC/direct/fluorescence,Negative,10000.0,HLA-DQA1*01:02/DQB1*05:01,15
SARYDVALSEQGEFK,purified MHC/direct/fluorescence,Negative,10000.0,HLA-DQA1*01:02/DQB1*05:01,15
SCRDQSEAQLALTII,purified MHC/direct/fluorescence,Negative,10000.0,HLA-DQA1*01:02/DQB1*05:01,15
SCTMPPVSFHGSDGC,purified MHC/direct/fluorescence,Negative,10000.0,HLA-DQA1*01:02/DQB1*05:01,15
SQTEVKEEGKEELQE,purified MHC/direct/fluorescence,Negative,10000.0,HLA-DQA1*01:02/DQB1*05:01,15
SRGVQGFIFFFLFNIKK,purified MHC/direct/fluorescence,Negative,10000.0,HLA-DQA1*01:02/DQB1*05:01,17
STGEAHLAEENEGDN,purified MHC/direct/fluorescence,Negative,10000.0,HLA-DQA1*01:02/DQB1*05:01,15
TAKLRWFHERGYVKL,purified MHC/direct/fluorescence,Negative,10000.0,HLA-DQA1*01:02/DQB1*05:01,15
TARRHLAEGKVDTGV,purified MHC/direct/fluorescence,Negative,10000.0,HLA-DQA1*01:02/DQB1*05:01,15
TESWIVDRQWAQDLT,purified MHC/direct/fluorescence,Negative,10000.0,HLA-DQA1*01:02/DQB1*05:01,15
TRKIMKVVNRWLFRHHHHHH,purified MHC/direct/fluorescence,Negative,10000.0,HLA-DQA1*01:02/DQB1*05:01,20
TRSVETDKGPLDKEA,purified MHC/direct/fluorescence,Negative,10000.0,HLA-DQA1*01:02/DQB1*05:01,15
TTPFGQQRVFKEKVD,purified MHC/direct/fluorescence,Negative,10000.0,HLA-DQA1*01:02/DQB1*05:01,15
VFSPGRKNGSFIIDG,purified MHC/direct/fluorescence,Negative,10000.0,HLA-DQA1*01:02/DQB1*05:01,15
VKINDKCPSTGEAHL,purified MHC/direct/fluorescence,Negative,10000.0,HLA-DQA1*01:02/DQB1*05:01,15
VKREACPGTSVIIDG,purified MHC/direct/fluorescence,Negative,10000.0,HLA-DQA1*01:02/DQB1*05:01,15
VLNRKTFEREYPTIK,purified MHC/direct/fluorescence,Negative,10000.0,HLA-DQA1*01:02/DQB1*05:01,15
VLVDEGRKVAIKGPL,purified MHC/direct/fluorescence,Negative,10000.0,HLA-DQA1*01:02/DQB1*05:01,15
VRKNRWLLLNVTSED,purified MHC/direct/fluorescence,Negative,10000.0,HLA-DQA1*01:02/DQB1*05:01,15
VSSDQSALSEFIKFA,purified MHC/direct/fluorescence,Negative,10000.0,HLA-DQA1*01:02/DQB1*05:01,15
VSSHNHIPGYKVQTN,purified MHC/direct/fluorescence,Negative,10000.0,HLA-DQA1*01:02/DQB1*05:01,15
VSWEEEAEISGSSAR,purified MHC/direct/fluorescence,Negative,10000.0,HLA-DQA1*01:02/DQB1*05:01,15
VVLRKRQGPKQMLVG,purified MHC/direct/fluorescence,Negative,10000.0,HLA-DQA1*01:02/DQB1*05:01,15
VYMDAVFEYTIDCDG,purified MHC/direct/fluorescence,Negative,10000.0,HLA-DQA1*01:02/DQB1*05:01,15
WCPDSMEYNCPNLSP,purified MHC/direct/fluorescence,Negative,10000.0,HLA-DQA1*01:02/DQB1*05:01,15
WDTRITEADLDDEQE,purified MHC/direct/fluorescence,Negative,10000.0,HLA-DQA1*01:02/DQB1*05:01,15
WKLEGRWDGEEEVQL,purified MHC/direct/fluorescence,Negative,10000.0,HLA-DQA1*01:02/DQB1*05:01,15
WKTWGKNLVFSPGRK,purified MHC/direct/fluorescence,Negative,10000.0,HLA-DQA1*01:02/DQB1*05:01,15
WMTGRMGERQLQKIE,purified MHC/direct/fluorescence,Negative,10000.0,HLA-DQA1*01:02/DQB1*05:01,15
YDNDNPYRTWHYCGS,purified MHC/direct/fluorescence,Negative,10000.0,HLA-DQA1*01:02/DQB1*05:01,15
YMDVISRRDQRGSGQ,purified MHC/direct/fluorescence,Negative,10000.0,HLA-DQA1*01:02/DQB1*05:01,15
YSDRGWGNGCGLFGK,purified MHC/direct/fluorescence,Negative,10000.0,HLA-DQA1*01:02/DQB1*05:01,15
YYSEPTSENNAHHVC,purified MHC/direct/fluorescence,Negative,10000.0,HLA-DQA1*01:02/DQB1*05:01,15
AAHRARANESATILM,purified MHC/direct/fluorescence,Negative,10000.0,HLA-DQA1*06:01/DQB1*04:02,15
AAVPGKNVVNVQTKP,purified MHC/direct/fluorescence,Negative,10000.0,HLA-DQA1*06:01/DQB1*04:02,15
ACPGTSVIIDGNCDGKK,purified MHC/direct/fluorescence,Negative,10000.0,HLA-DQA1*06:01/DQB1*04:02,17
AFKPVLVDEGRKVAI,purified MHC/direct/fluorescence,Negative,10000.0,HLA-DQA1*06:01/DQB1*04:02,15
ALYEKKLALYLLLAL,purified MHC/direct/fluorescence,Negative,10000.0,HLA-DQA1*06:01/DQB1*04:02,15
AMSKVRKDISEWQPS,purified MHC/direct/fluorescence,Negative,10000.0,HLA-DQA1*06:01/DQB1*04:02,15
APCRIPVIVADDLTA,purified MHC/direct/fluorescence,Negative,10000.0,HLA-DQA1*06:01/DQB1*04:02,15
AREKNPRLCTKEEFI,purified MHC/direct/fluorescence,Negative,10000.0,HLA-DQA1*06:01/DQB1*04:02,15
ASMVNGVIKILTYPW,purified MHC/direct/fluorescence,Negative,10000.0,HLA-DQA1*06:01/DQB1*04:02,15
ASRENSGGGVEGIGL,purified MHC/direct/fluorescence,Negative,10000.0,HLA-DQA1*06:01/DQB1*04:02,15
ASTNDDEVLIEVNPP,purified MHC/direct/fluorescence,Negative,10000.0,HLA-DQA1*06:01/DQB1*04:02,15
AVNGKKSAHGSPTFW,purified MHC/direct/fluorescence,Negative,10000.0,HLA-DQA1*06:01/DQB1*04:02,15
CAVVIIGVLHQNFKD,purified MHC/direct/fluorescence,Negative,10000.0,HLA-DQA1*06:01/DQB1*04:02,15
CDERVSSDQSALSEF,purified MHC/direct/fluorescence,Negative,10000.0,HLA-DQA1*06:01/DQB1*04:02,15
CDGRGKSTRSTTDSG,purified MHC/direct/fluorescence,Negative,10000.0,HLA-DQA1*06:01/DQB1*04:02,15
CDGSILGAAVNGKKS,purified MHC/direct/fluorescence,Negative,10000.0,HLA-DQA1*06:01/DQB1*04:02,15
CEHLEDGIYGIFQST,purified MHC/direct/fluorescence,Negative,10000.0,HLA-DQA1*06:01/DQB1*04:02,15
CGDGIFIFRDSDDWL,purified MHC/direct/fluorescence,Negative,10000.0,HLA-DQA1*06:01/DQB1*04:02,15
CSCRDQSEAQLALTI,purified MHC/direct/fluorescence,Negative,10000.0,HLA-DQA1*06:01/DQB1*04:02,15
DDEVLIEVNPPFGDS,purified MHC/direct/fluorescence,Negative,10000.0,HLA-DQA1*06:01/DQB1*04:02,15
DDRFGLALSHLNAMS,purified MHC/direct/fluorescence,Negative,10000.0,HLA-DQA1*06:01/DQB1*04:02,15
DFHPGAGKTRRFLPQ,purified MHC/direct/fluorescence,Negative,10000.0,HLA-DQA1*06:01/DQB1*04:02,15
DGGGFYADDTAGWDT,purified MHC/direct/fluorescence,Negative,10000.0,HLA-DQA1*06:01/DQB1*04:02,15
DIHRLEPVKCDTLLC,purified MHC/direct/fluorescence,Negative,10000.0,HLA-DQA1*06:01/DQB1*04:02,15
DRYSVDADLQLGELI,purified MHC/direct/fluorescence,Negative,10000.0,HLA-DQA1*06:01/DQB1*04:02,15
DVALSEQGEFKLLSE,purified MHC/direct/fluorescence,Negative,10000.0,HLA-DQA1*06:01/DQB1*04:02,15
DWLNKYSYYPEDPVK,purified MHC/direct/fluorescence,Negative,10000.0,HLA-DQA1*06:01/DQB1*04:02,15
EDGIYGIFQSTFLGA,purified MHC/direct/fluorescence,Negative,10000.0,HLA-DQA1*06:01/DQB1*04:02,15
EDMLEVWNRVWITNN,purified MHC/direct/fluorescence,Negative,10000.0,HLA-DQA1*06:01/DQB1*04:02,15
EEAEISGSSARYDVA,purified MHC/direct/fluorescence,Negative,10000.0,HLA-DQA1*06:01/DQB1*04:02,15
EEGKCGLNSVDSLEH,purified MHC/direct/fluorescence,Negative,10000.0,HLA-DQA1*06:01/DQB1*04:02,15
EEQEQWKTANEAVQD,purified MHC/direct/fluorescence,Negative,10000.0,HLA-DQA1*06:01/DQB1*04:02,15
EERVERIKSEYMTSW,purified MHC/direct/fluorescence,Negative,10000.0,HLA-DQA1*06:01/DQB1*04:02,15
EFKLLSEEKVPWDQV,purified MHC/direct/fluorescence,Negative,10000.0,HLA-DQA1*06:01/DQB1*04:02,15
EIGAVALDYPSGTSG,purified MHC/direct/fluorescence,Negative,10000.0,HLA-DQA1*06:01/DQB1*04:02,15
ELQLKDGRRIVVPCR,purified MHC/direct/fluorescence,Negative,10000.0,HLA-DQA1*06:01/DQB1*04:02,15
ERGYVKLEGRVIDLG,purified MHC/direct/fluorescence,Negative,10000.0,HLA-DQA1*06:01/DQB1*04:02,15
ERKLHQQGRCRTCVY,purified MHC/direct/fluorescence,Negative,10000.0,HLA-DQA1*06:01/DQB1*04:02,15
ERLAVMGDTAWDFSS,purified MHC/direct/fluorescence,Negative,10000.0,HLA-DQA1*06:01/DQB1*04:02,15
ETDKGPLDKEAIEER,purified MHC/direct/fluorescence,Negative,10000.0,HLA-DQA1*06:01/DQB1*04:02,15
EVDISVVVQDPKNVY,purified MHC/direct/fluorescence,Negative,10000.0,HLA-DQA1*06:01/DQB1*04:02,15
FCVKVLAPYMPDVLE,purified MHC/direct/fluorescence,Negative,10000.0,HLA-DQA1*06:01/DQB1*04:02,15
FIGYGKATLECQVQTKK,purified MHC/direct/fluorescence,Negative,10000.0,HLA-DQA1*06:01/DQB1*04:02,17
FPCQEWQEVDSILGF,purified MHC/direct/fluorescence,Negative,10000.0,HLA-DQA1*06:01/DQB1*04:02,15
FRELVRNCDLPVWLS,purified MHC/direct/fluorescence,Negative,10000.0,HLA-DQA1*06:01/DQB1*04:02,15
FRHLAREKNPRLCTK,purified MHC/direct/fluorescence,Negative,10000.0,HLA-DQA1*06:01/DQB1*04:02,15
GAMRVTKDTNDNNLY,purified MHC/direct/fluorescence,Negative,10000.0,HLA-DQA1*06:01/DQB1*04:02,15
GCAINFGKRELKCGD,purified MHC/direct/fluorescence,Negative,10000.0,HLA-DQA1*06:01/DQB1*04:02,15
GCNRLKRMAVSGDDC,purified MHC/direct/fluorescence,Negative,10000.0,HLA-DQA1*06:01/DQB1*04:02,15
GDSYIIVGRGDSRLT,purified MHC/direct/fluorescence,Negative,10000.0,HLA-DQA1*06:01/DQB1*04:02,15
GGTVIRNPLSRNSTH,purified MHC/direct/fluorescence,Negative,10000.0,HLA-DQA1*06:01/DQB1*04:02,15
GKATLECQVQTAVDFKK,purified MHC/direct/fluorescence,Negative,10000.0,HLA-DQA1*06:01/DQB1*04:02,17
GKGEWMTTEDMLEVW,purified MHC/direct/fluorescence,Negative,10000.0,HLA-DQA1*06:01/DQB1*04:02,15
GKSTRSTTDSGKVIP,purified MHC/direct/fluorescence,Negative,10000.0,HLA-DQA1*06:01/DQB1*04:02,15
GLAFQEMENFLGPIA,purified MHC/direct/fluorescence,Negative,10000.0,HLA-DQA1*06:01/DQB1*04:02,15
GLFGGLNWITKVIMG,purified MHC/direct/fluorescence,Negative,10000.0,HLA-DQA1*06:01/DQB1*04:02,15
GPLDKEAIEERVERI,purified MHC/direct/fluorescence,Negative,10000.0,HLA-DQA1*06:01/DQB1*04:02,15
GRVIDLGCGRGGWCY,purified MHC/direct/fluorescence,Negative,10000.0,HLA-DQA1*06:01/DQB1*04:02,15
GRWDGEEEVQLIAAV,purified MHC/direct/fluorescence,Negative,10000.0,HLA-DQA1*06:01/DQB1*04:02,15
GVLAGLAFQEMENFL,purified MHC/direct/fluorescence,Negative,10000.0,HLA-DQA1*06:01/DQB1*04:02,15
GWNDWENVPFCSHHF,purified MHC/direct/fluorescence,Negative,10000.0,HLA-DQA1*06:01/DQB1*04:02,15
HEMNNGGDAMYMALI,purified MHC/direct/fluorescence,Negative,10000.0,HLA-DQA1*06:01/DQB1*04:02,15
HGVAKNPVVDGNPTV,purified MHC/direct/fluorescence,Negative,10000.0,HLA-DQA1*06:01/DQB1*04:02,15
HHFHELQLKDGRRIV,purified MHC/direct/fluorescence,Negative,10000.0,HLA-DQA1*06:01/DQB1*04:02,15
HMQDKTMVKKWRDVP,purified MHC/direct/fluorescence,Negative,10000.0,HLA-DQA1*06:01/DQB1*04:02,15
IDGKSRKECPFSNRV,purified MHC/direct/fluorescence,Negative,10000.0,HLA-DQA1*06:01/DQB1*04:02,15
IDGNCDGRGKSTRST,purified MHC/direct/fluorescence,Negative,10000.0,HLA-DQA1*06:01/DQB1*04:02,15
IEDVQTDIPSEPWNT,purified MHC/direct/fluorescence,Negative,10000.0,HLA-DQA1*06:01/DQB1*04:02,15
IFIFRDSDDWLNKYS,purified MHC/direct/fluorescence,Negative,10000.0,HLA-DQA1*06:01/DQB1*04:02,15
IGRGRVSPGNGWMIK,purified MHC/direct/fluorescence,Negative,10000.0,HLA-DQA1*06:01/DQB1*04:02,15
IHHQHVQDCDESVLT,purified MHC/direct/fluorescence,Negative,10000.0,HLA-DQA1*06:01/DQB1*04:02,15
IIEECEHLEDGIYGI,purified MHC/direct/fluorescence,Negative,10000.0,HLA-DQA1*06:01/DQB1*04:02,15
IKTLKFDALSGSQEV,purified MHC/direct/fluorescence,Negative,10000.0,HLA-DQA1*06:01/DQB1*04:02,15
ILGAAVNGKKSAHGS,purified MHC/direct/fluorescence,Negative,10000.0,HLA-DQA1*06:01/DQB1*04:02,15
INAIFEENEVDISVV,purified MHC/direct/fluorescence,Negative,10000.0,HLA-DQA1*06:01/DQB1*04:02,15
IPVIVADDLTAAINK,purified MHC/direct/fluorescence,Negative,10000.0,HLA-DQA1*06:01/DQB1*04:02,15
ISEWQPSKGWNDWEN,purified MHC/direct/fluorescence,Negative,10000.0,HLA-DQA1*06:01/DQB1*04:02,15
ISGSSARYDVALSEQ,purified MHC/direct/fluorescence,Negative,10000.0,HLA-DQA1*06:01/DQB1*04:02,15
ISRRDQRGSGQVVTY,purified MHC/direct/fluorescence,Negative,10000.0,HLA-DQA1*06:01/DQB1*04:02,15
KDGRRIVVPCREQDE,purified MHC/direct/fluorescence,Negative,10000.0,HLA-DQA1*06:01/DQB1*04:02,15
KDKTDIHRLEPVKCD,purified MHC/direct/fluorescence,Negative,10000.0,HLA-DQA1*06:01/DQB1*04:02,15
KEAIEERVERIKSEY,purified MHC/direct/fluorescence,Negative,10000.0,HLA-DQA1*06:01/DQB1*04:02,15
KKAGLVGVLAGLAFQEMD,purified MHC/direct/fluorescence,Negative,10000.0,HLA-DQA1*06:01/DQB1*04:02,18
KKLAQAVMEMTYKNK,purified MHC/direct/fluorescence,Negative,10000.0,HLA-DQA1*06:01/DQB1*04:02,15
KKPLRPRWCDERVSS,purified MHC/direct/fluorescence,Negative,10000.0,HLA-DQA1*06:01/DQB1*04:02,15
KKVGQVTLLDLLKLTVA,purified MHC/direct/fluorescence,Negative,10000.0,HLA-DQA1*06:01/DQB1*04:02,17
KKWKYLNAVSLCILTIN,purified MHC/direct/fluorescence,Negative,10000.0,HLA-DQA1*06:01/DQB1*04:02,17
KKWRDVPYLTKRQDK,purified MHC/direct/fluorescence,Negative,10000.0,HLA-DQA1*06:01/DQB1*04:02,15
KLAQRRVFHGVAKNP,purified MHC/direct/fluorescence,Negative,10000.0,HLA-DQA1*06:01/DQB1*04:02,15
KLGEVSWEEEAEISG,purified MHC/direct/fluorescence,Negative,10000.0,HLA-DQA1*06:01/DQB1*04:02,15
KNKVVKVLRPAPGGK,purified MHC/direct/fluorescence,Negative,10000.0,HLA-DQA1*06:01/DQB1*04:02,15
KNPTDTGHGTVVMQV,purified MHC/direct/fluorescence,Negative,10000.0,HLA-DQA1*06:01/DQB1*04:02,15
KNPVVDGNPTVDIEE,purified MHC/direct/fluorescence,Negative,10000.0,HLA-DQA1*06:01/DQB1*04:02,15
KTMVKKWRDVPYLTK,purified MHC/direct/fluorescence,Negative,10000.0,HLA-DQA1*06:01/DQB1*04:02,15
KVDTRAKDPPAGTRK,purified MHC/direct/fluorescence,Negative,10000.0,HLA-DQA1*06:01/DQB1*04:02,15
LAAMDGGGFYADDTA,purified MHC/direct/fluorescence,Negative,10000.0,HLA-DQA1*06:01/DQB1*04:02,15
LAECARRRLRTLVLA,purified MHC/direct/fluorescence,Negative,10000.0,HLA-DQA1*06:01/DQB1*04:02,15
LGLTQPFLGLCAFLA,purified MHC/direct/fluorescence,Negative,10000.0,HLA-DQA1*06:01/DQB1*04:02,15
LIEVNPPFGDSYIIV,purified MHC/direct/fluorescence,Negative,10000.0,HLA-DQA1*06:01/DQB1*04:02,15
LKRMAVSGDDCVVRP,purified MHC/direct/fluorescence,Negative,10000.0,HLA-DQA1*06:01/DQB1*04:02,15
LLKLTVAVGLHFHEM,purified MHC/direct/fluorescence,Negative,10000.0,HLA-DQA1*06:01/DQB1*04:02,15
LLMRRMRRPTGKVTL,purified MHC/direct/fluorescence,Negative,10000.0,HLA-DQA1*06:01/DQB1*04:02,15
LPIGTRSVETDKGPL,purified MHC/direct/fluorescence,Negative,10000.0,HLA-DQA1*06:01/DQB1*04:02,15
LRLGKEFIRCLALPF,purified MHC/direct/fluorescence,Negative,10000.0,HLA-DQA1*06:01/DQB1*04:02,15
LSFMDKGIPFMKMNI,purified MHC/direct/fluorescence,Negative,10000.0,HLA-DQA1*06:01/DQB1*04:02,15
LTEHGCNRLKRMAVS,purified MHC/direct/fluorescence,Negative,10000.0,HLA-DQA1*06:01/DQB1*04:02,15
LVDEERKLHQQGRCR,purified MHC/direct/fluorescence,Negative,10000.0,HLA-DQA1*06:01/DQB1*04:02,15
LVVLSELPDFLAKKG,purified MHC/direct/fluorescence,Negative,10000.0,HLA-DQA1*06:01/DQB1*04:02,15
LWDIPTPKIIEECEH,purified MHC/direct/fluorescence,Negative,10000.0,HLA-DQA1*06:01/DQB1*04:02,15
MAFQEMENFLGPIAV,purified MHC/direct/fluorescence,Negative,10000.0,HLA-DQA1*06:01/DQB1*04:02,15
MAKKGGEAMDTISVF,purified MHC/direct/fluorescence,Negative,10000.0,HLA-DQA1*06:01/DQB1*04:02,15
MEYLGHNAAGQWLEF,purified MHC/direct/fluorescence,Negative,10000.0,HLA-DQA1*06:01/DQB1*04:02,15
MGGLWKYLNAVSLCI,purified MHC/direct/fluorescence,Negative,10000.0,HLA-DQA1*06:01/DQB1*04:02,15
MKTGRRGSANGKTLG,purified MHC/direct/fluorescence,Negative,10000.0,HLA-DQA1*06:01/DQB1*04:02,15
MLEKTKEDLFGKKNL,purified MHC/direct/fluorescence,Negative,10000.0,HLA-DQA1*06:01/DQB1*04:02,15
MLGARYLEFEALGFL,purified MHC/direct/fluorescence,Negative,10000.0,HLA-DQA1*06:01/DQB1*04:02,15
MMFLSLGVGADQGCAR,purified MHC/direct/fluorescence,Negative,10000.0,HLA-DQA1*06:01/DQB1*04:02,16
MMTGRMGERQLQKIE,purified MHC/direct/fluorescence,Negative,10000.0,HLA-DQA1*06:01/DQB1*04:02,15
MQVKVSKGAPCRIPV,purified MHC/direct/fluorescence,Negative,10000.0,HLA-DQA1*06:01/DQB1*04:02,15
MSGRKAQGKTLGVNM,purified MHC/direct/fluorescence,Negative,10000.0,HLA-DQA1*06:01/DQB1*04:02,15
NFGKRELKCGDGIFI,purified MHC/direct/fluorescence,Negative,10000.0,HLA-DQA1*06:01/DQB1*04:02,15
NKIKQKTKQIGNRPG,purified MHC/direct/fluorescence,Negative,10000.0,HLA-DQA1*06:01/DQB1*04:02,15
NPPFGDSYIIVGRGD,purified MHC/direct/fluorescence,Negative,10000.0,HLA-DQA1*06:01/DQB1*04:02,15
NSGGGVEGIGLQYLG,purified MHC/direct/fluorescence,Negative,10000.0,HLA-DQA1*06:01/DQB1*04:02,15
NSYIAEMETESWIVDKK,purified MHC/direct/fluorescence,Negative,10000.0,HLA-DQA1*06:01/DQB1*04:02,17
NVYQRGTHPFSRIRD,purified MHC/direct/fluorescence,Negative,10000.0,HLA-DQA1*06:01/DQB1*04:02,15
PCREQDELIGRGRVS,purified MHC/direct/fluorescence,Negative,10000.0,HLA-DQA1*06:01/DQB1*04:02,15
PDKPSLDISLETVAID,purified MHC/direct/fluorescence,Negative,10000.0,HLA-DQA1*06:01/DQB1*04:02,16
PKQMLVGGVVLLGAMK,purified MHC/direct/fluorescence,Negative,10000.0,HLA-DQA1*06:01/DQB1*04:02,16
PTVDIEEAPEMPALY,purified MHC/direct/fluorescence,Negative,10000.0,HLA-DQA1*06:01/DQB1*04:02,15
PVNEALAAAGLVGVL,purified MHC/direct/fluorescence,Negative,10000.0,HLA-DQA1*06:01/DQB1*04:02,15
QDELIGRGRVSPGNG,purified MHC/direct/fluorescence,Negative,10000.0,HLA-DQA1*06:01/DQB1*04:02,15
QDKLCGSLIGMTNRA,purified MHC/direct/fluorescence,Negative,10000.0,HLA-DQA1*06:01/DQB1*04:02,15
QEMENFLGPIAVGGL,purified MHC/direct/fluorescence,Negative,10000.0,HLA-DQA1*06:01/DQB1*04:02,15
QEVEFIGYGKATLECKK,purified MHC/direct/fluorescence,Negative,10000.0,HLA-DQA1*06:01/DQB1*04:02,17
QIGNRPGPSRGVQGF,purified MHC/direct/fluorescence,Negative,10000.0,HLA-DQA1*06:01/DQB1*04:02,15
QKTKQIGNRPGPSRG,purified MHC/direct/fluorescence,Negative,10000.0,HLA-DQA1*06:01/DQB1*04:02,15
QTDIPSEPWNTGHDW,purified MHC/direct/fluorescence,Negative,10000.0,HLA-DQA1*06:01/DQB1*04:02,15
QVAKAGLKTNDRKWC,purified MHC/direct/fluorescence,Negative,10000.0,HLA-DQA1*06:01/DQB1*04:02,15
QWHKEGSSIGKLFTQ,purified MHC/direct/fluorescence,Negative,10000.0,HLA-DQA1*06:01/DQB1*04:02,15
RADEINAIFEENEVD,purified MHC/direct/fluorescence,Negative,10000.0,HLA-DQA1*06:01/DQB1*04:02,15
RDGHEKPMNVQSLGW,purified MHC/direct/fluorescence,Negative,10000.0,HLA-DQA1*06:01/DQB1*04:02,15
RDSDDWLNKYSYYPE,purified MHC/direct/fluorescence,Negative,10000.0,HLA-DQA1*06:01/DQB1*04:02,15
RIEEVTRMAMTDTTP,purified MHC/direct/fluorescence,Negative,10000.0,HLA-DQA1*06:01/DQB1*04:02,15
RIVVPCREQDELIGR,purified MHC/direct/fluorescence,Negative,10000.0,HLA-DQA1*06:01/DQB1*04:02,15
RKAGKSVVVLNRKTF,purified MHC/direct/fluorescence,Negative,10000.0,HLA-DQA1*06:01/DQB1*04:02,15
RNGEVIGLYGNGILV,purified MHC/direct/fluorescence,Negative,10000.0,HLA-DQA1*06:01/DQB1*04:02,15
RPGPSRGVQGFIFFF,purified MHC/direct/fluorescence,Negative,10000.0,HLA-DQA1*06:01/DQB1*04:02,15
RRGRIGRNPNRDGDS,purified MHC/direct/fluorescence,Negative,10000.0,HLA-DQA1*06:01/DQB1*04:02,15
RRGSANGKTLGEVWK,purified MHC/direct/fluorescence,Negative,10000.0,HLA-DQA1*06:01/DQB1*04:02,15
RRVFHGVAKNPVVDG,purified MHC/direct/fluorescence,Negative,10000.0,HLA-DQA1*06:01/DQB1*04:02,15
RSIQDNQVAYLIIGIK,purified MHC/direct/fluorescence,Negative,10000.0,HLA-DQA1*06:01/DQB1*04:02,16
RSLSNKIKQKTKQIG,purified MHC/direct/fluorescence,Negative,10000.0,HLA-DQA1*06:01/DQB1*04:02,15
RSTTDSGKVIPEWCC,purified MHC/direct/fluorescence,Negative,10000.0,HLA-DQA1*06:01/DQB1*04:02,15
SAALGPLIEGNTSLL,purified MHC/direct/fluorescence,Negative,10000.0,HLA-DQA1*06:01/DQB1*04:02,15
SARYDVALSEQGEFK,purified MHC/direct/fluorescence,Negative,10000.0,HLA-DQA1*06:01/DQB1*04:02,15
SCRDQSEAQLALTII,purified MHC/direct/fluorescence,Negative,10000.0,HLA-DQA1*06:01/DQB1*04:02,15
SEQGEFKLLSEEKVP,purified MHC/direct/fluorescence,Negative,10000.0,HLA-DQA1*06:01/DQB1*04:02,15
SKAYANMWSLMYFHK,purified MHC/direct/fluorescence,Negative,10000.0,HLA-DQA1*06:01/DQB1*04:02,15
SLGVGADQGCAINFG,purified MHC/direct/fluorescence,Negative,10000.0,HLA-DQA1*06:01/DQB1*04:02,15
SMSLFEVDQTKIQYV,purified MHC/direct/fluorescence,Negative,10000.0,HLA-DQA1*06:01/DQB1*04:02,15
SNGEIEDVQTDIPSE,purified MHC/direct/fluorescence,Negative,10000.0,HLA-DQA1*06:01/DQB1*04:02,15
SNMTQRVVIALLVLAKK,purified MHC/direct/fluorescence,Negative,10000.0,HLA-DQA1*06:01/DQB1*04:02,17
SPHHKKLAQAVMEMT,purified MHC/direct/fluorescence,Negative,10000.0,HLA-DQA1*06:01/DQB1*04:02,15
SQTEVKEEGKEELQE,purified MHC/direct/fluorescence,Negative,10000.0,HLA-DQA1*06:01/DQB1*04:02,15
SRGVQGFIFFFLFNIKK,purified MHC/direct/fluorescence,Negative,10000.0,HLA-DQA1*06:01/DQB1*04:02,17
SVVVQDPKNVYQRGT,purified MHC/direct/fluorescence,Negative,10000.0,HLA-DQA1*06:01/DQB1*04:02,15
TACLSKAYANMWSLM,purified MHC/direct/fluorescence,Negative,10000.0,HLA-DQA1*06:01/DQB1*04:02,15
TARRHLAEGKVDTGV,purified MHC/direct/fluorescence,Negative,10000.0,HLA-DQA1*06:01/DQB1*04:02,15
TAWDFSSAGGFFTSV,purified MHC/direct/fluorescence,Negative,10000.0,HLA-DQA1*06:01/DQB1*04:02,15
TKEDLFGKKNLIPSS,purified MHC/direct/fluorescence,Negative,10000.0,HLA-DQA1*06:01/DQB1*04:02,15
TLGEVWKRELNLLDK,purified MHC/direct/fluorescence,Negative,10000.0,HLA-DQA1*06:01/DQB1*04:02,15
TLVSAVAANELGMLED,purified MHC/direct/fluorescence,Negative,10000.0,HLA-DQA1*06:01/DQB1*04:02,16
TMAEVRLAAMFFCAVKK,purified MHC/direct/fluorescence,Negative,10000.0,HLA-DQA1*06:01/DQB1*04:02,17
TMAGCGYLMFLGGVK,purified MHC/direct/fluorescence,Negative,10000.0,HLA-DQA1*06:01/DQB1*04:02,15
TNNPHMQDKTMVKKW,purified MHC/direct/fluorescence,Negative,10000.0,HLA-DQA1*06:01/DQB1*04:02,15
TPFSLAEGIVLASAA,purified MHC/direct/fluorescence,Negative,10000.0,HLA-DQA1*06:01/DQB1*04:02,15
TRKIMKVVNRWLFRH,purified MHC/direct/fluorescence,Negative,10000.0,HLA-DQA1*06:01/DQB1*04:02,15
TRRFLPQILAECARR,purified MHC/direct/fluorescence,Negative,10000.0,HLA-DQA1*06:01/DQB1*04:02,15
TRSVETDKGPLDKEA,purified MHC/direct/fluorescence,Negative,10000.0,HLA-DQA1*06:01/DQB1*04:02,15
TRVVLSEMKEAFHGL,purified MHC/direct/fluorescence,Negative,10000.0,HLA-DQA1*06:01/DQB1*04:02,15
TTPFGQQRVFKEKVD,purified MHC/direct/fluorescence,Negative,10000.0,HLA-DQA1*06:01/DQB1*04:02,15
TVEKWLACGVDNFCV,purified MHC/direct/fluorescence,Negative,10000.0,HLA-DQA1*06:01/DQB1*04:02,15
TVFGSAFQGLFGGLNKK,purified MHC/direct/fluorescence,Negative,10000.0,HLA-DQA1*06:01/DQB1*04:02,17
VADDLTAAINKGILV,purified MHC/direct/fluorescence,Negative,10000.0,HLA-DQA1*06:01/DQB1*04:02,15
VDGNPTVDIEEAPEM,purified MHC/direct/fluorescence,Negative,10000.0,HLA-DQA1*06:01/DQB1*04:02,15
VDRDTARRHLAEGKV,purified MHC/direct/fluorescence,Negative,10000.0,HLA-DQA1*06:01/DQB1*04:02,15
VFKEKVDTRAKDPPA,purified MHC/direct/fluorescence,Negative,10000.0,HLA-DQA1*06:01/DQB1*04:02,15
VIGLYGNGILVGDNS,purified MHC/direct/fluorescence,Negative,10000.0,HLA-DQA1*06:01/DQB1*04:02,15
VKLEGRVIDLGCGRG,purified MHC/direct/fluorescence,Negative,10000.0,HLA-DQA1*06:01/DQB1*04:02,15
VKVLRPAPGGKAYMD,purified MHC/direct/fluorescence,Negative,10000.0,HLA-DQA1*06:01/DQB1*04:02,15
VLTLGAAMVEIALGGKK,purified MHC/direct/fluorescence,Negative,10000.0,HLA-DQA1*06:01/DQB1*04:02,17
VLTRLEAWLTEHGCN,purified MHC/direct/fluorescence,Negative,10000.0,HLA-DQA1*06:01/DQB1*04:02,15
VMGDTAWDFSSAGGF,purified MHC/direct/fluorescence,Negative,10000.0,HLA-DQA1*06:01/DQB1*04:02,15
VNPIASTNDDEVLIE,purified MHC/direct/fluorescence,Negative,10000.0,HLA-DQA1*06:01/DQB1*04:02,15
VPLEVKREACPGTSV,purified MHC/direct/fluorescence,Negative,10000.0,HLA-DQA1*06:01/DQB1*04:02,15
VQDPKFWELVDEERK,purified MHC/direct/fluorescence,Negative,10000.0,HLA-DQA1*06:01/DQB1*04:02,15
VQTAVDFGNSYIAEM,purified MHC/direct/fluorescence,Negative,10000.0,HLA-DQA1*06:01/DQB1*04:02,15
VRPIDDRFGLALSHL,purified MHC/direct/fluorescence,Negative,10000.0,HLA-DQA1*06:01/DQB1*04:02,15
VSAISQTEVKEEGKE,purified MHC/direct/fluorescence,Negative,10000.0,HLA-DQA1*06:01/DQB1*04:02,15
VSKGAPCRIPVIVAD,purified MHC/direct/fluorescence,Negative,10000.0,HLA-DQA1*06:01/DQB1*04:02,15
VSWEEEAEISGSSAR,purified MHC/direct/fluorescence,Negative,10000.0,HLA-DQA1*06:01/DQB1*04:02,15
VTKDTNDNNLYKLHG,purified MHC/direct/fluorescence,Negative,10000.0,HLA-DQA1*06:01/DQB1*04:02,15
VTKTSGSAASMVNGV,purified MHC/direct/fluorescence,Negative,10000.0,HLA-DQA1*06:01/DQB1*04:02,15
VTRMAMTDTTPFGQQ,purified MHC/direct/fluorescence,Negative,10000.0,HLA-DQA1*06:01/DQB1*04:02,15
VWKRELNLLDKRQFE,purified MHC/direct/fluorescence,Negative,10000.0,HLA-DQA1*06:01/DQB1*04:02,15
VYMDAVFEYTIDCDG,purified MHC/direct/fluorescence,Negative,10000.0,HLA-DQA1*06:01/DQB1*04:02,15
WDTRITEADLDDEQE,purified MHC/direct/fluorescence,Negative,10000.0,HLA-DQA1*06:01/DQB1*04:02,15
WLGARYLEFEALGFLKK,purified MHC/direct/fluorescence,Negative,10000.0,HLA-DQA1*06:01/DQB1*04:02,17
WMTTEDMLEVWNRVW,purified MHC/direct/fluorescence,Negative,10000.0,HLA-DQA1*06:01/DQB1*04:02,15
YGVEGTKTPVSPGEM,purified MHC/direct/fluorescence,Negative,10000.0,HLA-DQA1*06:01/DQB1*04:02,15
YKRTDIVEVDRDTAR,purified MHC/direct/fluorescence,Negative,10000.0,HLA-DQA1*06:01/DQB1*04:02,15
AAEVLVVLSELPDFL,purified MHC/direct/fluorescence,Negative,10000.0,HLA-DQA1*02:01/DQB1*04:02,15
AALHPFALLLVLAGWK,purified MHC/direct/fluorescence,Negative,10000.0,HLA-DQA1*02:01/DQB1*04:02,16
AAVPGKNVVNVQTKP,purified MHC/direct/fluorescence,Negative,10000.0,HLA-DQA1*02:01/DQB1*04:02,15
AEMETESWIVDRQWA,purified MHC/direct/fluorescence,Negative,10000.0,HLA-DQA1*02:01/DQB1*04:02,15
AEMVIHHQHVQDCDE,purified MHC/direct/fluorescence,Negative,10000.0,HLA-DQA1*02:01/DQB1*04:02,15
AHLAEENEGDNACKR,purified MHC/direct/fluorescence,Negative,10000.0,HLA-DQA1*02:01/DQB1*04:02,15
ALAAAGLVGVLAGLAK,purified MHC/direct/fluorescence,Negative,10000.0,HLA-DQA1*02:01/DQB1*04:02,16
ALYEKKLALYLLLAL,purified MHC/direct/fluorescence,Negative,10000.0,HLA-DQA1*02:01/DQB1*04:02,15
ANEAVQDPKFWELVD,purified MHC/direct/fluorescence,Negative,10000.0,HLA-DQA1*02:01/DQB1*04:02,15
APCRIPVIVADDLTA,purified MHC/direct/fluorescence,Negative,10000.0,HLA-DQA1*02:01/DQB1*04:02,15
ASRENSGGGVEGIGL,purified MHC/direct/fluorescence,Negative,10000.0,HLA-DQA1*02:01/DQB1*04:02,15
ATPPGTSDEFPHSNG,purified MHC/direct/fluorescence,Negative,10000.0,HLA-DQA1*02:01/DQB1*04:02,15
AVAANELGMLEKTKE,purified MHC/direct/fluorescence,Negative,10000.0,HLA-DQA1*02:01/DQB1*04:02,15
AVNGKKSAHGSPTFW,purified MHC/direct/fluorescence,Negative,10000.0,HLA-DQA1*02:01/DQB1*04:02,15
CAVVIIGVLHQNFKD,purified MHC/direct/fluorescence,Negative,10000.0,HLA-DQA1*02:01/DQB1*04:02,15
CDERVSSDQSALSEF,purified MHC/direct/fluorescence,Negative,10000.0,HLA-DQA1*02:01/DQB1*04:02,15
CEHLEDGIYGIFQST,purified MHC/direct/fluorescence,Negative,10000.0,HLA-DQA1*02:01/DQB1*04:02,15
CSCRDQSEAQLALTI,purified MHC/direct/fluorescence,Negative,10000.0,HLA-DQA1*02:01/DQB1*04:02,15
DDEVLIEVNPPFGDS,purified MHC/direct/fluorescence,Negative,10000.0,HLA-DQA1*02:01/DQB1*04:02,15
DFLAKKGGEAMDTIS,purified MHC/direct/fluorescence,Negative,10000.0,HLA-DQA1*02:01/DQB1*04:02,15
DGGGFYADDTAGWDT,purified MHC/direct/fluorescence,Negative,10000.0,HLA-DQA1*02:01/DQB1*04:02,15
DLDDEQEILNYMSPH,purified MHC/direct/fluorescence,Negative,10000.0,HLA-DQA1*02:01/DQB1*04:02,15
DLGCGRGGWCYYAAA,purified MHC/direct/fluorescence,Negative,10000.0,HLA-DQA1*02:01/DQB1*04:02,15
DLTLPWQSGSGGVWR,purified MHC/direct/fluorescence,Negative,10000.0,HLA-DQA1*02:01/DQB1*04:02,15
DPRQGLAVLRKVKRV,purified MHC/direct/fluorescence,Negative,10000.0,HLA-DQA1*02:01/DQB1*04:02,15
DQGCSSALGSGPYGA,purified MHC/direct/fluorescence,Negative,10000.0,HLA-DQA1*02:01/DQB1*04:02,15
DRDFIEGVHGGTWVS,purified MHC/direct/fluorescence,Negative,10000.0,HLA-DQA1*02:01/DQB1*04:02,15
DVALSEQGEFKLLSE,purified MHC/direct/fluorescence,Negative,10000.0,HLA-DQA1*02:01/DQB1*04:02,15
DWLNKYSYYPEDPVK,purified MHC/direct/fluorescence,Negative,10000.0,HLA-DQA1*02:01/DQB1*04:02,15
EAKYWCPDSMEYNCP,purified MHC/direct/fluorescence,Negative,10000.0,HLA-DQA1*02:01/DQB1*04:02,15
EEGKCGLNSVDSLEH,purified MHC/direct/fluorescence,Negative,10000.0,HLA-DQA1*02:01/DQB1*04:02,15
EENEGDNACKRTYSD,purified MHC/direct/fluorescence,Negative,10000.0,HLA-DQA1*02:01/DQB1*04:02,15
EEPDDIDCWCYGVEN,purified MHC/direct/fluorescence,Negative,10000.0,HLA-DQA1*02:01/DQB1*04:02,15
EEQEQWKTANEAVQD,purified MHC/direct/fluorescence,Negative,10000.0,HLA-DQA1*02:01/DQB1*04:02,15
EFKLLSEEKVPWDQV,purified MHC/direct/fluorescence,Negative,10000.0,HLA-DQA1*02:01/DQB1*04:02,15
EGPEEHEILNDSGET,purified MHC/direct/fluorescence,Negative,10000.0,HLA-DQA1*02:01/DQB1*04:02,15
EGRKVAIKGPLRISA,purified MHC/direct/fluorescence,Negative,10000.0,HLA-DQA1*02:01/DQB1*04:02,15
ERGYVKLEGRVIDLG,purified MHC/direct/fluorescence,Negative,10000.0,HLA-DQA1*02:01/DQB1*04:02,15
ERKLHQQGRCRTCVY,purified MHC/direct/fluorescence,Negative,10000.0,HLA-DQA1*02:01/DQB1*04:02,15
ETDKGPLDKEAIEER,purified MHC/direct/fluorescence,Negative,10000.0,HLA-DQA1*02:01/DQB1*04:02,15
FFFLFNILTGKKITA,purified MHC/direct/fluorescence,Negative,10000.0,HLA-DQA1*02:01/DQB1*04:02,15
FLHSEEGSRAYRNAL,purified MHC/direct/fluorescence,Negative,10000.0,HLA-DQA1*02:01/DQB1*04:02,15
FPCQEWQEVDSILGF,purified MHC/direct/fluorescence,Negative,10000.0,HLA-DQA1*02:01/DQB1*04:02,15
FRELVRNCDLPVWLS,purified MHC/direct/fluorescence,Negative,10000.0,HLA-DQA1*02:01/DQB1*04:02,15
FTLGRDGHEKPMNVQ,purified MHC/direct/fluorescence,Negative,10000.0,HLA-DQA1*02:01/DQB1*04:02,15
GAAMVEIALGGVMGG,purified MHC/direct/fluorescence,Negative,10000.0,HLA-DQA1*02:01/DQB1*04:02,15
GCAINFGKRELKCGD,purified MHC/direct/fluorescence,Negative,10000.0,HLA-DQA1*02:01/DQB1*04:02,15
GCGLFGKGSIVACAK,purified MHC/direct/fluorescence,Negative,10000.0,HLA-DQA1*02:01/DQB1*04:02,15
GCNRLKRMAVSGDDC,purified MHC/direct/fluorescence,Negative,10000.0,HLA-DQA1*02:01/DQB1*04:02,15
GDSYYYSEPTSENNA,purified MHC/direct/fluorescence,Negative,10000.0,HLA-DQA1*02:01/DQB1*04:02,15
GEMRLRDDQRKVFRE,purified MHC/direct/fluorescence,Negative,10000.0,HLA-DQA1*02:01/DQB1*04:02,15
GGTVIRNPLSRNSTH,purified MHC/direct/fluorescence,Negative,10000.0,HLA-DQA1*02:01/DQB1*04:02,15
GKSTRSTTDSGKVIP,purified MHC/direct/fluorescence,Negative,10000.0,HLA-DQA1*02:01/DQB1*04:02,15
GLAVLRKVKRVVASL,purified MHC/direct/fluorescence,Negative,10000.0,HLA-DQA1*02:01/DQB1*04:02,15
GLFGGLNWITKVIMG,purified MHC/direct/fluorescence,Negative,10000.0,HLA-DQA1*02:01/DQB1*04:02,15
GPLDKEAIEERVERI,purified MHC/direct/fluorescence,Negative,10000.0,HLA-DQA1*02:01/DQB1*04:02,15
GRVIDLGCGRGGWCY,purified MHC/direct/fluorescence,Negative,10000.0,HLA-DQA1*02:01/DQB1*04:02,15
GRWDGEEEVQLIAAV,purified MHC/direct/fluorescence,Negative,10000.0,HLA-DQA1*02:01/DQB1*04:02,15
GSRAIWYMWLGARYL,purified MHC/direct/fluorescence,Negative,10000.0,HLA-DQA1*02:01/DQB1*04:02,15
GVKPTHISYIMLIFF,purified MHC/direct/fluorescence,Negative,10000.0,HLA-DQA1*02:01/DQB1*04:02,15
GVTLVRKNRWLLLNV,purified MHC/direct/fluorescence,Negative,10000.0,HLA-DQA1*02:01/DQB1*04:02,15
GWGNGCGLFGKGSIV,purified MHC/direct/fluorescence,Negative,10000.0,HLA-DQA1*02:01/DQB1*04:02,15
HEMNNGGDAMYMALI,purified MHC/direct/fluorescence,Negative,10000.0,HLA-DQA1*02:01/DQB1*04:02,15
HGVAKNPVVDGNPTV,purified MHC/direct/fluorescence,Negative,10000.0,HLA-DQA1*02:01/DQB1*04:02,15
HISYVMLIFFV,purified MHC/direct/fluorescence,Negative,10000.0,HLA-DQA1*02:01/DQB1*04:02,11
HVGAKQENWNTDIKT,purified MHC/direct/fluorescence,Negative,10000.0,HLA-DQA1*02:01/DQB1*04:02,15
IAMEVVLRKRQGPKQ,purified MHC/direct/fluorescence,Negative,10000.0,HLA-DQA1*02:01/DQB1*04:02,15
IDGNCDGRGKSTRST,purified MHC/direct/fluorescence,Negative,10000.0,HLA-DQA1*02:01/DQB1*04:02,15
IEEAPEMPALYEKKL,purified MHC/direct/fluorescence,Negative,10000.0,HLA-DQA1*02:01/DQB1*04:02,15
IGRGRVSPGNGWMIK,purified MHC/direct/fluorescence,Negative,10000.0,HLA-DQA1*02:01/DQB1*04:02,15
IHHQHVQDCDESVLT,purified MHC/direct/fluorescence,Negative,10000.0,HLA-DQA1*02:01/DQB1*04:02,15
IIVGRGDSRLTYQWH,purified MHC/direct/fluorescence,Negative,10000.0,HLA-DQA1*02:01/DQB1*04:02,15
INAIFEENEVDISVV,purified MHC/direct/fluorescence,Negative,10000.0,HLA-DQA1*02:01/DQB1*04:02,15
ITAHLKRLWKMLDPR,purified MHC/direct/fluorescence,Negative,10000.0,HLA-DQA1*02:01/DQB1*04:02,15
IVDRQWAQDLTLPWQ,purified MHC/direct/fluorescence,Negative,10000.0,HLA-DQA1*02:01/DQB1*04:02,15
KCRAPGGAKKPLRPR,purified MHC/direct/fluorescence,Negative,10000.0,HLA-DQA1*02:01/DQB1*04:02,15
KDGRRIVVPCREQDE,purified MHC/direct/fluorescence,Negative,10000.0,HLA-DQA1*02:01/DQB1*04:02,15
KDKTDIHRLEPVKCD,purified MHC/direct/fluorescence,Negative,10000.0,HLA-DQA1*02:01/DQB1*04:02,15
KFDALSGSQEVEFIG,purified MHC/direct/fluorescence,Negative,10000.0,HLA-DQA1*02:01/DQB1*04:02,15
KFWELVDEERKLHQQ,purified MHC/direct/fluorescence,Negative,10000.0,HLA-DQA1*02:01/DQB1*04:02,15
KKLAQAVMEMTYKNK,purified MHC/direct/fluorescence,Negative,10000.0,HLA-DQA1*02:01/DQB1*04:02,15
KKLVGGVVLLGAMLVGQ,purified MHC/direct/fluorescence,Negative,10000.0,HLA-DQA1*02:01/DQB1*04:02,17
KKMNISVIMLLVSGWNS,purified MHC/direct/fluorescence,Negative,10000.0,HLA-DQA1*02:01/DQB1*04:02,17
KKPFALLLVLAGWLFHV,purified MHC/direct/fluorescence,Negative,10000.0,HLA-DQA1*02:01/DQB1*04:02,17
KKPFMKMNISVIMLLVS,purified MHC/direct/fluorescence,Negative,10000.0,HLA-DQA1*02:01/DQB1*04:02,17
KKPLRPRWCDERVSS,purified MHC/direct/fluorescence,Negative,10000.0,HLA-DQA1*02:01/DQB1*04:02,15
KKPTGKVTLEADVILPI,purified MHC/direct/fluorescence,Negative,10000.0,HLA-DQA1*02:01/DQB1*04:02,17
KKWIKVEYGNLSLSGIA,purified MHC/direct/fluorescence,Negative,10000.0,HLA-DQA1*02:01/DQB1*04:02,17
KKWKYLNAVSLCILTIN,purified MHC/direct/fluorescence,Negative,10000.0,HLA-DQA1*02:01/DQB1*04:02,17
KLAQRRVFHGVAKNP,purified MHC/direct/fluorescence,Negative,10000.0,HLA-DQA1*02:01/DQB1*04:02,15
KLGEVSWEEEAEISG,purified MHC/direct/fluorescence,Negative,10000.0,HLA-DQA1*02:01/DQB1*04:02,15
KNPVVDGNPTVDIEE,purified MHC/direct/fluorescence,Negative,10000.0,HLA-DQA1*02:01/DQB1*04:02,15
KVDTRAKDPPAGTRK,purified MHC/direct/fluorescence,Negative,10000.0,HLA-DQA1*02:01/DQB1*04:02,15
LEASMLLDNMEVRGG,purified MHC/direct/fluorescence,Negative,10000.0,HLA-DQA1*02:01/DQB1*04:02,15
LELKKLGEVSWEEEA,purified MHC/direct/fluorescence,Negative,10000.0,HLA-DQA1*02:01/DQB1*04:02,15
LGLTQPFLGLCAFLA,purified MHC/direct/fluorescence,Negative,10000.0,HLA-DQA1*02:01/DQB1*04:02,15
LIEVNPPFGDSYIIV,purified MHC/direct/fluorescence,Negative,10000.0,HLA-DQA1*02:01/DQB1*04:02,15
LLKLTVAVGLHFHEM,purified MHC/direct/fluorescence,Negative,10000.0,HLA-DQA1*02:01/DQB1*04:02,15
LLVSGWNSITV,purified MHC/direct/fluorescence,Negative,10000.0,HLA-DQA1*02:01/DQB1*04:02,11
LMMLVSVAGRV,purified MHC/direct/fluorescence,Negative,10000.0,HLA-DQA1*02:01/DQB1*04:02,11
LMTGGVTLVRKNRWL,purified MHC/direct/fluorescence,Negative,10000.0,HLA-DQA1*02:01/DQB1*04:02,15
LRDDQRKVFRELVRN,purified MHC/direct/fluorescence,Negative,10000.0,HLA-DQA1*02:01/DQB1*04:02,15
LRKVKRVVASLMRGL,purified MHC/direct/fluorescence,Negative,10000.0,HLA-DQA1*02:01/DQB1*04:02,15
LRLGKEFIRCLALPF,purified MHC/direct/fluorescence,Negative,10000.0,HLA-DQA1*02:01/DQB1*04:02,15
LSFMDKGIPFMKMNI,purified MHC/direct/fluorescence,Negative,10000.0,HLA-DQA1*02:01/DQB1*04:02,15
LSGSQEVEFIGYGKA,purified MHC/direct/fluorescence,Negative,10000.0,HLA-DQA1*02:01/DQB1*04:02,15
LSPREEPDDIDCWCY,purified MHC/direct/fluorescence,Negative,10000.0,HLA-DQA1*02:01/DQB1*04:02,15
LTEHGCNRLKRMAVS,purified MHC/direct/fluorescence,Negative,10000.0,HLA-DQA1*02:01/DQB1*04:02,15
LVDEERKLHQQGRCR,purified MHC/direct/fluorescence,Negative,10000.0,HLA-DQA1*02:01/DQB1*04:02,15
MAFQEMENFLGPIAV,purified MHC/direct/fluorescence,Negative,10000.0,HLA-DQA1*02:01/DQB1*04:02,15
MKGVERLAVMGDTAW,purified MHC/direct/fluorescence,Negative,10000.0,HLA-DQA1*02:01/DQB1*04:02,15
MKTGRRGSANGKTLG,purified MHC/direct/fluorescence,Negative,10000.0,HLA-DQA1*02:01/DQB1*04:02,15
MLEKTKEDLFGKKNL,purified MHC/direct/fluorescence,Negative,10000.0,HLA-DQA1*02:01/DQB1*04:02,15
MLGARYLEFEALGFL,purified MHC/direct/fluorescence,Negative,10000.0,HLA-DQA1*02:01/DQB1*04:02,15
MSIHGKGEWMTTEDM,purified MHC/direct/fluorescence,Negative,10000.0,HLA-DQA1*02:01/DQB1*04:02,15
NCPNLSPREEPDDID,purified MHC/direct/fluorescence,Negative,10000.0,HLA-DQA1*02:01/DQB1*04:02,15
NELGMLEKTKEDLFG,purified MHC/direct/fluorescence,Negative,10000.0,HLA-DQA1*02:01/DQB1*04:02,15
NFGKRELKCGDGIFI,purified MHC/direct/fluorescence,Negative,10000.0,HLA-DQA1*02:01/DQB1*04:02,15
NKIKQKTKQIGNRPG,purified MHC/direct/fluorescence,Negative,10000.0,HLA-DQA1*02:01/DQB1*04:02,15
NRWLFRHLAREKNPR,purified MHC/direct/fluorescence,Negative,10000.0,HLA-DQA1*02:01/DQB1*04:02,15
NVYQRGTHPFSRIRD,purified MHC/direct/fluorescence,Negative,10000.0,HLA-DQA1*02:01/DQB1*04:02,15
PGQQRSIQDNQVAYL,purified MHC/direct/fluorescence,Negative,10000.0,HLA-DQA1*02:01/DQB1*04:02,15
PKQMLVGGVVLLGAMK,purified MHC/direct/fluorescence,Negative,10000.0,HLA-DQA1*02:01/DQB1*04:02,16
PTPKIIEECEHLEDG,purified MHC/direct/fluorescence,Negative,10000.0,HLA-DQA1*02:01/DQB1*04:02,15
PTVDIEEAPEMPALY,purified MHC/direct/fluorescence,Negative,10000.0,HLA-DQA1*02:01/DQB1*04:02,15
QDELIGRGRVSPGNG,purified MHC/direct/fluorescence,Negative,10000.0,HLA-DQA1*02:01/DQB1*04:02,15
QDPKNVYQRGTHPFS,purified MHC/direct/fluorescence,Negative,10000.0,HLA-DQA1*02:01/DQB1*04:02,15
QEVEFIGYGKATLECKK,purified MHC/direct/fluorescence,Negative,10000.0,HLA-DQA1*02:01/DQB1*04:02,17
QFELYKRTDIVEVDR,purified MHC/direct/fluorescence,Negative,10000.0,HLA-DQA1*02:01/DQB1*04:02,15
QIGNRPGPSRGVQGF,purified MHC/direct/fluorescence,Negative,10000.0,HLA-DQA1*02:01/DQB1*04:02,15
QWAQDLTLPWQSGSG,purified MHC/direct/fluorescence,Negative,10000.0,HLA-DQA1*02:01/DQB1*04:02,15
QWHKEGSSIGKLFTQ,purified MHC/direct/fluorescence,Negative,10000.0,HLA-DQA1*02:01/DQB1*04:02,15
RADEINAIFEENEVD,purified MHC/direct/fluorescence,Negative,10000.0,HLA-DQA1*02:01/DQB1*04:02,15
RAQLHVGAKQENWNT,purified MHC/direct/fluorescence,Negative,10000.0,HLA-DQA1*02:01/DQB1*04:02,15
RELKCGDGIFIFRDS,purified MHC/direct/fluorescence,Negative,10000.0,HLA-DQA1*02:01/DQB1*04:02,15
RGDSRLTYQWHKEGS,purified MHC/direct/fluorescence,Negative,10000.0,HLA-DQA1*02:01/DQB1*04:02,15
RGGMVAPLYGVEGTK,purified MHC/direct/fluorescence,Negative,10000.0,HLA-DQA1*02:01/DQB1*04:02,15
RGLSSRKRRSHDVLT,purified MHC/direct/fluorescence,Negative,10000.0,HLA-DQA1*02:01/DQB1*04:02,15
RGNHYAFVGVMYNLW,purified MHC/direct/fluorescence,Negative,10000.0,HLA-DQA1*02:01/DQB1*04:02,15
RIVVPCREQDELIGR,purified MHC/direct/fluorescence,Negative,10000.0,HLA-DQA1*02:01/DQB1*04:02,15
RLGKEFIRCLALPFR,purified MHC/direct/fluorescence,Negative,10000.0,HLA-DQA1*02:01/DQB1*04:02,15
RLTYQWHKEGSSIGK,purified MHC/direct/fluorescence,Negative,10000.0,HLA-DQA1*02:01/DQB1*04:02,15
RMGERQLQKIERWFV,purified MHC/direct/fluorescence,Negative,10000.0,HLA-DQA1*02:01/DQB1*04:02,15
RNGGEIGAVALDYPS,purified MHC/direct/fluorescence,Negative,10000.0,HLA-DQA1*02:01/DQB1*04:02,15
RPAEVRKVCYNAVLT,purified MHC/direct/fluorescence,Negative,10000.0,HLA-DQA1*02:01/DQB1*04:02,15
RPRWCDERVSSDQSA,purified MHC/direct/fluorescence,Negative,10000.0,HLA-DQA1*02:01/DQB1*04:02,15
RRAIDLPTHENHGLK,purified MHC/direct/fluorescence,Negative,10000.0,HLA-DQA1*02:01/DQB1*04:02,15
RRGSANGKTLGEVWK,purified MHC/direct/fluorescence,Negative,10000.0,HLA-DQA1*02:01/DQB1*04:02,15
RRVFHGVAKNPVVDG,purified MHC/direct/fluorescence,Negative,10000.0,HLA-DQA1*02:01/DQB1*04:02,15
RSTTDSGKVIPEWCC,purified MHC/direct/fluorescence,Negative,10000.0,HLA-DQA1*02:01/DQB1*04:02,15
RVAYGKCDSAGRSRR,purified MHC/direct/fluorescence,Negative,10000.0,HLA-DQA1*02:01/DQB1*04:02,15
RYLEFEALGFLNEDH,purified MHC/direct/fluorescence,Negative,10000.0,HLA-DQA1*02:01/DQB1*04:02,15
SAALGPLIEGNTSLL,purified MHC/direct/fluorescence,Negative,10000.0,HLA-DQA1*02:01/DQB1*04:02,15
SAAQRRGRIGRNPNR,purified MHC/direct/fluorescence,Negative,10000.0,HLA-DQA1*02:01/DQB1*04:02,15
SAHCIGITDRDFIEG,purified MHC/direct/fluorescence,Negative,10000.0,HLA-DQA1*02:01/DQB1*04:02,15
SARYDVALSEQGEFK,purified MHC/direct/fluorescence,Negative,10000.0,HLA-DQA1*02:01/DQB1*04:02,15
SCRDQSEAQLALTII,purified MHC/direct/fluorescence,Negative,10000.0,HLA-DQA1*02:01/DQB1*04:02,15
SELPDFLAKKGGEAM,purified MHC/direct/fluorescence,Negative,10000.0,HLA-DQA1*02:01/DQB1*04:02,15
SEQGEFKLLSEEKVP,purified MHC/direct/fluorescence,Negative,10000.0,HLA-DQA1*02:01/DQB1*04:02,15
SMEYNCPNLSPREEP,purified MHC/direct/fluorescence,Negative,10000.0,HLA-DQA1*02:01/DQB1*04:02,15
SMSLFEVDQTKIQYV,purified MHC/direct/fluorescence,Negative,10000.0,HLA-DQA1*02:01/DQB1*04:02,15
SRGVQGFIFFFLFNIKK,purified MHC/direct/fluorescence,Negative,10000.0,HLA-DQA1*02:01/DQB1*04:02,17
SVGTGNCTTNILEAK,purified MHC/direct/fluorescence,Negative,10000.0,HLA-DQA1*02:01/DQB1*04:02,15
SVVVQDPKNVYQRGT,purified MHC/direct/fluorescence,Negative,10000.0,HLA-DQA1*02:01/DQB1*04:02,15
TARRHLAEGKVDTGV,purified MHC/direct/fluorescence,Negative,10000.0,HLA-DQA1*02:01/DQB1*04:02,15
TKEDLFGKKNLIPSS,purified MHC/direct/fluorescence,Negative,10000.0,HLA-DQA1*02:01/DQB1*04:02,15
TLEQDKCVTVMAPDK,purified MHC/direct/fluorescence,Negative,10000.0,HLA-DQA1*02:01/DQB1*04:02,15
TLGEVWKRELNLLDK,purified MHC/direct/fluorescence,Negative,10000.0,HLA-DQA1*02:01/DQB1*04:02,15
TMAEVRLAAMFFCAVKK,purified MHC/direct/fluorescence,Negative,10000.0,HLA-DQA1*02:01/DQB1*04:02,17
TNNPHMQDKTMVKKW,purified MHC/direct/fluorescence,Negative,10000.0,HLA-DQA1*02:01/DQB1*04:02,15
TPFSLAEGIVLASAA,purified MHC/direct/fluorescence,Negative,10000.0,HLA-DQA1*02:01/DQB1*04:02,15
TVFGSAFQGLFGGLNKK,purified MHC/direct/fluorescence,Negative,10000.0,HLA-DQA1*02:01/DQB1*04:02,17
VAPLYGVEGTKTPVS,purified MHC/direct/fluorescence,Negative,10000.0,HLA-DQA1*02:01/DQB1*04:02,15
VDGNPTVDIEEAPEM,purified MHC/direct/fluorescence,Negative,10000.0,HLA-DQA1*02:01/DQB1*04:02,15
VDRDTARRHLAEGKV,purified MHC/direct/fluorescence,Negative,10000.0,HLA-DQA1*02:01/DQB1*04:02,15
VENVRVAYGKCDSAG,purified MHC/direct/fluorescence,Negative,10000.0,HLA-DQA1*02:01/DQB1*04:02,15
VIGLYGNGILVGDNS,purified MHC/direct/fluorescence,Negative,10000.0,HLA-DQA1*02:01/DQB1*04:02,15
VIPEPGQQRSIQDNQ,purified MHC/direct/fluorescence,Negative,10000.0,HLA-DQA1*02:01/DQB1*04:02,15
VKLEGRVIDLGCGRG,purified MHC/direct/fluorescence,Negative,10000.0,HLA-DQA1*02:01/DQB1*04:02,15
VLALGNQEGSLKTAL,purified MHC/direct/fluorescence,Negative,10000.0,HLA-DQA1*02:01/DQB1*04:02,15
VLNRKTFEREYPTIK,purified MHC/direct/fluorescence,Negative,10000.0,HLA-DQA1*02:01/DQB1*04:02,15
VLTRLEAWLTEHGCN,purified MHC/direct/fluorescence,Negative,10000.0,HLA-DQA1*02:01/DQB1*04:02,15
VLVDEGRKVAIKGPL,purified MHC/direct/fluorescence,Negative,10000.0,HLA-DQA1*02:01/DQB1*04:02,15
VQDPKFWELVDEERK,purified MHC/direct/fluorescence,Negative,10000.0,HLA-DQA1*02:01/DQB1*04:02,15
VSKGAPCRIPVIVAD,purified MHC/direct/fluorescence,Negative,10000.0,HLA-DQA1*02:01/DQB1*04:02,15
VSMMIAMEVVLRKRQ,purified MHC/direct/fluorescence,Negative,10000.0,HLA-DQA1*02:01/DQB1*04:02,15
VWREMHHLVEFEPPH,purified MHC/direct/fluorescence,Negative,10000.0,HLA-DQA1*02:01/DQB1*04:02,15
VYMDAVFEYTIDCDG,purified MHC/direct/fluorescence,Negative,10000.0,HLA-DQA1*02:01/DQB1*04:02,15
WCYGVENVRVAYGKC,purified MHC/direct/fluorescence,Negative,10000.0,HLA-DQA1*02:01/DQB1*04:02,15
WCYYAAAQKEVSGVK,purified MHC/direct/fluorescence,Negative,10000.0,HLA-DQA1*02:01/DQB1*04:02,15
WDTRITEADLDDEQE,purified MHC/direct/fluorescence,Negative,10000.0,HLA-DQA1*02:01/DQB1*04:02,15
WMTGRMGERQLQKIE,purified MHC/direct/fluorescence,Negative,10000.0,HLA-DQA1*02:01/DQB1*04:02,15
WVSATLEQDKCVTVM,purified MHC/direct/fluorescence,Negative,10000.0,HLA-DQA1*02:01/DQB1*04:02,15
YMPDVLEKLELLQRR,purified MHC/direct/fluorescence,Negative,10000.0,HLA-DQA1*02:01/DQB1*04:02,15
YSDRGWGNGCGLFGK,purified MHC/direct/fluorescence,Negative,10000.0,HLA-DQA1*02:01/DQB1*04:02,15
AAEVLVVLSELPDFL,purified MHC/direct/fluorescence,Negative,10000.0,HLA-DQA1*05:01/DQB1*04:02,15
AEMETESWIVDRQWA,purified MHC/direct/fluorescence,Negative,10000.0,HLA-DQA1*05:01/DQB1*04:02,15
AHLAEENEGDNACKR,purified MHC/direct/fluorescence,Negative,10000.0,HLA-DQA1*05:01/DQB1*04:02,15
ALYEKKLALYLLLAL,purified MHC/direct/fluorescence,Negative,10000.0,HLA-DQA1*05:01/DQB1*04:02,15
ATPPGTSDEFPHSNG,purified MHC/direct/fluorescence,Negative,10000.0,HLA-DQA1*05:01/DQB1*04:02,15
AVAANELGMLEKTKE,purified MHC/direct/fluorescence,Negative,10000.0,HLA-DQA1*05:01/DQB1*04:02,15
CAVVIIGVLHQNFKD,purified MHC/direct/fluorescence,Negative,10000.0,HLA-DQA1*05:01/DQB1*04:02,15
CDERVSSDQSALSEF,purified MHC/direct/fluorescence,Negative,10000.0,HLA-DQA1*05:01/DQB1*04:02,15
CKRTYSDRGWGNGCG,purified MHC/direct/fluorescence,Negative,10000.0,HLA-DQA1*05:01/DQB1*04:02,15
DDEVLIEVNPPFGDS,purified MHC/direct/fluorescence,Negative,10000.0,HLA-DQA1*05:01/DQB1*04:02,15
DIDCWCYGVENVRVA,purified MHC/direct/fluorescence,Negative,10000.0,HLA-DQA1*05:01/DQB1*04:02,15
DKCPSTGEAHLAEEN,purified MHC/direct/fluorescence,Negative,10000.0,HLA-DQA1*05:01/DQB1*04:02,15
DLDDEQEILNYMSPH,purified MHC/direct/fluorescence,Negative,10000.0,HLA-DQA1*05:01/DQB1*04:02,15
DLTLPWQSGSGGVWR,purified MHC/direct/fluorescence,Negative,10000.0,HLA-DQA1*05:01/DQB1*04:02,15
DRDFIEGVHGGTWVS,purified MHC/direct/fluorescence,Negative,10000.0,HLA-DQA1*05:01/DQB1*04:02,15
DRYSVDADLQLGELI,purified MHC/direct/fluorescence,Negative,10000.0,HLA-DQA1*05:01/DQB1*04:02,15
DVALSEQGEFKLLSE,purified MHC/direct/fluorescence,Negative,10000.0,HLA-DQA1*05:01/DQB1*04:02,15
EEGKCGLNSVDSLEH,purified MHC/direct/fluorescence,Negative,10000.0,HLA-DQA1*05:01/DQB1*04:02,15
EENEGDNACKRTYSD,purified MHC/direct/fluorescence,Negative,10000.0,HLA-DQA1*05:01/DQB1*04:02,15
EEPDDIDCWCYGVEN,purified MHC/direct/fluorescence,Negative,10000.0,HLA-DQA1*05:01/DQB1*04:02,15
EGPEEHEILNDSGET,purified MHC/direct/fluorescence,Negative,10000.0,HLA-DQA1*05:01/DQB1*04:02,15
ERLAVMGDTAWDFSS,purified MHC/direct/fluorescence,Negative,10000.0,HLA-DQA1*05:01/DQB1*04:02,15
ETDKGPLDKEAIEER,purified MHC/direct/fluorescence,Negative,10000.0,HLA-DQA1*05:01/DQB1*04:02,15
FTLGRDGHEKPMNVQ,purified MHC/direct/fluorescence,Negative,10000.0,HLA-DQA1*05:01/DQB1*04:02,15
GCAINFGKRELKCGD,purified MHC/direct/fluorescence,Negative,10000.0,HLA-DQA1*05:01/DQB1*04:02,15
GCGLFGKGSIVACAK,purified MHC/direct/fluorescence,Negative,10000.0,HLA-DQA1*05:01/DQB1*04:02,15
GDNACKRTYSDRGWG,purified MHC/direct/fluorescence,Negative,10000.0,HLA-DQA1*05:01/DQB1*04:02,15
GEMRLRDDQRKVFRE,purified MHC/direct/fluorescence,Negative,10000.0,HLA-DQA1*05:01/DQB1*04:02,15
GKATLECQVQTAVDFKK,purified MHC/direct/fluorescence,Negative,10000.0,HLA-DQA1*05:01/DQB1*04:02,17
GKCDSAGRSRRSRRA,purified MHC/direct/fluorescence,Negative,10000.0,HLA-DQA1*05:01/DQB1*04:02,15
GKGEWMTTEDMLEVW,purified MHC/direct/fluorescence,Negative,10000.0,HLA-DQA1*05:01/DQB1*04:02,15
GLAVLRKVKRVVASL,purified MHC/direct/fluorescence,Negative,10000.0,HLA-DQA1*05:01/DQB1*04:02,15
GLKTRQEKWMTGRMG,purified MHC/direct/fluorescence,Negative,10000.0,HLA-DQA1*05:01/DQB1*04:02,15
GNQEGSLKTALTGAM,purified MHC/direct/fluorescence,Negative,10000.0,HLA-DQA1*05:01/DQB1*04:02,15
GPLDKEAIEERVERI,purified MHC/direct/fluorescence,Negative,10000.0,HLA-DQA1*05:01/DQB1*04:02,15
GPLIEGNTSLLWNGP,purified MHC/direct/fluorescence,Negative,10000.0,HLA-DQA1*05:01/DQB1*04:02,15
GRKNGSFIIDGKSRK,purified MHC/direct/fluorescence,Negative,10000.0,HLA-DQA1*05:01/DQB1*04:02,15
GRVIDLGCGRGGWCY,purified MHC/direct/fluorescence,Negative,10000.0,HLA-DQA1*05:01/DQB1*04:02,15
GVKPTHISYIMLIFF,purified MHC/direct/fluorescence,Negative,10000.0,HLA-DQA1*05:01/DQB1*04:02,15
GVTLVRKNRWLLLNV,purified MHC/direct/fluorescence,Negative,10000.0,HLA-DQA1*05:01/DQB1*04:02,15
GWGNGCGLFGKGSIV,purified MHC/direct/fluorescence,Negative,10000.0,HLA-DQA1*05:01/DQB1*04:02,15
HGGTWVSATLEQDKC,purified MHC/direct/fluorescence,Negative,10000.0,HLA-DQA1*05:01/DQB1*04:02,15
HGVAKNPVVDGNPTV,purified MHC/direct/fluorescence,Negative,10000.0,HLA-DQA1*05:01/DQB1*04:02,15
HISYVMLIFFV,purified MHC/direct/fluorescence,Negative,10000.0,HLA-DQA1*05:01/DQB1*04:02,11
HMQDKTMVKKWRDVP,purified MHC/direct/fluorescence,Negative,10000.0,HLA-DQA1*05:01/DQB1*04:02,15
HVQDCDESVLTRLEA,purified MHC/direct/fluorescence,Negative,10000.0,HLA-DQA1*05:01/DQB1*04:02,15
IDGKSRKECPFSNRV,purified MHC/direct/fluorescence,Negative,10000.0,HLA-DQA1*05:01/DQB1*04:02,15
IGITDRDFIEGVHGG,purified MHC/direct/fluorescence,Negative,10000.0,HLA-DQA1*05:01/DQB1*04:02,15
IITFKDKTDIHRLEP,purified MHC/direct/fluorescence,Negative,10000.0,HLA-DQA1*05:01/DQB1*04:02,15
IPVIVADDLTAAINK,purified MHC/direct/fluorescence,Negative,10000.0,HLA-DQA1*05:01/DQB1*04:02,15
ITAHLKRLWKMLDPR,purified MHC/direct/fluorescence,Negative,10000.0,HLA-DQA1*05:01/DQB1*04:02,15
IVDRQWAQDLTLPWQ,purified MHC/direct/fluorescence,Negative,10000.0,HLA-DQA1*05:01/DQB1*04:02,15
KFDALSGSQEVEFIG,purified MHC/direct/fluorescence,Negative,10000.0,HLA-DQA1*05:01/DQB1*04:02,15
KFWELVDEERKLHQQ,purified MHC/direct/fluorescence,Negative,10000.0,HLA-DQA1*05:01/DQB1*04:02,15
KKIGESSSSSVTEGERT,purified MHC/direct/fluorescence,Negative,10000.0,HLA-DQA1*05:01/DQB1*04:02,17
KKLAQAVMEMTYKNK,purified MHC/direct/fluorescence,Negative,10000.0,HLA-DQA1*05:01/DQB1*04:02,15
KKMNISVIMLLVSGWNS,purified MHC/direct/fluorescence,Negative,10000.0,HLA-DQA1*05:01/DQB1*04:02,17
KKPTGKVTLEADVILPI,purified MHC/direct/fluorescence,Negative,10000.0,HLA-DQA1*05:01/DQB1*04:02,17
KLGEVSWEEEAEISG,purified MHC/direct/fluorescence,Negative,10000.0,HLA-DQA1*05:01/DQB1*04:02,15
KNPVVDGNPTVDIEE,purified MHC/direct/fluorescence,Negative,10000.0,HLA-DQA1*05:01/DQB1*04:02,15
KTKNKTNWKQTWTFK,purified MHC/direct/fluorescence,Negative,10000.0,HLA-DQA1*05:01/DQB1*04:02,15
KVDTRAKDPPAGTRK,purified MHC/direct/fluorescence,Negative,10000.0,HLA-DQA1*05:01/DQB1*04:02,15
KWCFEGPEEHEILND,purified MHC/direct/fluorescence,Negative,10000.0,HLA-DQA1*05:01/DQB1*04:02,15
LEASMLLDNMEVRGG,purified MHC/direct/fluorescence,Negative,10000.0,HLA-DQA1*05:01/DQB1*04:02,15
LELKKLGEVSWEEEA,purified MHC/direct/fluorescence,Negative,10000.0,HLA-DQA1*05:01/DQB1*04:02,15
LEPVKCDTLLCDIGE,purified MHC/direct/fluorescence,Negative,10000.0,HLA-DQA1*05:01/DQB1*04:02,15
LIEVNPPFGDSYIIV,purified MHC/direct/fluorescence,Negative,10000.0,HLA-DQA1*05:01/DQB1*04:02,15
LLKLTVAVGLHFHEM,purified MHC/direct/fluorescence,Negative,10000.0,HLA-DQA1*05:01/DQB1*04:02,15
LMMLVSVAGRV,purified MHC/direct/fluorescence,Negative,10000.0,HLA-DQA1*05:01/DQB1*04:02,11
LNVTSEDLGKTFSVG,purified MHC/direct/fluorescence,Negative,10000.0,HLA-DQA1*05:01/DQB1*04:02,15
LSPREEPDDIDCWCY,purified MHC/direct/fluorescence,Negative,10000.0,HLA-DQA1*05:01/DQB1*04:02,15
MAFQEMENFLGPIAV,purified MHC/direct/fluorescence,Negative,10000.0,HLA-DQA1*05:01/DQB1*04:02,15
MKTGRRGSANGKTLG,purified MHC/direct/fluorescence,Negative,10000.0,HLA-DQA1*05:01/DQB1*04:02,15
MLEKTKEDLFGKKNL,purified MHC/direct/fluorescence,Negative,10000.0,HLA-DQA1*05:01/DQB1*04:02,15
NCPNLSPREEPDDID,purified MHC/direct/fluorescence,Negative,10000.0,HLA-DQA1*05:01/DQB1*04:02,15
NELGMLEKTKEDLFG,purified MHC/direct/fluorescence,Negative,10000.0,HLA-DQA1*05:01/DQB1*04:02,15
NFGKRELKCGDGIFI,purified MHC/direct/fluorescence,Negative,10000.0,HLA-DQA1*05:01/DQB1*04:02,15
NKIKQKTKQIGNRPG,purified MHC/direct/fluorescence,Negative,10000.0,HLA-DQA1*05:01/DQB1*04:02,15
NSFQIEEFGTGVFTT,purified MHC/direct/fluorescence,Negative,10000.0,HLA-DQA1*05:01/DQB1*04:02,15
PGQQRSIQDNQVAYL,purified MHC/direct/fluorescence,Negative,10000.0,HLA-DQA1*05:01/DQB1*04:02,15
PSEPWNTGHDWILAD,purified MHC/direct/fluorescence,Negative,10000.0,HLA-DQA1*05:01/DQB1*04:02,15
PSSASPWSWPDLDLK,purified MHC/direct/fluorescence,Negative,10000.0,HLA-DQA1*05:01/DQB1*04:02,15
PTVDIEEAPEMPALY,purified MHC/direct/fluorescence,Negative,10000.0,HLA-DQA1*05:01/DQB1*04:02,15
QFELYKRTDIVEVDR,purified MHC/direct/fluorescence,Negative,10000.0,HLA-DQA1*05:01/DQB1*04:02,15
QGFIFFFLFNILTGK,purified MHC/direct/fluorescence,Negative,10000.0,HLA-DQA1*05:01/DQB1*04:02,15
QWAQDLTLPWQSGSG,purified MHC/direct/fluorescence,Negative,10000.0,HLA-DQA1*05:01/DQB1*04:02,15
QWHKEGSSIGKLFTQ,purified MHC/direct/fluorescence,Negative,10000.0,HLA-DQA1*05:01/DQB1*04:02,15
RADEINAIFEENEVD,purified MHC/direct/fluorescence,Negative,10000.0,HLA-DQA1*05:01/DQB1*04:02,15
RAQLHVGAKQENWNT,purified MHC/direct/fluorescence,Negative,10000.0,HLA-DQA1*05:01/DQB1*04:02,15
RGDSRLTYQWHKEGS,purified MHC/direct/fluorescence,Negative,10000.0,HLA-DQA1*05:01/DQB1*04:02,15
RGGMVAPLYGVEGTK,purified MHC/direct/fluorescence,Negative,10000.0,HLA-DQA1*05:01/DQB1*04:02,15
RGLSSRKRRSHDVLT,purified MHC/direct/fluorescence,Negative,10000.0,HLA-DQA1*05:01/DQB1*04:02,15
RKAGKSVVVLNRKTF,purified MHC/direct/fluorescence,Negative,10000.0,HLA-DQA1*05:01/DQB1*04:02,15
RQEKWMTGRMGERQL,purified MHC/direct/fluorescence,Negative,10000.0,HLA-DQA1*05:01/DQB1*04:02,15
RRAIDLPTHENHGLK,purified MHC/direct/fluorescence,Negative,10000.0,HLA-DQA1*05:01/DQB1*04:02,15
RRGSANGKTLGEVWK,purified MHC/direct/fluorescence,Negative,10000.0,HLA-DQA1*05:01/DQB1*04:02,15
RSLSNKIKQKTKQIG,purified MHC/direct/fluorescence,Negative,10000.0,HLA-DQA1*05:01/DQB1*04:02,15
RSTTDSGKVIPEWCC,purified MHC/direct/fluorescence,Negative,10000.0,HLA-DQA1*05:01/DQB1*04:02,15
RVAYGKCDSAGRSRR,purified MHC/direct/fluorescence,Negative,10000.0,HLA-DQA1*05:01/DQB1*04:02,15
SAALGPLIEGNTSLL,purified MHC/direct/fluorescence,Negative,10000.0,HLA-DQA1*05:01/DQB1*04:02,15
SAHCIGITDRDFIEG,purified MHC/direct/fluorescence,Negative,10000.0,HLA-DQA1*05:01/DQB1*04:02,15
SEDLGKTFSVGTGNC,purified MHC/direct/fluorescence,Negative,10000.0,HLA-DQA1*05:01/DQB1*04:02,15
SLDISLETVAIDRPA,purified MHC/direct/fluorescence,Negative,10000.0,HLA-DQA1*05:01/DQB1*04:02,15
SPWSWPDLDLKPGAA,purified MHC/direct/fluorescence,Negative,10000.0,HLA-DQA1*05:01/DQB1*04:02,15
SRRSRRAIDLPTHEN,purified MHC/direct/fluorescence,Negative,10000.0,HLA-DQA1*05:01/DQB1*04:02,15
STGEAHLAEENEGDN,purified MHC/direct/fluorescence,Negative,10000.0,HLA-DQA1*05:01/DQB1*04:02,15
SVGTGNCTTNILEAK,purified MHC/direct/fluorescence,Negative,10000.0,HLA-DQA1*05:01/DQB1*04:02,15
SVVVQDPKNVYQRGT,purified MHC/direct/fluorescence,Negative,10000.0,HLA-DQA1*05:01/DQB1*04:02,15
TLEQDKCVTVMAPDK,purified MHC/direct/fluorescence,Negative,10000.0,HLA-DQA1*05:01/DQB1*04:02,15
TLGEVWKRELNLLDK,purified MHC/direct/fluorescence,Negative,10000.0,HLA-DQA1*05:01/DQB1*04:02,15
TNNPHMQDKTMVKKW,purified MHC/direct/fluorescence,Negative,10000.0,HLA-DQA1*05:01/DQB1*04:02,15
TRSVETDKGPLDKEA,purified MHC/direct/fluorescence,Negative,10000.0,HLA-DQA1*05:01/DQB1*04:02,15
TSGSPIVNRNGEVIG,purified MHC/direct/fluorescence,Negative,10000.0,HLA-DQA1*05:01/DQB1*04:02,15
TVMAPDKPSLDISLE,purified MHC/direct/fluorescence,Negative,10000.0,HLA-DQA1*05:01/DQB1*04:02,15
VDFGNSYIAEMETES,purified MHC/direct/fluorescence,Negative,10000.0,HLA-DQA1*05:01/DQB1*04:02,15
VDGNPTVDIEEAPEM,purified MHC/direct/fluorescence,Negative,10000.0,HLA-DQA1*05:01/DQB1*04:02,15
VDRDTARRHLAEGKV,purified MHC/direct/fluorescence,Negative,10000.0,HLA-DQA1*05:01/DQB1*04:02,15
VFKEKVDTRAKDPPA,purified MHC/direct/fluorescence,Negative,10000.0,HLA-DQA1*05:01/DQB1*04:02,15
VIGLYGNGILVGDNS,purified MHC/direct/fluorescence,Negative,10000.0,HLA-DQA1*05:01/DQB1*04:02,15
VIPEPGQQRSIQDNQ,purified MHC/direct/fluorescence,Negative,10000.0,HLA-DQA1*05:01/DQB1*04:02,15
VKINDKCPSTGEAHL,purified MHC/direct/fluorescence,Negative,10000.0,HLA-DQA1*05:01/DQB1*04:02,15
VLALGNQEGSLKTAL,purified MHC/direct/fluorescence,Negative,10000.0,HLA-DQA1*05:01/DQB1*04:02,15
VLNRKTFEREYPTIK,purified MHC/direct/fluorescence,Negative,10000.0,HLA-DQA1*05:01/DQB1*04:02,15
VLTHVKINDKCPSTG,purified MHC/direct/fluorescence,Negative,10000.0,HLA-DQA1*05:01/DQB1*04:02,15
VLVDEGRKVAIKGPL,purified MHC/direct/fluorescence,Negative,10000.0,HLA-DQA1*05:01/DQB1*04:02,15
VQTAVDFGNSYIAEM,purified MHC/direct/fluorescence,Negative,10000.0,HLA-DQA1*05:01/DQB1*04:02,15
VWREMHHLVEFEPPH,purified MHC/direct/fluorescence,Negative,10000.0,HLA-DQA1*05:01/DQB1*04:02,15
VYMDAVFEYTIDCDG,purified MHC/direct/fluorescence,Negative,10000.0,HLA-DQA1*05:01/DQB1*04:02,15
WDTRITEADLDDEQE,purified MHC/direct/fluorescence,Negative,10000.0,HLA-DQA1*05:01/DQB1*04:02,15
WKLEGRWDGEEEVQL,purified MHC/direct/fluorescence,Negative,10000.0,HLA-DQA1*05:01/DQB1*04:02,15
WMTGRMGERQLQKIE,purified MHC/direct/fluorescence,Negative,10000.0,HLA-DQA1*05:01/DQB1*04:02,15
WNTDIKTLKFDALSG,purified MHC/direct/fluorescence,Negative,10000.0,HLA-DQA1*05:01/DQB1*04:02,15
WVSATLEQDKCVTVM,purified MHC/direct/fluorescence,Negative,10000.0,HLA-DQA1*05:01/DQB1*04:02,15
YSDRGWGNGCGLFGK,purified MHC/direct/fluorescence,Negative,10000.0,HLA-DQA1*05:01/DQB1*04:02,15
AAAQKEVSGVKGFTL,purified MHC/direct/fluorescence,Negative,10000.0,HLA-DQA1*03:03/DQB1*04:02,15
AAVPGKNVVNVQTKP,purified MHC/direct/fluorescence,Negative,10000.0,HLA-DQA1*03:03/DQB1*04:02,15
ACPGTSVIIDGNCDGKK,purified MHC/direct/fluorescence,Negative,10000.0,HLA-DQA1*03:03/DQB1*04:02,17
ALYEKKLALYLLLAL,purified MHC/direct/fluorescence,Negative,10000.0,HLA-DQA1*03:03/DQB1*04:02,15
AMSKVRKDISEWQPS,purified MHC/direct/fluorescence,Negative,10000.0,HLA-DQA1*03:03/DQB1*04:02,15
AMTDTTPFGQQRVFK,purified MHC/direct/fluorescence,Negative,10000.0,HLA-DQA1*03:03/DQB1*04:02,15
AMYMALIAAFSIRPGK,purified MHC/direct/fluorescence,Negative,10000.0,HLA-DQA1*03:03/DQB1*04:02,16
ANEAVQDPKFWELVD,purified MHC/direct/fluorescence,Negative,10000.0,HLA-DQA1*03:03/DQB1*04:02,15
APCRIPVIVADDLTA,purified MHC/direct/fluorescence,Negative,10000.0,HLA-DQA1*03:03/DQB1*04:02,15
AREKNPRLCTKEEFI,purified MHC/direct/fluorescence,Negative,10000.0,HLA-DQA1*03:03/DQB1*04:02,15
ASIVKASFEEGKCGL,purified MHC/direct/fluorescence,Negative,10000.0,HLA-DQA1*03:03/DQB1*04:02,15
ASMVNGVIKILTYPW,purified MHC/direct/fluorescence,Negative,10000.0,HLA-DQA1*03:03/DQB1*04:02,15
ASRENSGGGVEGIGL,purified MHC/direct/fluorescence,Negative,10000.0,HLA-DQA1*03:03/DQB1*04:02,15
ASTNDDEVLIEVNPP,purified MHC/direct/fluorescence,Negative,10000.0,HLA-DQA1*03:03/DQB1*04:02,15
AVFEYTIDCDGSILG,purified MHC/direct/fluorescence,Negative,10000.0,HLA-DQA1*03:03/DQB1*04:02,15
CAVVIIGVLHQNFKD,purified MHC/direct/fluorescence,Negative,10000.0,HLA-DQA1*03:03/DQB1*04:02,15
CDERVSSDQSALSEF,purified MHC/direct/fluorescence,Negative,10000.0,HLA-DQA1*03:03/DQB1*04:02,15
CGLNSVDSLEHEMWR,purified MHC/direct/fluorescence,Negative,10000.0,HLA-DQA1*03:03/DQB1*04:02,15
CSCRDQSEAQLALTI,purified MHC/direct/fluorescence,Negative,10000.0,HLA-DQA1*03:03/DQB1*04:02,15
CVYNMMGKREKKLSE,purified MHC/direct/fluorescence,Negative,10000.0,HLA-DQA1*03:03/DQB1*04:02,15
DDEVLIEVNPPFGDS,purified MHC/direct/fluorescence,Negative,10000.0,HLA-DQA1*03:03/DQB1*04:02,15
DGGGFYADDTAGWDT,purified MHC/direct/fluorescence,Negative,10000.0,HLA-DQA1*03:03/DQB1*04:02,15
DIHRLEPVKCDTLLC,purified MHC/direct/fluorescence,Negative,10000.0,HLA-DQA1*03:03/DQB1*04:02,15
DIVEVDRDTARRHLA,purified MHC/direct/fluorescence,Negative,10000.0,HLA-DQA1*03:03/DQB1*04:02,15
DLGCGRGGWCYYAAA,purified MHC/direct/fluorescence,Negative,10000.0,HLA-DQA1*03:03/DQB1*04:02,15
DQRGSGQVVTYALNT,purified MHC/direct/fluorescence,Negative,10000.0,HLA-DQA1*03:03/DQB1*04:02,15
DRYSVDADLQLGELI,purified MHC/direct/fluorescence,Negative,10000.0,HLA-DQA1*03:03/DQB1*04:02,15
DVALSEQGEFKLLSE,purified MHC/direct/fluorescence,Negative,10000.0,HLA-DQA1*03:03/DQB1*04:02,15
DWLNKYSYYPEDPVK,purified MHC/direct/fluorescence,Negative,10000.0,HLA-DQA1*03:03/DQB1*04:02,15
EDGIYGIFQSTFLGA,purified MHC/direct/fluorescence,Negative,10000.0,HLA-DQA1*03:03/DQB1*04:02,15
EDMLEVWNRVWITNN,purified MHC/direct/fluorescence,Negative,10000.0,HLA-DQA1*03:03/DQB1*04:02,15
EEGKCGLNSVDSLEH,purified MHC/direct/fluorescence,Negative,10000.0,HLA-DQA1*03:03/DQB1*04:02,15
EERVERIKSEYMTSW,purified MHC/direct/fluorescence,Negative,10000.0,HLA-DQA1*03:03/DQB1*04:02,15
EFKLLSEEKVPWDQV,purified MHC/direct/fluorescence,Negative,10000.0,HLA-DQA1*03:03/DQB1*04:02,15
EGSSIGKLFTQTMKG,purified MHC/direct/fluorescence,Negative,10000.0,HLA-DQA1*03:03/DQB1*04:02,15
EIGAVALDYPSGTSG,purified MHC/direct/fluorescence,Negative,10000.0,HLA-DQA1*03:03/DQB1*04:02,15
ELNLLDKRQFELYKR,purified MHC/direct/fluorescence,Negative,10000.0,HLA-DQA1*03:03/DQB1*04:02,15
ERLAVMGDTAWDFSS,purified MHC/direct/fluorescence,Negative,10000.0,HLA-DQA1*03:03/DQB1*04:02,15
ETDKGPLDKEAIEER,purified MHC/direct/fluorescence,Negative,10000.0,HLA-DQA1*03:03/DQB1*04:02,15
EVDISVVVQDPKNVY,purified MHC/direct/fluorescence,Negative,10000.0,HLA-DQA1*03:03/DQB1*04:02,15
EYGNLSLSGIAQSASD,purified MHC/direct/fluorescence,Negative,10000.0,HLA-DQA1*03:03/DQB1*04:02,16
FIGYGKATLECQVQTKK,purified MHC/direct/fluorescence,Negative,10000.0,HLA-DQA1*03:03/DQB1*04:02,17
FPCQEWQEVDSILGF,purified MHC/direct/fluorescence,Negative,10000.0,HLA-DQA1*03:03/DQB1*04:02,15
FRELVRNCDLPVWLS,purified MHC/direct/fluorescence,Negative,10000.0,HLA-DQA1*03:03/DQB1*04:02,15
GAMRVTKDTNDNNLY,purified MHC/direct/fluorescence,Negative,10000.0,HLA-DQA1*03:03/DQB1*04:02,15
GAYLEEQEQWKTANE,purified MHC/direct/fluorescence,Negative,10000.0,HLA-DQA1*03:03/DQB1*04:02,15
GCAINFGKRELKCGD,purified MHC/direct/fluorescence,Negative,10000.0,HLA-DQA1*03:03/DQB1*04:02,15
GCNRLKRMAVSGDDC,purified MHC/direct/fluorescence,Negative,10000.0,HLA-DQA1*03:03/DQB1*04:02,15
GDSYIIVGRGDSRLT,purified MHC/direct/fluorescence,Negative,10000.0,HLA-DQA1*03:03/DQB1*04:02,15
GEEEVQLIAAVPGKN,purified MHC/direct/fluorescence,Negative,10000.0,HLA-DQA1*03:03/DQB1*04:02,15
GETVKCRAPGGAKKP,purified MHC/direct/fluorescence,Negative,10000.0,HLA-DQA1*03:03/DQB1*04:02,15
GGKAYMDVISRRDQR,purified MHC/direct/fluorescence,Negative,10000.0,HLA-DQA1*03:03/DQB1*04:02,15
GGTVIRNPLSRNSTH,purified MHC/direct/fluorescence,Negative,10000.0,HLA-DQA1*03:03/DQB1*04:02,15
GKATLECQVQTAVDFKK,purified MHC/direct/fluorescence,Negative,10000.0,HLA-DQA1*03:03/DQB1*04:02,17
GKEELQEIPTMLKKG,purified MHC/direct/fluorescence,Negative,10000.0,HLA-DQA1*03:03/DQB1*04:02,15
GKGEWMTTEDMLEVW,purified MHC/direct/fluorescence,Negative,10000.0,HLA-DQA1*03:03/DQB1*04:02,15
GKNVVNVQTKPSLFK,purified MHC/direct/fluorescence,Negative,10000.0,HLA-DQA1*03:03/DQB1*04:02,15
GKSTRSTTDSGKVIP,purified MHC/direct/fluorescence,Negative,10000.0,HLA-DQA1*03:03/DQB1*04:02,15
GLHFHEMNNGGDAMY,purified MHC/direct/fluorescence,Negative,10000.0,HLA-DQA1*03:03/DQB1*04:02,15
GMVIFFMSPKGISRM,purified MHC/direct/fluorescence,Negative,10000.0,HLA-DQA1*03:03/DQB1*04:02,15
GPLDKEAIEERVERI,purified MHC/direct/fluorescence,Negative,10000.0,HLA-DQA1*03:03/DQB1*04:02,15
GQEKYTDYLTVMDRY,purified MHC/direct/fluorescence,Negative,10000.0,HLA-DQA1*03:03/DQB1*04:02,15
GRKNGSFIIDGKSRK,purified MHC/direct/fluorescence,Negative,10000.0,HLA-DQA1*03:03/DQB1*04:02,15
GRRGAAEVLVVLSEL,purified MHC/direct/fluorescence,Negative,10000.0,HLA-DQA1*03:03/DQB1*04:02,15
GRVIDLGCGRGGWCY,purified MHC/direct/fluorescence,Negative,10000.0,HLA-DQA1*03:03/DQB1*04:02,15
GRWDGEEEVQLIAAV,purified MHC/direct/fluorescence,Negative,10000.0,HLA-DQA1*03:03/DQB1*04:02,15
GVLAGLAFQEMENFL,purified MHC/direct/fluorescence,Negative,10000.0,HLA-DQA1*03:03/DQB1*04:02,15
HGVAKNPVVDGNPTV,purified MHC/direct/fluorescence,Negative,10000.0,HLA-DQA1*03:03/DQB1*04:02,15
HMQDKTMVKKWRDVP,purified MHC/direct/fluorescence,Negative,10000.0,HLA-DQA1*03:03/DQB1*04:02,15
IDGKSRKECPFSNRV,purified MHC/direct/fluorescence,Negative,10000.0,HLA-DQA1*03:03/DQB1*04:02,15
IDGNCDGRGKSTRST,purified MHC/direct/fluorescence,Negative,10000.0,HLA-DQA1*03:03/DQB1*04:02,15
IEEAPEMPALYEKKL,purified MHC/direct/fluorescence,Negative,10000.0,HLA-DQA1*03:03/DQB1*04:02,15
IGCAMLHWSLILPGI,purified MHC/direct/fluorescence,Negative,10000.0,HLA-DQA1*03:03/DQB1*04:02,15
IGGPVSSHNHIPGYK,purified MHC/direct/fluorescence,Negative,10000.0,HLA-DQA1*03:03/DQB1*04:02,15
IGKLFTQTMKGVERL,purified MHC/direct/fluorescence,Negative,10000.0,HLA-DQA1*03:03/DQB1*04:02,15
IHAVPFGLVSMMIAMKK,purified MHC/direct/fluorescence,Negative,10000.0,HLA-DQA1*03:03/DQB1*04:02,17
IHHQHVQDCDESVLT,purified MHC/direct/fluorescence,Negative,10000.0,HLA-DQA1*03:03/DQB1*04:02,15
IIEECEHLEDGIYGI,purified MHC/direct/fluorescence,Negative,10000.0,HLA-DQA1*03:03/DQB1*04:02,15
IIGVLHQNFKDTSMQ,purified MHC/direct/fluorescence,Negative,10000.0,HLA-DQA1*03:03/DQB1*04:02,15
IITFKDKTDIHRLEP,purified MHC/direct/fluorescence,Negative,10000.0,HLA-DQA1*03:03/DQB1*04:02,15
IIVGRGDSRLTYQWH,purified MHC/direct/fluorescence,Negative,10000.0,HLA-DQA1*03:03/DQB1*04:02,15
ILVTVNPIASTNDDE,purified MHC/direct/fluorescence,Negative,10000.0,HLA-DQA1*03:03/DQB1*04:02,15
INAIFEENEVDISVV,purified MHC/direct/fluorescence,Negative,10000.0,HLA-DQA1*03:03/DQB1*04:02,15
INKGILVTVNPIAST,purified MHC/direct/fluorescence,Negative,10000.0,HLA-DQA1*03:03/DQB1*04:02,15
IPVIVADDLTAAINK,purified MHC/direct/fluorescence,Negative,10000.0,HLA-DQA1*03:03/DQB1*04:02,15
ISRRDQRGSGQVVTY,purified MHC/direct/fluorescence,Negative,10000.0,HLA-DQA1*03:03/DQB1*04:02,15
ITEADLDDEQEILNY,purified MHC/direct/fluorescence,Negative,10000.0,HLA-DQA1*03:03/DQB1*04:02,15
IVLASAALGPLIEGN,purified MHC/direct/fluorescence,Negative,10000.0,HLA-DQA1*03:03/DQB1*04:02,15
KAQGKTLGVNMVRRG,purified MHC/direct/fluorescence,Negative,10000.0,HLA-DQA1*03:03/DQB1*04:02,15
KDKTDIHRLEPVKCD,purified MHC/direct/fluorescence,Negative,10000.0,HLA-DQA1*03:03/DQB1*04:02,15
KGIHTVFGSAFQGLF,purified MHC/direct/fluorescence,Negative,10000.0,HLA-DQA1*03:03/DQB1*04:02,15
KKAGLVGVLAGLAFQEMD,purified MHC/direct/fluorescence,Negative,10000.0,HLA-DQA1*03:03/DQB1*04:02,18
KKGGEAMDTISVFLH,purified MHC/direct/fluorescence,Negative,10000.0,HLA-DQA1*03:03/DQB1*04:02,15
KKSAHGSPTFWMGSH,purified MHC/direct/fluorescence,Negative,10000.0,HLA-DQA1*03:03/DQB1*04:02,15
KKVGQVTLLDLLKLTVA,purified MHC/direct/fluorescence,Negative,10000.0,HLA-DQA1*03:03/DQB1*04:02,17
KKWKYLNAVSLCILTIN,purified MHC/direct/fluorescence,Negative,10000.0,HLA-DQA1*03:03/DQB1*04:02,17
KLAQRRVFHGVAKNP,purified MHC/direct/fluorescence,Negative,10000.0,HLA-DQA1*03:03/DQB1*04:02,15
KLGEVSWEEEAEISG,purified MHC/direct/fluorescence,Negative,10000.0,HLA-DQA1*03:03/DQB1*04:02,15
KNLIPSSASPWSWPD,purified MHC/direct/fluorescence,Negative,10000.0,HLA-DQA1*03:03/DQB1*04:02,15
KNPVVDGNPTVDIEE,purified MHC/direct/fluorescence,Negative,10000.0,HLA-DQA1*03:03/DQB1*04:02,15
KVDTRAKDPPAGTRK,purified MHC/direct/fluorescence,Negative,10000.0,HLA-DQA1*03:03/DQB1*04:02,15
KYSYYPEDPVKLASI,purified MHC/direct/fluorescence,Negative,10000.0,HLA-DQA1*03:03/DQB1*04:02,15
LAAMDGGGFYADDTA,purified MHC/direct/fluorescence,Negative,10000.0,HLA-DQA1*03:03/DQB1*04:02,15
LDYKECEWPLTHTIG,purified MHC/direct/fluorescence,Negative,10000.0,HLA-DQA1*03:03/DQB1*04:02,15
LECQVQTAVDFGNSY,purified MHC/direct/fluorescence,Negative,10000.0,HLA-DQA1*03:03/DQB1*04:02,15
LELKKLGEVSWEEEA,purified MHC/direct/fluorescence,Negative,10000.0,HLA-DQA1*03:03/DQB1*04:02,15
LEPVKCDTLLCDIGE,purified MHC/direct/fluorescence,Negative,10000.0,HLA-DQA1*03:03/DQB1*04:02,15
LFGKKNLIPSSASPW,purified MHC/direct/fluorescence,Negative,10000.0,HLA-DQA1*03:03/DQB1*04:02,15
LGWNIITFKDKTDIH,purified MHC/direct/fluorescence,Negative,10000.0,HLA-DQA1*03:03/DQB1*04:02,15
LHQNFKDTSMQKTIP,purified MHC/direct/fluorescence,Negative,10000.0,HLA-DQA1*03:03/DQB1*04:02,15
LIEVNPPFGDSYIIV,purified MHC/direct/fluorescence,Negative,10000.0,HLA-DQA1*03:03/DQB1*04:02,15
LKGTSYKICTDKMFF,purified MHC/direct/fluorescence,Negative,10000.0,HLA-DQA1*03:03/DQB1*04:02,15
LKRMAVSGDDCVVRP,purified MHC/direct/fluorescence,Negative,10000.0,HLA-DQA1*03:03/DQB1*04:02,15
LLKLTVAVGLHFHEM,purified MHC/direct/fluorescence,Negative,10000.0,HLA-DQA1*03:03/DQB1*04:02,15
LLMRRMRRPTGKVTL,purified MHC/direct/fluorescence,Negative,10000.0,HLA-DQA1*03:03/DQB1*04:02,15
LPIGTRSVETDKGPL,purified MHC/direct/fluorescence,Negative,10000.0,HLA-DQA1*03:03/DQB1*04:02,15
LRLSSLMPCQAPRKS,purified MHC/direct/fluorescence,Negative,10000.0,HLA-DQA1*03:03/DQB1*04:02,15
LSLAVSSAVPTSWVP,purified MHC/direct/fluorescence,Negative,10000.0,HLA-DQA1*03:03/DQB1*04:02,15
LTSYLGLTQPFLGLC,purified MHC/direct/fluorescence,Negative,10000.0,HLA-DQA1*03:03/DQB1*04:02,15
LTVMDRYSVDADLQL,purified MHC/direct/fluorescence,Negative,10000.0,HLA-DQA1*03:03/DQB1*04:02,15
LVVLSELPDFLAKKG,purified MHC/direct/fluorescence,Negative,10000.0,HLA-DQA1*03:03/DQB1*04:02,15
LWDIPTPKIIEECEH,purified MHC/direct/fluorescence,Negative,10000.0,HLA-DQA1*03:03/DQB1*04:02,15
MAKKGGEAMDTISVF,purified MHC/direct/fluorescence,Negative,10000.0,HLA-DQA1*03:03/DQB1*04:02,15
MFFVKNPTDTGHGTV,purified MHC/direct/fluorescence,Negative,10000.0,HLA-DQA1*03:03/DQB1*04:02,15
MGGLWKYLNAVSLCI,purified MHC/direct/fluorescence,Negative,10000.0,HLA-DQA1*03:03/DQB1*04:02,15
MKGVERLAVMGDTAW,purified MHC/direct/fluorescence,Negative,10000.0,HLA-DQA1*03:03/DQB1*04:02,15
MKTGRRGSANGKTLG,purified MHC/direct/fluorescence,Negative,10000.0,HLA-DQA1*03:03/DQB1*04:02,15
MLEKTKEDLFGKKNL,purified MHC/direct/fluorescence,Negative,10000.0,HLA-DQA1*03:03/DQB1*04:02,15
MLGARYLEFEALGFL,purified MHC/direct/fluorescence,Negative,10000.0,HLA-DQA1*03:03/DQB1*04:02,15
MMGKREKKLSEFGKA,purified MHC/direct/fluorescence,Negative,10000.0,HLA-DQA1*03:03/DQB1*04:02,15
MMTGRMGERQLQKIE,purified MHC/direct/fluorescence,Negative,10000.0,HLA-DQA1*03:03/DQB1*04:02,15
MSGRKAQGKTLGVNM,purified MHC/direct/fluorescence,Negative,10000.0,HLA-DQA1*03:03/DQB1*04:02,15
MSIHGKGEWMTTEDM,purified MHC/direct/fluorescence,Negative,10000.0,HLA-DQA1*03:03/DQB1*04:02,15
MYKECEWPLTHTIGT,purified MHC/direct/fluorescence,Negative,10000.0,HLA-DQA1*03:03/DQB1*04:02,15
NAVSLCILTINAVASKK,purified MHC/direct/fluorescence,Negative,10000.0,HLA-DQA1*03:03/DQB1*04:02,17
NFGKRELKCGDGIFI,purified MHC/direct/fluorescence,Negative,10000.0,HLA-DQA1*03:03/DQB1*04:02,15
NGVIKILTYPWDRIE,purified MHC/direct/fluorescence,Negative,10000.0,HLA-DQA1*03:03/DQB1*04:02,15
NKIKQKTKQIGNRPG,purified MHC/direct/fluorescence,Negative,10000.0,HLA-DQA1*03:03/DQB1*04:02,15
NNAHHVCWLEASMLL,purified MHC/direct/fluorescence,Negative,10000.0,HLA-DQA1*03:03/DQB1*04:02,15
NSYIAEMETESWIVDKK,purified MHC/direct/fluorescence,Negative,10000.0,HLA-DQA1*03:03/DQB1*04:02,17
NVYQRGTHPFSRIRD,purified MHC/direct/fluorescence,Negative,10000.0,HLA-DQA1*03:03/DQB1*04:02,15
PDKPSLDISLETVAID,purified MHC/direct/fluorescence,Negative,10000.0,HLA-DQA1*03:03/DQB1*04:02,16
PEMPALYEKKLALYL,purified MHC/direct/fluorescence,Negative,10000.0,HLA-DQA1*03:03/DQB1*04:02,15
PIVNRNGEVIGLYGN,purified MHC/direct/fluorescence,Negative,10000.0,HLA-DQA1*03:03/DQB1*04:02,15
PKQMLVGGVVLLGAMK,purified MHC/direct/fluorescence,Negative,10000.0,HLA-DQA1*03:03/DQB1*04:02,16
PSSASPWSWPDLDLK,purified MHC/direct/fluorescence,Negative,10000.0,HLA-DQA1*03:03/DQB1*04:02,15
PTMLKKGMTTVLDFH,purified MHC/direct/fluorescence,Negative,10000.0,HLA-DQA1*03:03/DQB1*04:02,15
PTPKIIEECEHLEDG,purified MHC/direct/fluorescence,Negative,10000.0,HLA-DQA1*03:03/DQB1*04:02,15
PTRVVNWEVIIMDEA,purified MHC/direct/fluorescence,Negative,10000.0,HLA-DQA1*03:03/DQB1*04:02,15
PTVDIEEAPEMPALY,purified MHC/direct/fluorescence,Negative,10000.0,HLA-DQA1*03:03/DQB1*04:02,15
QDPKNVYQRGTHPFS,purified MHC/direct/fluorescence,Negative,10000.0,HLA-DQA1*03:03/DQB1*04:02,15
QEVEFIGYGKATLECKK,purified MHC/direct/fluorescence,Negative,10000.0,HLA-DQA1*03:03/DQB1*04:02,17
QGFIFFFLFNILTGK,purified MHC/direct/fluorescence,Negative,10000.0,HLA-DQA1*03:03/DQB1*04:02,15
QRKVFRELVRNCDLP,purified MHC/direct/fluorescence,Negative,10000.0,HLA-DQA1*03:03/DQB1*04:02,15
QRMFTREELIHFPEF,purified MHC/direct/fluorescence,Negative,10000.0,HLA-DQA1*03:03/DQB1*04:02,15
QTDIPSEPWNTGHDW,purified MHC/direct/fluorescence,Negative,10000.0,HLA-DQA1*03:03/DQB1*04:02,15
QWHKEGSSIGKLFTQ,purified MHC/direct/fluorescence,Negative,10000.0,HLA-DQA1*03:03/DQB1*04:02,15
RADEINAIFEENEVD,purified MHC/direct/fluorescence,Negative,10000.0,HLA-DQA1*03:03/DQB1*04:02,15
RAKDPPAGTRKIMKV,purified MHC/direct/fluorescence,Negative,10000.0,HLA-DQA1*03:03/DQB1*04:02,15
RDSDDWLNKYSYYPE,purified MHC/direct/fluorescence,Negative,10000.0,HLA-DQA1*03:03/DQB1*04:02,15
REYPTIKQKKPDFIL,purified MHC/direct/fluorescence,Negative,10000.0,HLA-DQA1*03:03/DQB1*04:02,15
RGDSRLTYQWHKEGS,purified MHC/direct/fluorescence,Negative,10000.0,HLA-DQA1*03:03/DQB1*04:02,15
RIEEVTRMAMTDTTP,purified MHC/direct/fluorescence,Negative,10000.0,HLA-DQA1*03:03/DQB1*04:02,15
RIVVPCREQDELIGR,purified MHC/direct/fluorescence,Negative,10000.0,HLA-DQA1*03:03/DQB1*04:02,15
RKAGKSVVVLNRKTF,purified MHC/direct/fluorescence,Negative,10000.0,HLA-DQA1*03:03/DQB1*04:02,15
RLTYQWHKEGSSIGK,purified MHC/direct/fluorescence,Negative,10000.0,HLA-DQA1*03:03/DQB1*04:02,15
RMRRPTGKVTLEADV,purified MHC/direct/fluorescence,Negative,10000.0,HLA-DQA1*03:03/DQB1*04:02,15
RNGEVIGLYGNGILV,purified MHC/direct/fluorescence,Negative,10000.0,HLA-DQA1*03:03/DQB1*04:02,15
RPGPSRGVQGFIFFF,purified MHC/direct/fluorescence,Negative,10000.0,HLA-DQA1*03:03/DQB1*04:02,15
RRGRIGRNPNRDGDS,purified MHC/direct/fluorescence,Negative,10000.0,HLA-DQA1*03:03/DQB1*04:02,15
RRGSANGKTLGEVWK,purified MHC/direct/fluorescence,Negative,10000.0,HLA-DQA1*03:03/DQB1*04:02,15
RRVFHGVAKNPVVDG,purified MHC/direct/fluorescence,Negative,10000.0,HLA-DQA1*03:03/DQB1*04:02,15
RSLSNKIKQKTKQIG,purified MHC/direct/fluorescence,Negative,10000.0,HLA-DQA1*03:03/DQB1*04:02,15
RTLIGQEKYTDYLTV,purified MHC/direct/fluorescence,Negative,10000.0,HLA-DQA1*03:03/DQB1*04:02,15
RVDGLELKKLGEVSW,purified MHC/direct/fluorescence,Negative,10000.0,HLA-DQA1*03:03/DQB1*04:02,15
RVKLSALTLKGTSYK,purified MHC/direct/fluorescence,Negative,10000.0,HLA-DQA1*03:03/DQB1*04:02,15
SAALGPLIEGNTSLL,purified MHC/direct/fluorescence,Negative,10000.0,HLA-DQA1*03:03/DQB1*04:02,15
SAFQGLFGGLNWITK,purified MHC/direct/fluorescence,Negative,10000.0,HLA-DQA1*03:03/DQB1*04:02,15
SAHGSGREVIDAMCH,purified MHC/direct/fluorescence,Negative,10000.0,HLA-DQA1*03:03/DQB1*04:02,15
SARYDVALSEQGEFK,purified MHC/direct/fluorescence,Negative,10000.0,HLA-DQA1*03:03/DQB1*04:02,15
SCRDQSEAQLALTII,purified MHC/direct/fluorescence,Negative,10000.0,HLA-DQA1*03:03/DQB1*04:02,15
SCTMPPVSFHGSDGC,purified MHC/direct/fluorescence,Negative,10000.0,HLA-DQA1*03:03/DQB1*04:02,15
SEQGEFKLLSEEKVP,purified MHC/direct/fluorescence,Negative,10000.0,HLA-DQA1*03:03/DQB1*04:02,15
SEYMTSWFYDNDNPY,purified MHC/direct/fluorescence,Negative,10000.0,HLA-DQA1*03:03/DQB1*04:02,15
SGSAASMVNGVIKIL,purified MHC/direct/fluorescence,Negative,10000.0,HLA-DQA1*03:03/DQB1*04:02,15
SMSLFEVDQTKIQYV,purified MHC/direct/fluorescence,Negative,10000.0,HLA-DQA1*03:03/DQB1*04:02,15
SNGEIEDVQTDIPSE,purified MHC/direct/fluorescence,Negative,10000.0,HLA-DQA1*03:03/DQB1*04:02,15
SNMTQRVVIALLVLAKK,purified MHC/direct/fluorescence,Negative,10000.0,HLA-DQA1*03:03/DQB1*04:02,17
SPHHKKLAQAVMEMT,purified MHC/direct/fluorescence,Negative,10000.0,HLA-DQA1*03:03/DQB1*04:02,15
SQTEVKEEGKEELQE,purified MHC/direct/fluorescence,Negative,10000.0,HLA-DQA1*03:03/DQB1*04:02,15
SRGVQGFIFFFLFNIKK,purified MHC/direct/fluorescence,Negative,10000.0,HLA-DQA1*03:03/DQB1*04:02,17
SVKEDLVAYGGSWKL,purified MHC/direct/fluorescence,Negative,10000.0,HLA-DQA1*03:03/DQB1*04:02,15
SVVVQDPKNVYQRGT,purified MHC/direct/fluorescence,Negative,10000.0,HLA-DQA1*03:03/DQB1*04:02,15
TAKLRWFHERGYVKL,purified MHC/direct/fluorescence,Negative,10000.0,HLA-DQA1*03:03/DQB1*04:02,15
TARRHLAEGKVDTGV,purified MHC/direct/fluorescence,Negative,10000.0,HLA-DQA1*03:03/DQB1*04:02,15
TAWDFSSAGGFFTSV,purified MHC/direct/fluorescence,Negative,10000.0,HLA-DQA1*03:03/DQB1*04:02,15
TCAKSMSLFEVDQTKKK,purified MHC/direct/fluorescence,Negative,10000.0,HLA-DQA1*03:03/DQB1*04:02,17
TKEDLFGKKNLIPSS,purified MHC/direct/fluorescence,Negative,10000.0,HLA-DQA1*03:03/DQB1*04:02,15
TLGEVWKRELNLLDK,purified MHC/direct/fluorescence,Negative,10000.0,HLA-DQA1*03:03/DQB1*04:02,15
TLVSAVAANELGMLED,purified MHC/direct/fluorescence,Negative,10000.0,HLA-DQA1*03:03/DQB1*04:02,16
TMAEVRLAAMFFCAVKK,purified MHC/direct/fluorescence,Negative,10000.0,HLA-DQA1*03:03/DQB1*04:02,17
TMAGCGYLMFLGGVK,purified MHC/direct/fluorescence,Negative,10000.0,HLA-DQA1*03:03/DQB1*04:02,15
TNNPHMQDKTMVKKW,purified MHC/direct/fluorescence,Negative,10000.0,HLA-DQA1*03:03/DQB1*04:02,15
TRSVETDKGPLDKEA,purified MHC/direct/fluorescence,Negative,10000.0,HLA-DQA1*03:03/DQB1*04:02,15
TRVVLSEMKEAFHGL,purified MHC/direct/fluorescence,Negative,10000.0,HLA-DQA1*03:03/DQB1*04:02,15
TSGSPIVNRNGEVIG,purified MHC/direct/fluorescence,Negative,10000.0,HLA-DQA1*03:03/DQB1*04:02,15
TTPFGQQRVFKEKVD,purified MHC/direct/fluorescence,Negative,10000.0,HLA-DQA1*03:03/DQB1*04:02,15
TVEKWLACGVDNFCV,purified MHC/direct/fluorescence,Negative,10000.0,HLA-DQA1*03:03/DQB1*04:02,15
TVYVGIVTMLSPMLHK,purified MHC/direct/fluorescence,Negative,10000.0,HLA-DQA1*03:03/DQB1*04:02,16
VADDLTAAINKGILV,purified MHC/direct/fluorescence,Negative,10000.0,HLA-DQA1*03:03/DQB1*04:02,15
VALTLTSYLGLTQPF,purified MHC/direct/fluorescence,Negative,10000.0,HLA-DQA1*03:03/DQB1*04:02,15
VASRKASNTILPLMA,purified MHC/direct/fluorescence,Negative,10000.0,HLA-DQA1*03:03/DQB1*04:02,15
VDGNPTVDIEEAPEM,purified MHC/direct/fluorescence,Negative,10000.0,HLA-DQA1*03:03/DQB1*04:02,15
VEIALGGVMGGLWKY,purified MHC/direct/fluorescence,Negative,10000.0,HLA-DQA1*03:03/DQB1*04:02,15
VFKEKVDTRAKDPPA,purified MHC/direct/fluorescence,Negative,10000.0,HLA-DQA1*03:03/DQB1*04:02,15
VFSPGRKNGSFIIDG,purified MHC/direct/fluorescence,Negative,10000.0,HLA-DQA1*03:03/DQB1*04:02,15
VIGLYGNGILVGDNS,purified MHC/direct/fluorescence,Negative,10000.0,HLA-DQA1*03:03/DQB1*04:02,15
VKLEGRVIDLGCGRG,purified MHC/direct/fluorescence,Negative,10000.0,HLA-DQA1*03:03/DQB1*04:02,15
VKVLRPAPGGKAYMD,purified MHC/direct/fluorescence,Negative,10000.0,HLA-DQA1*03:03/DQB1*04:02,15
VLAPYMPDVLEKLEL,purified MHC/direct/fluorescence,Negative,10000.0,HLA-DQA1*03:03/DQB1*04:02,15
VLTLGAAMVEIALGGKK,purified MHC/direct/fluorescence,Negative,10000.0,HLA-DQA1*03:03/DQB1*04:02,17
VLTRLEAWLTEHGCN,purified MHC/direct/fluorescence,Negative,10000.0,HLA-DQA1*03:03/DQB1*04:02,15
VNPIASTNDDEVLIE,purified MHC/direct/fluorescence,Negative,10000.0,HLA-DQA1*03:03/DQB1*04:02,15
VPLEVKREACPGTSV,purified MHC/direct/fluorescence,Negative,10000.0,HLA-DQA1*03:03/DQB1*04:02,15
VQDPKFWELVDEERK,purified MHC/direct/fluorescence,Negative,10000.0,HLA-DQA1*03:03/DQB1*04:02,15
VQTAVDFGNSYIAEM,purified MHC/direct/fluorescence,Negative,10000.0,HLA-DQA1*03:03/DQB1*04:02,15
VRNGKKLIPSWASVK,purified MHC/direct/fluorescence,Negative,10000.0,HLA-DQA1*03:03/DQB1*04:02,15
VSAISQTEVKEEGKE,purified MHC/direct/fluorescence,Negative,10000.0,HLA-DQA1*03:03/DQB1*04:02,15
VSRGTAKLRWFHERG,purified MHC/direct/fluorescence,Negative,10000.0,HLA-DQA1*03:03/DQB1*04:02,15
VTKTSGSAASMVNGV,purified MHC/direct/fluorescence,Negative,10000.0,HLA-DQA1*03:03/DQB1*04:02,15
VTLEADVILPIGTRS,purified MHC/direct/fluorescence,Negative,10000.0,HLA-DQA1*03:03/DQB1*04:02,15
VTRMAMTDTTPFGQQ,purified MHC/direct/fluorescence,Negative,10000.0,HLA-DQA1*03:03/DQB1*04:02,15
VWKRELNLLDKRQFE,purified MHC/direct/fluorescence,Negative,10000.0,HLA-DQA1*03:03/DQB1*04:02,15
VYMDAVFEYTIDCDG,purified MHC/direct/fluorescence,Negative,10000.0,HLA-DQA1*03:03/DQB1*04:02,15
WDTRITEADLDDEQE,purified MHC/direct/fluorescence,Negative,10000.0,HLA-DQA1*03:03/DQB1*04:02,15
WLGARYLEFEALGFLKK,purified MHC/direct/fluorescence,Negative,10000.0,HLA-DQA1*03:03/DQB1*04:02,17
WMTTEDMLEVWNRVW,purified MHC/direct/fluorescence,Negative,10000.0,HLA-DQA1*03:03/DQB1*04:02,15
WSIHGKGEWMTTEDM,purified MHC/direct/fluorescence,Negative,10000.0,HLA-DQA1*03:03/DQB1*04:02,15
YGNGILVGDNSFVSA,purified MHC/direct/fluorescence,Negative,10000.0,HLA-DQA1*03:03/DQB1*04:02,15
YGVEGTKTPVSPGEM,purified MHC/direct/fluorescence,Negative,10000.0,HLA-DQA1*03:03/DQB1*04:02,15
YKRTDIVEVDRDTAR,purified MHC/direct/fluorescence,Negative,10000.0,HLA-DQA1*03:03/DQB1*04:02,15
YMDVISRRDQRGSGQ,purified MHC/direct/fluorescence,Negative,10000.0,HLA-DQA1*03:03/DQB1*04:02,15
YMPDVLEKLELLQRR,purified MHC/direct/fluorescence,Negative,10000.0,HLA-DQA1*03:03/DQB1*04:02,15
YPWDRIEEVTRMAMT,purified MHC/direct/fluorescence,Negative,10000.0,HLA-DQA1*03:03/DQB1*04:02,15
AMYMALIAAFSIRPGK,purified MHC/direct/fluorescence,Negative,10000.0,HLA-DQA1*05:01/DQB1*03:03,16
ANMWSLMYFHKRDMR,purified MHC/direct/fluorescence,Negative,10000.0,HLA-DQA1*05:01/DQB1*03:03,15
AQQSKLAQRRVFHGV,purified MHC/direct/fluorescence,Negative,10000.0,HLA-DQA1*05:01/DQB1*03:03,15
AREKNPRLCTKEEFI,purified MHC/direct/fluorescence,Negative,10000.0,HLA-DQA1*05:01/DQB1*03:03,15
ASTNDDEVLIEVNPP,purified MHC/direct/fluorescence,Negative,10000.0,HLA-DQA1*05:01/DQB1*03:03,15
AVFEYTIDCDGSILG,purified MHC/direct/fluorescence,Negative,10000.0,HLA-DQA1*05:01/DQB1*03:03,15
AVSGDDCVVRPIDDR,purified MHC/direct/fluorescence,Negative,10000.0,HLA-DQA1*05:01/DQB1*03:03,15
CVYNMMGKREKKLSE,purified MHC/direct/fluorescence,Negative,10000.0,HLA-DQA1*05:01/DQB1*03:03,15
DDEVLIEVNPPFGDS,purified MHC/direct/fluorescence,Negative,10000.0,HLA-DQA1*05:01/DQB1*03:03,15
DLGCGRGGWCYYAAA,purified MHC/direct/fluorescence,Negative,10000.0,HLA-DQA1*05:01/DQB1*03:03,15
DRYSVDADLQLGELI,purified MHC/direct/fluorescence,Negative,10000.0,HLA-DQA1*05:01/DQB1*03:03,15
DTAGWDTRITEADLD,purified MHC/direct/fluorescence,Negative,10000.0,HLA-DQA1*05:01/DQB1*03:03,15
DVALSEQGEFKLLSE,purified MHC/direct/fluorescence,Negative,10000.0,HLA-DQA1*05:01/DQB1*03:03,15
DVPYLTKRQDKLCGS,purified MHC/direct/fluorescence,Negative,10000.0,HLA-DQA1*05:01/DQB1*03:03,15
DWLNKYSYYPEDPVK,purified MHC/direct/fluorescence,Negative,10000.0,HLA-DQA1*05:01/DQB1*03:03,15
EDHWASRENSGGGVE,purified MHC/direct/fluorescence,Negative,10000.0,HLA-DQA1*05:01/DQB1*03:03,15
ETDKGPLDKEAIEER,purified MHC/direct/fluorescence,Negative,10000.0,HLA-DQA1*05:01/DQB1*03:03,15
FPCQEWQEVDSILGF,purified MHC/direct/fluorescence,Negative,10000.0,HLA-DQA1*05:01/DQB1*03:03,15
FRHLAREKNPRLCTK,purified MHC/direct/fluorescence,Negative,10000.0,HLA-DQA1*05:01/DQB1*03:03,15
FYADDTAGWDTRITE,purified MHC/direct/fluorescence,Negative,10000.0,HLA-DQA1*05:01/DQB1*03:03,15
GAYLEEQEQWKTANE,purified MHC/direct/fluorescence,Negative,10000.0,HLA-DQA1*05:01/DQB1*03:03,15
GCAINFGKRELKCGD,purified MHC/direct/fluorescence,Negative,10000.0,HLA-DQA1*05:01/DQB1*03:03,15
GDSYIIVGRGDSRLT,purified MHC/direct/fluorescence,Negative,10000.0,HLA-DQA1*05:01/DQB1*03:03,15
GKATLECQVQTAVDFKK,purified MHC/direct/fluorescence,Negative,10000.0,HLA-DQA1*05:01/DQB1*03:03,17
GKEELQEIPTMLKKG,purified MHC/direct/fluorescence,Negative,10000.0,HLA-DQA1*05:01/DQB1*03:03,15
GKGEWMTTEDMLEVW,purified MHC/direct/fluorescence,Negative,10000.0,HLA-DQA1*05:01/DQB1*03:03,15
GLFGGLNWITKVIMG,purified MHC/direct/fluorescence,Negative,10000.0,HLA-DQA1*05:01/DQB1*03:03,15
GPLDKEAIEERVERI,purified MHC/direct/fluorescence,Negative,10000.0,HLA-DQA1*05:01/DQB1*03:03,15
GRTTWSIHGKGEWMT,purified MHC/direct/fluorescence,Negative,10000.0,HLA-DQA1*05:01/DQB1*03:03,15
GSFIIDGKSRKECPF,purified MHC/direct/fluorescence,Negative,10000.0,HLA-DQA1*05:01/DQB1*03:03,15
GVMYNLWKMKTGRRG,purified MHC/direct/fluorescence,Negative,10000.0,HLA-DQA1*05:01/DQB1*03:03,15
HMQDKTMVKKWRDVP,purified MHC/direct/fluorescence,Negative,10000.0,HLA-DQA1*05:01/DQB1*03:03,15
IDGKSRKECPFSNRV,purified MHC/direct/fluorescence,Negative,10000.0,HLA-DQA1*05:01/DQB1*03:03,15
IDGNCDGRGKSTRST,purified MHC/direct/fluorescence,Negative,10000.0,HLA-DQA1*05:01/DQB1*03:03,15
IEEAPEMPALYEKKL,purified MHC/direct/fluorescence,Negative,10000.0,HLA-DQA1*05:01/DQB1*03:03,15
IHHQHVQDCDESVLT,purified MHC/direct/fluorescence,Negative,10000.0,HLA-DQA1*05:01/DQB1*03:03,15
IIEECEHLEDGIYGI,purified MHC/direct/fluorescence,Negative,10000.0,HLA-DQA1*05:01/DQB1*03:03,15
IRDGLQYGWKTWGKN,purified MHC/direct/fluorescence,Negative,10000.0,HLA-DQA1*05:01/DQB1*03:03,15
ITEADLDDEQEILNY,purified MHC/direct/fluorescence,Negative,10000.0,HLA-DQA1*05:01/DQB1*03:03,15
KEAIEERVERIKSEY,purified MHC/direct/fluorescence,Negative,10000.0,HLA-DQA1*05:01/DQB1*03:03,15
KKVGQVTLLDLLKLTVA,purified MHC/direct/fluorescence,Negative,10000.0,HLA-DQA1*05:01/DQB1*03:03,17
KKWKYLNAVSLCILTIN,purified MHC/direct/fluorescence,Negative,10000.0,HLA-DQA1*05:01/DQB1*03:03,17
KKWRDVPYLTKRQDK,purified MHC/direct/fluorescence,Negative,10000.0,HLA-DQA1*05:01/DQB1*03:03,15
KLGEVSWEEEAEISG,purified MHC/direct/fluorescence,Negative,10000.0,HLA-DQA1*05:01/DQB1*03:03,15
KTKNKTNWKQTWTFK,purified MHC/direct/fluorescence,Negative,10000.0,HLA-DQA1*05:01/DQB1*03:03,15
KTMVKKWRDVPYLTK,purified MHC/direct/fluorescence,Negative,10000.0,HLA-DQA1*05:01/DQB1*03:03,15
KVDTRAKDPPAGTRK,purified MHC/direct/fluorescence,Negative,10000.0,HLA-DQA1*05:01/DQB1*03:03,15
LELKKLGEVSWEEEA,purified MHC/direct/fluorescence,Negative,10000.0,HLA-DQA1*05:01/DQB1*03:03,15
LIEVNPPFGDSYIIV,purified MHC/direct/fluorescence,Negative,10000.0,HLA-DQA1*05:01/DQB1*03:03,15
LKGTSYKICTDKMFF,purified MHC/direct/fluorescence,Negative,10000.0,HLA-DQA1*05:01/DQB1*03:03,15
LRDDQRKVFRELVRN,purified MHC/direct/fluorescence,Negative,10000.0,HLA-DQA1*05:01/DQB1*03:03,15
LTEHGCNRLKRMAVS,purified MHC/direct/fluorescence,Negative,10000.0,HLA-DQA1*05:01/DQB1*03:03,15
LTVMDRYSVDADLQL,purified MHC/direct/fluorescence,Negative,10000.0,HLA-DQA1*05:01/DQB1*03:03,15
LVDEERKLHQQGRCR,purified MHC/direct/fluorescence,Negative,10000.0,HLA-DQA1*05:01/DQB1*03:03,15
LVVLSELPDFLAKKG,purified MHC/direct/fluorescence,Negative,10000.0,HLA-DQA1*05:01/DQB1*03:03,15
MKVVNRWLFRHLARE,purified MHC/direct/fluorescence,Negative,10000.0,HLA-DQA1*05:01/DQB1*03:03,15
MLEKTKEDLFGKKNL,purified MHC/direct/fluorescence,Negative,10000.0,HLA-DQA1*05:01/DQB1*03:03,15
MLGARYLEFEALGFL,purified MHC/direct/fluorescence,Negative,10000.0,HLA-DQA1*05:01/DQB1*03:03,15
MMGKREKKLSEFGKA,purified MHC/direct/fluorescence,Negative,10000.0,HLA-DQA1*05:01/DQB1*03:03,15
MMTGRMGERQLQKIE,purified MHC/direct/fluorescence,Negative,10000.0,HLA-DQA1*05:01/DQB1*03:03,15
NFGKRELKCGDGIFI,purified MHC/direct/fluorescence,Negative,10000.0,HLA-DQA1*05:01/DQB1*03:03,15
NKIKQKTKQIGNRPG,purified MHC/direct/fluorescence,Negative,10000.0,HLA-DQA1*05:01/DQB1*03:03,15
NLWKMKTGRRGSANG,purified MHC/direct/fluorescence,Negative,10000.0,HLA-DQA1*05:01/DQB1*03:03,15
NRWLFRHLAREKNPR,purified MHC/direct/fluorescence,Negative,10000.0,HLA-DQA1*05:01/DQB1*03:03,15
PFCSHHFHELQLKDG,purified MHC/direct/fluorescence,Negative,10000.0,HLA-DQA1*05:01/DQB1*03:03,15
PPAGTRKIMKVVNRW,purified MHC/direct/fluorescence,Negative,10000.0,HLA-DQA1*05:01/DQB1*03:03,15
PTPKIIEECEHLEDG,purified MHC/direct/fluorescence,Negative,10000.0,HLA-DQA1*05:01/DQB1*03:03,15
PTVDIEEAPEMPALY,purified MHC/direct/fluorescence,Negative,10000.0,HLA-DQA1*05:01/DQB1*03:03,15
QGFIFFFLFNILTGK,purified MHC/direct/fluorescence,Negative,10000.0,HLA-DQA1*05:01/DQB1*03:03,15
RADEINAIFEENEVD,purified MHC/direct/fluorescence,Negative,10000.0,HLA-DQA1*05:01/DQB1*03:03,15
RDSDDWLNKYSYYPE,purified MHC/direct/fluorescence,Negative,10000.0,HLA-DQA1*05:01/DQB1*03:03,15
RELKCGDGIFIFRDS,purified MHC/direct/fluorescence,Negative,10000.0,HLA-DQA1*05:01/DQB1*03:03,15
RGDSRLTYQWHKEGS,purified MHC/direct/fluorescence,Negative,10000.0,HLA-DQA1*05:01/DQB1*03:03,15
RRGRIGRNPNRDGDS,purified MHC/direct/fluorescence,Negative,10000.0,HLA-DQA1*05:01/DQB1*03:03,15
RSLSNKIKQKTKQIG,purified MHC/direct/fluorescence,Negative,10000.0,HLA-DQA1*05:01/DQB1*03:03,15
RTLIGQEKYTDYLTV,purified MHC/direct/fluorescence,Negative,10000.0,HLA-DQA1*05:01/DQB1*03:03,15
RVSPGNGWMIKETAC,purified MHC/direct/fluorescence,Negative,10000.0,HLA-DQA1*05:01/DQB1*03:03,15
SMPFLRKTRWTFLLS,purified MHC/direct/fluorescence,Negative,10000.0,HLA-DQA1*05:01/DQB1*03:03,15
SNMTQRVVIALLVLAKK,purified MHC/direct/fluorescence,Negative,10000.0,HLA-DQA1*05:01/DQB1*03:03,17
SPWSWPDLDLKPGAA,purified MHC/direct/fluorescence,Negative,10000.0,HLA-DQA1*05:01/DQB1*03:03,15
SQTEVKEEGKEELQE,purified MHC/direct/fluorescence,Negative,10000.0,HLA-DQA1*05:01/DQB1*03:03,15
SRGVQGFIFFFLFNIKK,purified MHC/direct/fluorescence,Negative,10000.0,HLA-DQA1*05:01/DQB1*03:03,17
SYKICTDKMFFVKNP,purified MHC/direct/fluorescence,Negative,10000.0,HLA-DQA1*05:01/DQB1*03:03,15
TAKLRWFHERGYVKL,purified MHC/direct/fluorescence,Negative,10000.0,HLA-DQA1*05:01/DQB1*03:03,15
TLGEVWKRELNLLDK,purified MHC/direct/fluorescence,Negative,10000.0,HLA-DQA1*05:01/DQB1*03:03,15
TNNPHMQDKTMVKKW,purified MHC/direct/fluorescence,Negative,10000.0,HLA-DQA1*05:01/DQB1*03:03,15
TRSVETDKGPLDKEA,purified MHC/direct/fluorescence,Negative,10000.0,HLA-DQA1*05:01/DQB1*03:03,15
TTPFGQQRVFKEKVD,purified MHC/direct/fluorescence,Negative,10000.0,HLA-DQA1*05:01/DQB1*03:03,15
VDGNPTVDIEEAPEM,purified MHC/direct/fluorescence,Negative,10000.0,HLA-DQA1*05:01/DQB1*03:03,15
VFKEKVDTRAKDPPA,purified MHC/direct/fluorescence,Negative,10000.0,HLA-DQA1*05:01/DQB1*03:03,15
VKEEGKEELQEIPTM,purified MHC/direct/fluorescence,Negative,10000.0,HLA-DQA1*05:01/DQB1*03:03,15
VLTRLEAWLTEHGCN,purified MHC/direct/fluorescence,Negative,10000.0,HLA-DQA1*05:01/DQB1*03:03,15
VNPIASTNDDEVLIE,purified MHC/direct/fluorescence,Negative,10000.0,HLA-DQA1*05:01/DQB1*03:03,15
VQDPKFWELVDEERK,purified MHC/direct/fluorescence,Negative,10000.0,HLA-DQA1*05:01/DQB1*03:03,15
VSRGTAKLRWFHERG,purified MHC/direct/fluorescence,Negative,10000.0,HLA-DQA1*05:01/DQB1*03:03,15
VTKDTNDNNLYKLHG,purified MHC/direct/fluorescence,Negative,10000.0,HLA-DQA1*05:01/DQB1*03:03,15
VWKRELNLLDKRQFE,purified MHC/direct/fluorescence,Negative,10000.0,HLA-DQA1*05:01/DQB1*03:03,15
VYMDAVFEYTIDCDG,purified MHC/direct/fluorescence,Negative,10000.0,HLA-DQA1*05:01/DQB1*03:03,15
WASHIHLVIHRIRTL,purified MHC/direct/fluorescence,Negative,10000.0,HLA-DQA1*05:01/DQB1*03:03,15
WDTRITEADLDDEQE,purified MHC/direct/fluorescence,Negative,10000.0,HLA-DQA1*05:01/DQB1*03:03,15
WLACGVDNFCVKVLAK,purified MHC/direct/fluorescence,Negative,10000.0,HLA-DQA1*05:01/DQB1*03:03,16
YGGSWKLEGRWDGEE,purified MHC/direct/fluorescence,Negative,10000.0,HLA-DQA1*05:01/DQB1*03:03,15
YMPDVLEKLELLQRR,purified MHC/direct/fluorescence,Negative,10000.0,HLA-DQA1*05:01/DQB1*03:03,15
AEMVIHHQHVQDCDE,purified MHC/direct/fluorescence,Negative,10000.0,HLA-DQA1*02:01/DQB1*03:01,15
AHLAEENEGDNACKR,purified MHC/direct/fluorescence,Negative,10000.0,HLA-DQA1*02:01/DQB1*03:01,15
ALYEKKLALYLLLAL,purified MHC/direct/fluorescence,Negative,10000.0,HLA-DQA1*02:01/DQB1*03:01,15
AMTDTTPFGQQRVFK,purified MHC/direct/fluorescence,Negative,10000.0,HLA-DQA1*02:01/DQB1*03:01,15
AQQSKLAQRRVFHGV,purified MHC/direct/fluorescence,Negative,10000.0,HLA-DQA1*02:01/DQB1*03:01,15
AREKNPRLCTKEEFI,purified MHC/direct/fluorescence,Negative,10000.0,HLA-DQA1*02:01/DQB1*03:01,15
ATPPGTSDEFPHSNG,purified MHC/direct/fluorescence,Negative,10000.0,HLA-DQA1*02:01/DQB1*03:01,15
CKRTYSDRGWGNGCG,purified MHC/direct/fluorescence,Negative,10000.0,HLA-DQA1*02:01/DQB1*03:01,15
CSCRDQSEAQLALTI,purified MHC/direct/fluorescence,Negative,10000.0,HLA-DQA1*02:01/DQB1*03:01,15
CVYNMMGKREKKLSE,purified MHC/direct/fluorescence,Negative,10000.0,HLA-DQA1*02:01/DQB1*03:01,15
DDEVLIEVNPPFGDS,purified MHC/direct/fluorescence,Negative,10000.0,HLA-DQA1*02:01/DQB1*03:01,15
DGCWYPMEIRPRKTHHHHHHH,purified MHC/direct/fluorescence,Negative,10000.0,HLA-DQA1*02:01/DQB1*03:01,21
DGGGFYADDTAGWDT,purified MHC/direct/fluorescence,Negative,10000.0,HLA-DQA1*02:01/DQB1*03:01,15
DLDDEQEILNYMSPH,purified MHC/direct/fluorescence,Negative,10000.0,HLA-DQA1*02:01/DQB1*03:01,15
DLPTHENHGLKTRQE,purified MHC/direct/fluorescence,Negative,10000.0,HLA-DQA1*02:01/DQB1*03:01,15
DPRQGLAVLRKVKRV,purified MHC/direct/fluorescence,Negative,10000.0,HLA-DQA1*02:01/DQB1*03:01,15
DRYSVDADLQLGELI,purified MHC/direct/fluorescence,Negative,10000.0,HLA-DQA1*02:01/DQB1*03:01,15
DVALSEQGEFKLLSE,purified MHC/direct/fluorescence,Negative,10000.0,HLA-DQA1*02:01/DQB1*03:01,15
DVPYLTKRQDKLCGS,purified MHC/direct/fluorescence,Negative,10000.0,HLA-DQA1*02:01/DQB1*03:01,15
EDHWASRENSGGGVE,purified MHC/direct/fluorescence,Negative,10000.0,HLA-DQA1*02:01/DQB1*03:01,15
EDMLEVWNRVWITNN,purified MHC/direct/fluorescence,Negative,10000.0,HLA-DQA1*02:01/DQB1*03:01,15
EENEGDNACKRTYSD,purified MHC/direct/fluorescence,Negative,10000.0,HLA-DQA1*02:01/DQB1*03:01,15
EEPDDIDCWCYGVEN,purified MHC/direct/fluorescence,Negative,10000.0,HLA-DQA1*02:01/DQB1*03:01,15
EGRKVAIKGPLRISA,purified MHC/direct/fluorescence,Negative,10000.0,HLA-DQA1*02:01/DQB1*03:01,15
ELQMSWLPLCVRLER,purified MHC/direct/fluorescence,Negative,10000.0,HLA-DQA1*02:01/DQB1*03:01,15
EQEILNYMSPHHKKLHHHHHH,purified MHC/direct/fluorescence,Negative,10000.0,HLA-DQA1*02:01/DQB1*03:01,21
ETDKGPLDKEAIEER,purified MHC/direct/fluorescence,Negative,10000.0,HLA-DQA1*02:01/DQB1*03:01,15
FIFFFLFNI,purified MHC/direct/fluorescence,Negative,10000.0,HLA-DQA1*02:01/DQB1*03:01,9
FPCQEWQEVDSILGF,purified MHC/direct/fluorescence,Negative,10000.0,HLA-DQA1*02:01/DQB1*03:01,15
FRHLAREKNPRLCTK,purified MHC/direct/fluorescence,Negative,10000.0,HLA-DQA1*02:01/DQB1*03:01,15
FYADDTAGWDTRITE,purified MHC/direct/fluorescence,Negative,10000.0,HLA-DQA1*02:01/DQB1*03:01,15
GAGKTRRFLPQILAEHHHHHH,purified MHC/direct/fluorescence,Negative,10000.0,HLA-DQA1*02:01/DQB1*03:01,21
GCNRLKRMAVSGDDC,purified MHC/direct/fluorescence,Negative,10000.0,HLA-DQA1*02:01/DQB1*03:01,15
GDNACKRTYSDRGWG,purified MHC/direct/fluorescence,Negative,10000.0,HLA-DQA1*02:01/DQB1*03:01,15
GDSYIIVGRGDSRLT,purified MHC/direct/fluorescence,Negative,10000.0,HLA-DQA1*02:01/DQB1*03:01,15
GEMRLRDDQRKVFRE,purified MHC/direct/fluorescence,Negative,10000.0,HLA-DQA1*02:01/DQB1*03:01,15
GGTVIRNPLSRNSTH,purified MHC/direct/fluorescence,Negative,10000.0,HLA-DQA1*02:01/DQB1*03:01,15
GKAKGSRAIWYMWLG,purified MHC/direct/fluorescence,Negative,10000.0,HLA-DQA1*02:01/DQB1*03:01,15
GKEELQEIPTMLKKG,purified MHC/direct/fluorescence,Negative,10000.0,HLA-DQA1*02:01/DQB1*03:01,15
GKEFIRCLALPFRGY,purified MHC/direct/fluorescence,Negative,10000.0,HLA-DQA1*02:01/DQB1*03:01,15
GLAVLRKVKRVVASL,purified MHC/direct/fluorescence,Negative,10000.0,HLA-DQA1*02:01/DQB1*03:01,15
GLCAFLATRIFGRRS,purified MHC/direct/fluorescence,Negative,10000.0,HLA-DQA1*02:01/DQB1*03:01,15
GPLDKEAIEERVERI,purified MHC/direct/fluorescence,Negative,10000.0,HLA-DQA1*02:01/DQB1*03:01,15
GQQRVFKEKVDTRAK,purified MHC/direct/fluorescence,Negative,10000.0,HLA-DQA1*02:01/DQB1*03:01,15
GRKNGSFIIDGKSRK,purified MHC/direct/fluorescence,Negative,10000.0,HLA-DQA1*02:01/DQB1*03:01,15
GSGGVWREMHHLVEF,purified MHC/direct/fluorescence,Negative,10000.0,HLA-DQA1*02:01/DQB1*03:01,15
GSRAIWYMWLGARYL,purified MHC/direct/fluorescence,Negative,10000.0,HLA-DQA1*02:01/DQB1*03:01,15
GSRAIWYMWLGARYLHHHHHH,purified MHC/direct/fluorescence,Negative,10000.0,HLA-DQA1*02:01/DQB1*03:01,21
GVKGFTLGRDGHEKP,purified MHC/direct/fluorescence,Negative,10000.0,HLA-DQA1*02:01/DQB1*03:01,15
GVKPTHISYIMLIFF,purified MHC/direct/fluorescence,Negative,10000.0,HLA-DQA1*02:01/DQB1*03:01,15
GVTLVRKNRWLLLNV,purified MHC/direct/fluorescence,Negative,10000.0,HLA-DQA1*02:01/DQB1*03:01,15
GWGNGCGLFGKGSIV,purified MHC/direct/fluorescence,Negative,10000.0,HLA-DQA1*02:01/DQB1*03:01,15
GWNDWENVPFCSHHF,purified MHC/direct/fluorescence,Negative,10000.0,HLA-DQA1*02:01/DQB1*03:01,15
HDWILADKRPTAWFL,purified MHC/direct/fluorescence,Negative,10000.0,HLA-DQA1*02:01/DQB1*03:01,15
HDWILADKRPTAWFLHHHHHH,purified MHC/direct/fluorescence,Negative,10000.0,HLA-DQA1*02:01/DQB1*03:01,21
HGVAKNPVVDGNPTV,purified MHC/direct/fluorescence,Negative,10000.0,HLA-DQA1*02:01/DQB1*03:01,15
HVGAKQENWNTDIKT,purified MHC/direct/fluorescence,Negative,10000.0,HLA-DQA1*02:01/DQB1*03:01,15
IDGKSRKECPFSNRV,purified MHC/direct/fluorescence,Negative,10000.0,HLA-DQA1*02:01/DQB1*03:01,15
IEEAPEMPALYEKKL,purified MHC/direct/fluorescence,Negative,10000.0,HLA-DQA1*02:01/DQB1*03:01,15
IGITDRDFI,purified MHC/direct/fluorescence,Negative,10000.0,HLA-DQA1*02:01/DQB1*03:01,9
IITFKDKTDIHRLEP,purified MHC/direct/fluorescence,Negative,10000.0,HLA-DQA1*02:01/DQB1*03:01,15
INAIFEENEVDISVV,purified MHC/direct/fluorescence,Negative,10000.0,HLA-DQA1*02:01/DQB1*03:01,15
IRNPLSRNSTHEMYY,purified MHC/direct/fluorescence,Negative,10000.0,HLA-DQA1*02:01/DQB1*03:01,15
IRPRKTHESHLVRSW,purified MHC/direct/fluorescence,Negative,10000.0,HLA-DQA1*02:01/DQB1*03:01,15
ITAHLKRLWKMLDPR,purified MHC/direct/fluorescence,Negative,10000.0,HLA-DQA1*02:01/DQB1*03:01,15
ITEADLDDEQEILNY,purified MHC/direct/fluorescence,Negative,10000.0,HLA-DQA1*02:01/DQB1*03:01,15
IWYMWLGARYLEFEAHHHHHH,purified MHC/direct/fluorescence,Negative,10000.0,HLA-DQA1*02:01/DQB1*03:01,21
KAQGKTLGVNMVRRG,purified MHC/direct/fluorescence,Negative,10000.0,HLA-DQA1*02:01/DQB1*03:01,15
KDKTDIHRLEPVKCD,purified MHC/direct/fluorescence,Negative,10000.0,HLA-DQA1*02:01/DQB1*03:01,15
KEAIEERVERIKSEY,purified MHC/direct/fluorescence,Negative,10000.0,HLA-DQA1*02:01/DQB1*03:01,15
KEFIRCLALPFRGYL,purified MHC/direct/fluorescence,Negative,10000.0,HLA-DQA1*02:01/DQB1*03:01,15
KFWELVDEERKLHQQ,purified MHC/direct/fluorescence,Negative,10000.0,HLA-DQA1*02:01/DQB1*03:01,15
KIERWFVRNPFFAVT,purified MHC/direct/fluorescence,Negative,10000.0,HLA-DQA1*02:01/DQB1*03:01,15
KKDNQVAYLIIGILTLV,purified MHC/direct/fluorescence,Negative,10000.0,HLA-DQA1*02:01/DQB1*03:01,17
KKKKLALYLLLALSLAS,purified MHC/direct/fluorescence,Negative,10000.0,HLA-DQA1*02:01/DQB1*03:01,17
KKLAQAVMEMTYKNK,purified MHC/direct/fluorescence,Negative,10000.0,HLA-DQA1*02:01/DQB1*03:01,15
KKPFALLLVLAGWLFHV,purified MHC/direct/fluorescence,Negative,10000.0,HLA-DQA1*02:01/DQB1*03:01,17
KKPLRPRWCDERVSS,purified MHC/direct/fluorescence,Negative,10000.0,HLA-DQA1*02:01/DQB1*03:01,15
KKRGNHYAFVGVMYNLW,purified MHC/direct/fluorescence,Negative,10000.0,HLA-DQA1*02:01/DQB1*03:01,17
KKTHISYIMLIFFVLMV,purified MHC/direct/fluorescence,Negative,10000.0,HLA-DQA1*02:01/DQB1*03:01,17
KKWKYLNAVSLCILTIN,purified MHC/direct/fluorescence,Negative,10000.0,HLA-DQA1*02:01/DQB1*03:01,17
KRQGPKQMLVGGVVL,purified MHC/direct/fluorescence,Negative,10000.0,HLA-DQA1*02:01/DQB1*03:01,15
KRVVASLMRGLSSRK,purified MHC/direct/fluorescence,Negative,10000.0,HLA-DQA1*02:01/DQB1*03:01,15
KTKNKTNWKQTWTFK,purified MHC/direct/fluorescence,Negative,10000.0,HLA-DQA1*02:01/DQB1*03:01,15
KVDTRAKDPPAGTRK,purified MHC/direct/fluorescence,Negative,10000.0,HLA-DQA1*02:01/DQB1*03:01,15
KWCFEGPEEHEILND,purified MHC/direct/fluorescence,Negative,10000.0,HLA-DQA1*02:01/DQB1*03:01,15
LASVAMCRTPFSLAEHHHHHH,purified MHC/direct/fluorescence,Negative,10000.0,HLA-DQA1*02:01/DQB1*03:01,21
LDYKECEWPLTHTIG,purified MHC/direct/fluorescence,Negative,10000.0,HLA-DQA1*02:01/DQB1*03:01,15
LGWNIITFKDKTDIH,purified MHC/direct/fluorescence,Negative,10000.0,HLA-DQA1*02:01/DQB1*03:01,15
LHQNFKDTSMQKTIP,purified MHC/direct/fluorescence,Negative,10000.0,HLA-DQA1*02:01/DQB1*03:01,15
LKRLWKMLDPRQGLA,purified MHC/direct/fluorescence,Negative,10000.0,HLA-DQA1*02:01/DQB1*03:01,15
LLCGIGCAMLHWSLIK,purified MHC/direct/fluorescence,Negative,10000.0,HLA-DQA1*02:01/DQB1*03:01,16
LLDKRQFEL,purified MHC/direct/fluorescence,Negative,10000.0,HLA-DQA1*02:01/DQB1*03:01,9
LLMRRMRRPTGKVTL,purified MHC/direct/fluorescence,Negative,10000.0,HLA-DQA1*02:01/DQB1*03:01,15
LLVLAGWLFHVRGAR,purified MHC/direct/fluorescence,Negative,10000.0,HLA-DQA1*02:01/DQB1*03:01,15
LQEIPTMLKKGMTTV,purified MHC/direct/fluorescence,Negative,10000.0,HLA-DQA1*02:01/DQB1*03:01,15
LRDDQRKVFRELVRN,purified MHC/direct/fluorescence,Negative,10000.0,HLA-DQA1*02:01/DQB1*03:01,15
LRKVKRVVASLMRGLHHHHHH,purified MHC/direct/fluorescence,Negative,10000.0,HLA-DQA1*02:01/DQB1*03:01,21
LSGSQEVEFIGYGKA,purified MHC/direct/fluorescence,Negative,10000.0,HLA-DQA1*02:01/DQB1*03:01,15
LTEHGCNRLKRMAVS,purified MHC/direct/fluorescence,Negative,10000.0,HLA-DQA1*02:01/DQB1*03:01,15
LTKRQDKLCGSLIGM,purified MHC/direct/fluorescence,Negative,10000.0,HLA-DQA1*02:01/DQB1*03:01,15
LVDEERKLHQQGRCR,purified MHC/direct/fluorescence,Negative,10000.0,HLA-DQA1*02:01/DQB1*03:01,15
MAFQEMENFLGPIAV,purified MHC/direct/fluorescence,Negative,10000.0,HLA-DQA1*02:01/DQB1*03:01,15
MASHIHLVIHRIRTL,purified MHC/direct/fluorescence,Negative,10000.0,HLA-DQA1*02:01/DQB1*03:01,15
MEYLGHNAAGQWLEF,purified MHC/direct/fluorescence,Negative,10000.0,HLA-DQA1*02:01/DQB1*03:01,15
MGGLWKYLNAVSLCIHHHHHH,purified MHC/direct/fluorescence,Negative,10000.0,HLA-DQA1*02:01/DQB1*03:01,21
MHHLVEFEPPHAATI,purified MHC/direct/fluorescence,Negative,10000.0,HLA-DQA1*02:01/DQB1*03:01,15
MKVVNRWLFRHLARE,purified MHC/direct/fluorescence,Negative,10000.0,HLA-DQA1*02:01/DQB1*03:01,15
MLEKTKEDLFGKKNL,purified MHC/direct/fluorescence,Negative,10000.0,HLA-DQA1*02:01/DQB1*03:01,15
MLHHWIKVEYGNLSL,purified MHC/direct/fluorescence,Negative,10000.0,HLA-DQA1*02:01/DQB1*03:01,15
MLSPMLHHWIKVEYG,purified MHC/direct/fluorescence,Negative,10000.0,HLA-DQA1*02:01/DQB1*03:01,15
MTLKGTSYKICTDKM,purified MHC/direct/fluorescence,Negative,10000.0,HLA-DQA1*02:01/DQB1*03:01,15
MWRSRADEINAIFEE,purified MHC/direct/fluorescence,Negative,10000.0,HLA-DQA1*02:01/DQB1*03:01,15
MYKECEWPLTHTIGT,purified MHC/direct/fluorescence,Negative,10000.0,HLA-DQA1*02:01/DQB1*03:01,15
NCPNLSPREEPDDID,purified MHC/direct/fluorescence,Negative,10000.0,HLA-DQA1*02:01/DQB1*03:01,15
NGVIKILTYPWDRIE,purified MHC/direct/fluorescence,Negative,10000.0,HLA-DQA1*02:01/DQB1*03:01,15
NHIPGYKVQTNGPWM,purified MHC/direct/fluorescence,Negative,10000.0,HLA-DQA1*02:01/DQB1*03:01,15
NKIKQKTKQIGNRPG,purified MHC/direct/fluorescence,Negative,10000.0,HLA-DQA1*02:01/DQB1*03:01,15
NLYKLHGGHVSCRVKHHHHHH,purified MHC/direct/fluorescence,Negative,10000.0,HLA-DQA1*02:01/DQB1*03:01,21
NPPFGDSYIIVGRGD,purified MHC/direct/fluorescence,Negative,10000.0,HLA-DQA1*02:01/DQB1*03:01,15
NPYRTWHYCGSYVTK,purified MHC/direct/fluorescence,Negative,10000.0,HLA-DQA1*02:01/DQB1*03:01,15
NRWLFRHLAREKNPR,purified MHC/direct/fluorescence,Negative,10000.0,HLA-DQA1*02:01/DQB1*03:01,15
PGGAKKPLRPRWCDE,purified MHC/direct/fluorescence,Negative,10000.0,HLA-DQA1*02:01/DQB1*03:01,15
PTPKIIEECEHLEDG,purified MHC/direct/fluorescence,Negative,10000.0,HLA-DQA1*02:01/DQB1*03:01,15
PVSPGEMRLRDDQRK,purified MHC/direct/fluorescence,Negative,10000.0,HLA-DQA1*02:01/DQB1*03:01,15
PWMQVPLEVKREACP,purified MHC/direct/fluorescence,Negative,10000.0,HLA-DQA1*02:01/DQB1*03:01,15
QGFIFFFLFNILTGK,purified MHC/direct/fluorescence,Negative,10000.0,HLA-DQA1*02:01/DQB1*03:01,15
QPSKGWNDWENVPFC,purified MHC/direct/fluorescence,Negative,10000.0,HLA-DQA1*02:01/DQB1*03:01,15
QRMFTREELIHFPEF,purified MHC/direct/fluorescence,Negative,10000.0,HLA-DQA1*02:01/DQB1*03:01,15
QRRFGGTVIRNPLSR,purified MHC/direct/fluorescence,Negative,10000.0,HLA-DQA1*02:01/DQB1*03:01,15
QWAQDLTLPWQSGSG,purified MHC/direct/fluorescence,Negative,10000.0,HLA-DQA1*02:01/DQB1*03:01,15
QWHKEGSSIGKLFTQ,purified MHC/direct/fluorescence,Negative,10000.0,HLA-DQA1*02:01/DQB1*03:01,15
QWHKEGSSIGKLFTQHHHHHH,purified MHC/direct/fluorescence,Negative,10000.0,HLA-DQA1*02:01/DQB1*03:01,21
RADEINAIFEENEVD,purified MHC/direct/fluorescence,Negative,10000.0,HLA-DQA1*02:01/DQB1*03:01,15
RAKDPPAGTRKIMKV,purified MHC/direct/fluorescence,Negative,10000.0,HLA-DQA1*02:01/DQB1*03:01,15
RAQLHVGAKQENWNT,purified MHC/direct/fluorescence,Negative,10000.0,HLA-DQA1*02:01/DQB1*03:01,15
RCRTCVYNMMGKREK,purified MHC/direct/fluorescence,Negative,10000.0,HLA-DQA1*02:01/DQB1*03:01,15
RGGMVAPLYGVEGTK,purified MHC/direct/fluorescence,Negative,10000.0,HLA-DQA1*02:01/DQB1*03:01,15
RGLSSRKRRSHDVLT,purified MHC/direct/fluorescence,Negative,10000.0,HLA-DQA1*02:01/DQB1*03:01,15
RLGKEFIRCLALPFR,purified MHC/direct/fluorescence,Negative,10000.0,HLA-DQA1*02:01/DQB1*03:01,15
RLTYQWHKEGSSIGK,purified MHC/direct/fluorescence,Negative,10000.0,HLA-DQA1*02:01/DQB1*03:01,15
RMAEAEMVIHHQHVQ,purified MHC/direct/fluorescence,Negative,10000.0,HLA-DQA1*02:01/DQB1*03:01,15
RPIDDRFGLAL,purified MHC/direct/fluorescence,Negative,10000.0,HLA-DQA1*02:01/DQB1*03:01,11
RRAIDLPTHENHGLK,purified MHC/direct/fluorescence,Negative,10000.0,HLA-DQA1*02:01/DQB1*03:01,15
RRGRIGRNPNRDGDS,purified MHC/direct/fluorescence,Negative,10000.0,HLA-DQA1*02:01/DQB1*03:01,15
RSLSNKIKQKTKQIG,purified MHC/direct/fluorescence,Negative,10000.0,HLA-DQA1*02:01/DQB1*03:01,15
RYLEFEALGFLNEDH,purified MHC/direct/fluorescence,Negative,10000.0,HLA-DQA1*02:01/DQB1*03:01,15
SEQGEFKLLSEEKVP,purified MHC/direct/fluorescence,Negative,10000.0,HLA-DQA1*02:01/DQB1*03:01,15
SKAYANMWSLMYFHK,purified MHC/direct/fluorescence,Negative,10000.0,HLA-DQA1*02:01/DQB1*03:01,15
SLETVAIDRPAEVRK,purified MHC/direct/fluorescence,Negative,10000.0,HLA-DQA1*02:01/DQB1*03:01,15
SLETVAIDRPAEVRKHHHHHH,purified MHC/direct/fluorescence,Negative,10000.0,HLA-DQA1*02:01/DQB1*03:01,21
SLMYFHKRDMRLLSL,purified MHC/direct/fluorescence,Negative,10000.0,HLA-DQA1*02:01/DQB1*03:01,15
SMEYNCPNLSPREEP,purified MHC/direct/fluorescence,Negative,10000.0,HLA-DQA1*02:01/DQB1*03:01,15
SPWSWPDLDLKPGAA,purified MHC/direct/fluorescence,Negative,10000.0,HLA-DQA1*02:01/DQB1*03:01,15
SQTEVKEEGKEELQE,purified MHC/direct/fluorescence,Negative,10000.0,HLA-DQA1*02:01/DQB1*03:01,15
SRGVQGFIFFFLFNIKK,purified MHC/direct/fluorescence,Negative,10000.0,HLA-DQA1*02:01/DQB1*03:01,17
SRRSRRAIDLPTHEN,purified MHC/direct/fluorescence,Negative,10000.0,HLA-DQA1*02:01/DQB1*03:01,15
SVKEDLVAYGGSWKL,purified MHC/direct/fluorescence,Negative,10000.0,HLA-DQA1*02:01/DQB1*03:01,15
SVVVQDPKNVYQRGTHHHHHH,purified MHC/direct/fluorescence,Negative,10000.0,HLA-DQA1*02:01/DQB1*03:01,21
TAKLRWFHERGYVKL,purified MHC/direct/fluorescence,Negative,10000.0,HLA-DQA1*02:01/DQB1*03:01,15
TIKQKKPDFILATDI,purified MHC/direct/fluorescence,Negative,10000.0,HLA-DQA1*02:01/DQB1*03:01,15
TKPSLFKVRNGGEIG,purified MHC/direct/fluorescence,Negative,10000.0,HLA-DQA1*02:01/DQB1*03:01,15
TLEALDYKECEWPLT,purified MHC/direct/fluorescence,Negative,10000.0,HLA-DQA1*02:01/DQB1*03:01,15
TRKIMKVVNRWLFRH,purified MHC/direct/fluorescence,Negative,10000.0,HLA-DQA1*02:01/DQB1*03:01,15
TRKIMKVVNRWLFRHHHHHH,purified MHC/direct/fluorescence,Negative,10000.0,HLA-DQA1*02:01/DQB1*03:01,20
TRRFLPQILAECARRHHHHHH,purified MHC/direct/fluorescence,Negative,10000.0,HLA-DQA1*02:01/DQB1*03:01,21
TRSVETDKGPLDKEA,purified MHC/direct/fluorescence,Negative,10000.0,HLA-DQA1*02:01/DQB1*03:01,15
TSWFYDNDNPYRTWH,purified MHC/direct/fluorescence,Negative,10000.0,HLA-DQA1*02:01/DQB1*03:01,15
TTPFGQQRVFKEKVD,purified MHC/direct/fluorescence,Negative,10000.0,HLA-DQA1*02:01/DQB1*03:01,15
TTVLDFHPGAGKTRR,purified MHC/direct/fluorescence,Negative,10000.0,HLA-DQA1*02:01/DQB1*03:01,15
TVMAPDKPSLDISLE,purified MHC/direct/fluorescence,Negative,10000.0,HLA-DQA1*02:01/DQB1*03:01,15
VAIDRPAEVRKVCYN,purified MHC/direct/fluorescence,Negative,10000.0,HLA-DQA1*02:01/DQB1*03:01,15
VASRKASNTILPLMA,purified MHC/direct/fluorescence,Negative,10000.0,HLA-DQA1*02:01/DQB1*03:01,15
VDFGNSYIAEMETES,purified MHC/direct/fluorescence,Negative,10000.0,HLA-DQA1*02:01/DQB1*03:01,15
VDGNPTVDIEEAPEM,purified MHC/direct/fluorescence,Negative,10000.0,HLA-DQA1*02:01/DQB1*03:01,15
VFKEKVDTRAKDPPA,purified MHC/direct/fluorescence,Negative,10000.0,HLA-DQA1*02:01/DQB1*03:01,15
VFSPGRKNGSFIIDG,purified MHC/direct/fluorescence,Negative,10000.0,HLA-DQA1*02:01/DQB1*03:01,15
VIGLYGNGILVGDNS,purified MHC/direct/fluorescence,Negative,10000.0,HLA-DQA1*02:01/DQB1*03:01,15
VIIMDEAHFLDPASIHHHHHH,purified MHC/direct/fluorescence,Negative,10000.0,HLA-DQA1*02:01/DQB1*03:01,21
VIPEPGQQRSIQDNQ,purified MHC/direct/fluorescence,Negative,10000.0,HLA-DQA1*02:01/DQB1*03:01,15
VIRDLAAMDGGGFYA,purified MHC/direct/fluorescence,Negative,10000.0,HLA-DQA1*02:01/DQB1*03:01,15
VKVLRPAPGGKAYMD,purified MHC/direct/fluorescence,Negative,10000.0,HLA-DQA1*02:01/DQB1*03:01,15
VLIWVGINTRNMTMSK,purified MHC/direct/fluorescence,Negative,10000.0,HLA-DQA1*02:01/DQB1*03:01,16
VLNRKTFEREYPTIK,purified MHC/direct/fluorescence,Negative,10000.0,HLA-DQA1*02:01/DQB1*03:01,15
VLTRLEAWLTEHGCN,purified MHC/direct/fluorescence,Negative,10000.0,HLA-DQA1*02:01/DQB1*03:01,15
VNWEVIIMDEAHFLDHHHHHH,purified MHC/direct/fluorescence,Negative,10000.0,HLA-DQA1*02:01/DQB1*03:01,21
VRKDISEWQPSKGWN,purified MHC/direct/fluorescence,Negative,10000.0,HLA-DQA1*02:01/DQB1*03:01,15
VRKNRWLLLNVTSED,purified MHC/direct/fluorescence,Negative,10000.0,HLA-DQA1*02:01/DQB1*03:01,15
VSMMIAMEVVLRKRQ,purified MHC/direct/fluorescence,Negative,10000.0,HLA-DQA1*02:01/DQB1*03:01,15
VTKDTNDNNLYKLHG,purified MHC/direct/fluorescence,Negative,10000.0,HLA-DQA1*02:01/DQB1*03:01,15
VWKRELNLLDKRQFE,purified MHC/direct/fluorescence,Negative,10000.0,HLA-DQA1*02:01/DQB1*03:01,15
VYMDAVFEYTIDCDG,purified MHC/direct/fluorescence,Negative,10000.0,HLA-DQA1*02:01/DQB1*03:01,15
WASHIHLVIHRIRTL,purified MHC/direct/fluorescence,Negative,10000.0,HLA-DQA1*02:01/DQB1*03:01,15
WDTRITEADLDDEQE,purified MHC/direct/fluorescence,Negative,10000.0,HLA-DQA1*02:01/DQB1*03:01,15
WENVPFCSHHFHELQ,purified MHC/direct/fluorescence,Negative,10000.0,HLA-DQA1*02:01/DQB1*03:01,15
WKLEGRWDGEEEVQL,purified MHC/direct/fluorescence,Negative,10000.0,HLA-DQA1*02:01/DQB1*03:01,15
WKMLDPRQGLAVLRK,purified MHC/direct/fluorescence,Negative,10000.0,HLA-DQA1*02:01/DQB1*03:01,15
YAFVGVMYNLWKMKTK,purified MHC/direct/fluorescence,Negative,10000.0,HLA-DQA1*02:01/DQB1*03:01,16
YDNDNPYRTWHYCGS,purified MHC/direct/fluorescence,Negative,10000.0,HLA-DQA1*02:01/DQB1*03:01,15
YKRTDIVEVDRDTAR,purified MHC/direct/fluorescence,Negative,10000.0,HLA-DQA1*02:01/DQB1*03:01,15
YLIIGILTL,purified MHC/direct/fluorescence,Negative,10000.0,HLA-DQA1*02:01/DQB1*03:01,9
YMDVISRRDQRGSGQ,purified MHC/direct/fluorescence,Negative,10000.0,HLA-DQA1*02:01/DQB1*03:01,15
YSDRGWGNGCGLFGK,purified MHC/direct/fluorescence,Negative,10000.0,HLA-DQA1*02:01/DQB1*03:01,15
AAAGLAAAAPLESRQ,purified MHC/competitive/radioactivity,Negative,50000.0,HLA-DQB1*02:02,15
AAAGLAAAAPLESRQ,purified MHC/competitive/radioactivity,Negative,50000.0,HLA-DQB1*05:01,15
AFKIAATAANAAPTN,purified MHC/competitive/radioactivity,Negative,16916.0,HLA-DQB1*05:01,15
AFKIAATAANAAPTN,purified MHC/competitive/radioactivity,Negative,21605.0,HLA-DQB1*05:02,15
AFKVAATAANAAPAN,purified MHC/competitive/radioactivity,Negative,50000.0,HLA-DQB1*05:02,15
AFKVAATAANAAPAN,purified MHC/competitive/radioactivity,Negative,21644.0,HLA-DQB1*05:03,15
AFLLLGLAGNSSPSA,purified MHC/competitive/radioactivity,Negative,11230.0,HLA-DQB1*03:02,15
AIVYYSMYGHIKKMA,purified MHC/competitive/radioactivity,Negative,32021.0,HLA-DQB1*03:02,15
AIVYYSMYGHIKKMA,purified MHC/competitive/radioactivity,Negative,50000.0,HLA-DQB1*04:02,15
AQGKAFYEAVAKAHQ,purified MHC/competitive/radioactivity,Negative,50000.0,HLA-DQB1*02:02,15
DAFIAALTEALRVIA,purified MHC/competitive/radioactivity,Negative,24876.0,HLA-DQB1*05:02,15
DAFIAALTEALRVIA,purified MHC/competitive/radioactivity,Negative,50000.0,HLA-DQB1*05:03,15
DAYVATLTEALRVIA,purified MHC/competitive/radioactivity,Negative,50000.0,HLA-DQB1*05:01,15
DAYVATLTEALRVIA,purified MHC/competitive/radioactivity,Negative,50000.0,HLA-DQB1*05:02,15
DAYVATLTEALRVIA,purified MHC/competitive/radioactivity,Negative,50000.0,HLA-DQB1*05:03,15
DGVWEIKSDKPLKGP,purified MHC/competitive/radioactivity,Negative,39629.0,HLA-DQB1*03:02,15
DGVWEIKSDKPLKGP,purified MHC/competitive/radioactivity,Negative,50000.0,HLA-DQB1*05:01,15
DGVWEIKSDKPLKGP,purified MHC/competitive/radioactivity,Negative,50000.0,HLA-DQB1*05:03,15
DGVWEIKSDKPLKGP,purified MHC/competitive/radioactivity,Negative,26620.0,HLA-DQB1*06:02,15
DIYNYMEPYVSKVDP,purified MHC/competitive/radioactivity,Negative,13492.0,HLA-DQB1*03:02,15
DIYNYMEPYVSKVDP,purified MHC/competitive/radioactivity,Negative,12122.0,HLA-DQB1*06:02,15
DSYKFIPTLVAAVKQ,purified MHC/competitive/radioactivity,Negative,21294.0,HLA-DQB1*05:01,15
DSYKFIPTLVAAVKQ,purified MHC/competitive/radioactivity,Negative,50000.0,HLA-DQB1*05:02,15
EDTNIYNSNEAFKVE,purified MHC/competitive/radioactivity,Negative,12904.0,HLA-DQB1*05:01,15
EDTNIYNSNEAFKVE,purified MHC/competitive/radioactivity,Negative,11286.0,HLA-DQB1*05:03,15
EHRWREIYNMVKFRM,purified MHC/competitive/radioactivity,Negative,21738.0,HLA-DQB1*02:02,15
EHRWREIYNMVKFRM,purified MHC/competitive/radioactivity,Negative,10587.0,HLA-DQB1*03:01,15
EHRWREIYNMVKFRM,purified MHC/competitive/radioactivity,Negative,39494.0,HLA-DQB1*04:02,15
EIYNMVKFRMIAGQE,purified MHC/competitive/radioactivity,Negative,29098.0,HLA-DQB1*02:02,15
EIYNMVKFRMIAGQE,purified MHC/competitive/radioactivity,Negative,26552.0,HLA-DQB1*05:02,15
EIYNMVKFRMIAGQE,purified MHC/competitive/radioactivity,Negative,11155.0,HLA-DQB1*05:03,15
EKALWIIFSQNMNIK,purified MHC/competitive/radioactivity,Negative,12985.0,HLA-DQB1*05:02,15
ERSLWIIFSKNLNIK,purified MHC/competitive/radioactivity,Negative,27574.0,HLA-DQB1*04:02,15
ESTGGAYDTYKSIPS,purified MHC/competitive/radioactivity,Negative,18032.0,HLA-DQB1*05:02,15
FKAAVAAAAGAPPAD,purified MHC/competitive/radioactivity,Negative,25684.0,HLA-DQB1*02:02,15
FKAAVAAAAGAPPAD,purified MHC/competitive/radioactivity,Negative,11872.0,HLA-DQB1*05:01,15
FTSLEYIEAAKWLLP,purified MHC/competitive/radioactivity,Negative,19481.0,HLA-DQB1*05:02,15
FTSLEYIEAAKWLLP,purified MHC/competitive/radioactivity,Negative,16501.0,HLA-DQB1*05:03,15
GGRLAFQEFMIVPCE,purified MHC/competitive/radioactivity,Negative,32061.0,HLA-DQB1*02:02,15
GGRLAFQEFMIVPSG,purified MHC/competitive/radioactivity,Negative,50000.0,HLA-DQB1*02:02,15
GGSILKISNKFHTKG,purified MHC/competitive/radioactivity,Negative,13610.0,HLA-DQB1*02:01,15
GGSILKISNKFHTKG,purified MHC/competitive/radioactivity,Negative,50000.0,HLA-DQB1*02:02,15
GGSILKISNKFHTKG,purified MHC/competitive/radioactivity,Negative,31293.0,HLA-DQB1*03:02,15
GGSILKISNKFHTKG,purified MHC/competitive/radioactivity,Negative,50000.0,HLA-DQB1*04:02,15
GGSILKISNKYHTKG,purified MHC/competitive/radioactivity,Negative,32210.0,HLA-DQB1*03:02,15
GGSILKISNKYHTKG,purified MHC/competitive/radioactivity,Negative,18603.0,HLA-DQB1*04:02,15
GIFLSVAAGNEAENA,purified MHC/competitive/radioactivity,Negative,50000.0,HLA-DQB1*05:02,15
GIFLSVAAGNEAENA,purified MHC/competitive/radioactivity,Negative,50000.0,HLA-DQB1*05:03,15
GSDEKNLALSIKYNK,purified MHC/competitive/radioactivity,Negative,26713.0,HLA-DQB1*02:01,15
GSDEKNLALSIKYNK,purified MHC/competitive/radioactivity,Negative,30986.0,HLA-DQB1*05:01,15
GSDEKNLALSIKYNK,purified MHC/competitive/radioactivity,Negative,50000.0,HLA-DQB1*05:03,15
GTGSLVITASMSGHI,purified MHC/competitive/radioactivity,Negative,11509.0,HLA-DQB1*03:02,15
GTGSLVITASMSGHI,purified MHC/competitive/radioactivity,Negative,27045.0,HLA-DQB1*05:02,15
GTGSLVITASMSGHI,purified MHC/competitive/radioactivity,Negative,13832.0,HLA-DQB1*05:03,15
IAFFRKEPLKECGGI,purified MHC/competitive/radioactivity,Negative,27269.0,HLA-DQB1*02:01,15
IAFFRKEPLKECGGI,purified MHC/competitive/radioactivity,Negative,26168.0,HLA-DQB1*02:02,15
IAFFRKEPLKECGGI,purified MHC/competitive/radioactivity,Negative,50000.0,HLA-DQB1*03:02,15
IAFFRKEPLKECGGI,purified MHC/competitive/radioactivity,Negative,50000.0,HLA-DQB1*05:01,15
IAFFRKEPLKECGGI,purified MHC/competitive/radioactivity,Negative,50000.0,HLA-DQB1*06:02,15
IASLFAAAGLAAAAP,purified MHC/competitive/radioactivity,Negative,24056.0,HLA-DQB1*05:01,15
IFYDVFFAVANGNEL,purified MHC/competitive/radioactivity,Negative,28703.0,HLA-DQB1*02:02,15
IIFSQNMNIKLKMPL,purified MHC/competitive/radioactivity,Negative,37377.0,HLA-DQB1*02:01,15
IIFSQNMNIKLKMPL,purified MHC/competitive/radioactivity,Negative,24912.0,HLA-DQB1*02:02,15
IIFSQNMNIKLKMPL,purified MHC/competitive/radioactivity,Negative,38760.0,HLA-DQB1*03:01,15
IIFSQNMNIKLKMPL,purified MHC/competitive/radioactivity,Negative,50000.0,HLA-DQB1*03:02,15
IIFSQNMNIKLKMPL,purified MHC/competitive/radioactivity,Negative,25974.0,HLA-DQB1*05:01,15
IIFSQNMNIKLKMPL,purified MHC/competitive/radioactivity,Negative,32436.0,HLA-DQB1*05:02,15
IIFSQNMNIKLKMPL,purified MHC/competitive/radioactivity,Negative,35955.0,HLA-DQB1*05:03,15
IKSDKPLKGPFNFRF,purified MHC/competitive/radioactivity,Negative,33901.0,HLA-DQB1*03:01,15
IKSDKPLKGPFNFRF,purified MHC/competitive/radioactivity,Negative,50000.0,HLA-DQB1*03:02,15
IKSDKPLKGPFNFRF,purified MHC/competitive/radioactivity,Negative,39533.0,HLA-DQB1*04:02,15
IKSDKPLKGPFNFRF,purified MHC/competitive/radioactivity,Negative,38172.0,HLA-DQB1*05:02,15
IKSDKPLKGPFNFRF,purified MHC/competitive/radioactivity,Negative,50000.0,HLA-DQB1*05:03,15
IKSDKPLKGPFNFRF,purified MHC/competitive/radioactivity,Negative,50000.0,HLA-DQB1*06:02,15
INELIASGSEKLASV,purified MHC/competitive/radioactivity,Negative,34647.0,HLA-DQB1*05:01,15
INELIASGSEKLASV,purified MHC/competitive/radioactivity,Negative,25918.0,HLA-DQB1*05:02,15
ITYVATATLPNYCRA,purified MHC/competitive/radioactivity,Negative,17589.0,HLA-DQB1*05:01,15
ITYVATATLPNYCRA,purified MHC/competitive/radioactivity,Negative,14205.0,HLA-DQB1*05:03,15
IVLNHMTGAQSGKGT,purified MHC/competitive/radioactivity,Negative,29771.0,HLA-DQB1*02:01,15
IVLNHMTGAQSGKGT,purified MHC/competitive/radioactivity,Negative,50000.0,HLA-DQB1*02:02,15
IVLNHMTGAQSGKGT,purified MHC/competitive/radioactivity,Negative,26479.0,HLA-DQB1*05:01,15
IVLNHMTGAQSGKGT,purified MHC/competitive/radioactivity,Negative,50000.0,HLA-DQB1*05:02,15
IVLNHMTGAQSGKGT,purified MHC/competitive/radioactivity,Negative,12133.0,HLA-DQB1*05:03,15
KALWIIFSQNMNIKL,purified MHC/competitive/radioactivity,Negative,36682.0,HLA-DQB1*02:02,15
KALWIIFSQNMNIKL,purified MHC/competitive/radioactivity,Negative,20699.0,HLA-DQB1*03:02,15
KALWIIFSQNMNIKL,purified MHC/competitive/radioactivity,Negative,28918.0,HLA-DQB1*04:02,15
KALWIIFSQNMNIKL,purified MHC/competitive/radioactivity,Negative,50000.0,HLA-DQB1*05:02,15
KALWIIFSQNMNIKL,purified MHC/competitive/radioactivity,Negative,29047.0,HLA-DQB1*05:03,15
KFGVAKKANVYAVKV,purified MHC/competitive/radioactivity,Negative,12547.0,HLA-DQB1*03:02,15
KFGVAKKANVYAVKV,purified MHC/competitive/radioactivity,Negative,28997.0,HLA-DQB1*05:01,15
KFGVAKKANVYAVKV,purified MHC/competitive/radioactivity,Negative,10107.0,HLA-DQB1*05:02,15
KVSDDITYVATATLP,purified MHC/competitive/radioactivity,Negative,23106.0,HLA-DQB1*05:01,15
KVSDDITYVATATLP,purified MHC/competitive/radioactivity,Negative,25813.0,HLA-DQB1*05:02,15
KVSDDITYVATATLP,purified MHC/competitive/radioactivity,Negative,19392.0,HLA-DQB1*05:03,15
LEAAVKQAYAATIAA,purified MHC/competitive/radioactivity,Negative,10001.0,HLA-DQB1*05:02,15
LIEKINAGFKAAVAA,purified MHC/competitive/radioactivity,Negative,50000.0,HLA-DQB1*02:02,15
LWEVKSAKPLTGPMN,purified MHC/competitive/radioactivity,Negative,50000.0,HLA-DQB1*03:02,15
LWEVKSAKPLTGPMN,purified MHC/competitive/radioactivity,Negative,50000.0,HLA-DQB1*05:01,15
LWEVKSAKPLTGPMN,purified MHC/competitive/radioactivity,Negative,11264.0,HLA-DQB1*05:03,15
MRNVFDDVVPADFKV,purified MHC/competitive/radioactivity,Negative,20336.0,HLA-DQB1*03:01,15
MRNVFDDVVPADFKV,purified MHC/competitive/radioactivity,Negative,50000.0,HLA-DQB1*03:02,15
MRNVFDDVVPADFKV,purified MHC/competitive/radioactivity,Negative,50000.0,HLA-DQB1*05:01,15
MRNVFDDVVPADFKV,purified MHC/competitive/radioactivity,Negative,39533.0,HLA-DQB1*06:02,15
NGNELLLDLSLTKVN,purified MHC/competitive/radioactivity,Negative,10904.0,HLA-DQB1*06:02,15
NHFFNHHKVMLLGHD,purified MHC/competitive/radioactivity,Negative,28117.0,HLA-DQB1*02:02,15
NHFFNHHKVMLLGHD,purified MHC/competitive/radioactivity,Negative,30130.0,HLA-DQB1*03:02,15
NHFFNHHKVMLLGHD,purified MHC/competitive/radioactivity,Negative,35059.0,HLA-DQB1*04:02,15
NHFFNHHKVMLLGHS,purified MHC/competitive/radioactivity,Negative,10232.0,HLA-DQB1*03:02,15
NHFFNHHKVMLLGHS,purified MHC/competitive/radioactivity,Negative,17866.0,HLA-DQB1*04:02,15
NKAGVRIYVDIVLNH,purified MHC/competitive/radioactivity,Negative,15466.0,HLA-DQB1*02:02,15
NKAGVRIYVDIVLNH,purified MHC/competitive/radioactivity,Negative,12990.0,HLA-DQB1*04:02,15
NLALSIKYNKEGDSM,purified MHC/competitive/radioactivity,Negative,10389.0,HLA-DQB1*05:01,15
NLNIKLNMPLYIAGN,purified MHC/competitive/radioactivity,Negative,10464.0,HLA-DQB1*02:01,15
NLNIKLNMPLYIAGN,purified MHC/competitive/radioactivity,Negative,39726.0,HLA-DQB1*02:02,15
NLNIKLNMPLYIAGN,purified MHC/competitive/radioactivity,Negative,31919.0,HLA-DQB1*03:01,15
NLNIKLNMPLYIAGN,purified MHC/competitive/radioactivity,Negative,50000.0,HLA-DQB1*03:02,15
NLNIKLNMPLYIAGN,purified MHC/competitive/radioactivity,Negative,30440.0,HLA-DQB1*04:02,15
NLNIKLNMPLYIAGN,purified MHC/competitive/radioactivity,Negative,10733.0,HLA-DQB1*05:03,15
NMNIKLKMPLYVAGH,purified MHC/competitive/radioactivity,Negative,50000.0,HLA-DQB1*02:01,15
NMNIKLKMPLYVAGH,purified MHC/competitive/radioactivity,Negative,50000.0,HLA-DQB1*02:02,15
NMNIKLKMPLYVAGH,purified MHC/competitive/radioactivity,Negative,50000.0,HLA-DQB1*03:02,15
NMNIKLKMPLYVAGH,purified MHC/competitive/radioactivity,Negative,27874.0,HLA-DQB1*04:02,15
NMNIKLKMPLYVAGH,purified MHC/competitive/radioactivity,Negative,33698.0,HLA-DQB1*05:01,15
NMNIKLKMPLYVAGH,purified MHC/competitive/radioactivity,Negative,20832.0,HLA-DQB1*05:02,15
NMNIKLKMPLYVAGH,purified MHC/competitive/radioactivity,Negative,11703.0,HLA-DQB1*05:03,15
NMNIKLKMPLYVAGH,purified MHC/competitive/radioactivity,Negative,14453.0,HLA-DQB1*06:02,15
NVFDEVIPTAFTVGK,purified MHC/competitive/radioactivity,Negative,10397.0,HLA-DQB1*03:01,15
NVFDEVIPTAFTVGK,purified MHC/competitive/radioactivity,Negative,12367.0,HLA-DQB1*05:01,15
NVFDEVIPTAFTVGK,purified MHC/competitive/radioactivity,Negative,17499.0,HLA-DQB1*05:02,15
NVFDEVIPTAFTVGK,purified MHC/competitive/radioactivity,Negative,50000.0,HLA-DQB1*06:02,15
PAAAYATATPAAATA,purified MHC/competitive/radioactivity,Negative,11352.0,HLA-DQB1*05:01,15
PNYLALLVKYVDGDG,purified MHC/competitive/radioactivity,Negative,11971.0,HLA-DQB1*02:02,15
PNYLALLVKYVDGDG,purified MHC/competitive/radioactivity,Negative,50000.0,HLA-DQB1*05:03,15
PSVIPAARLFKAFIL,purified MHC/competitive/radioactivity,Negative,11232.0,HLA-DQB1*02:02,15
QGVADAYITLVTLPK,purified MHC/competitive/radioactivity,Negative,31720.0,HLA-DQB1*02:02,15
QIDAFIANAGATADS,purified MHC/competitive/radioactivity,Negative,11040.0,HLA-DQB1*05:01,15
QVAQYKALPVVLENA,purified MHC/competitive/radioactivity,Negative,21374.0,HLA-DQB1*02:02,15
REALAQTHSAIAVII,purified MHC/competitive/radioactivity,Negative,32124.0,HLA-DQB1*05:03,15
RGIEYIQHNGVVQES,purified MHC/competitive/radioactivity,Negative,32412.0,HLA-DQB1*02:02,15
RGIEYIQHNGVVQES,purified MHC/competitive/radioactivity,Negative,12278.0,HLA-DQB1*05:03,15
RTLNKIVYIKPAKNI,purified MHC/competitive/radioactivity,Negative,12465.0,HLA-DQB1*02:02,15
RYANPIAFFRKEPLK,purified MHC/competitive/radioactivity,Negative,25959.0,HLA-DQB1*02:02,15
RYANPIAFFRKEPLK,purified MHC/competitive/radioactivity,Negative,32683.0,HLA-DQB1*03:02,15
SDAKTLVLNIKYTRP,purified MHC/competitive/radioactivity,Negative,19328.0,HLA-DQB1*02:01,15
SDAKTLVLNIKYTRP,purified MHC/competitive/radioactivity,Negative,25717.0,HLA-DQB1*02:02,15
SDAKTLVLNIKYTRP,purified MHC/competitive/radioactivity,Negative,26715.0,HLA-DQB1*03:01,15
SDAKTLVLNIKYTRP,purified MHC/competitive/radioactivity,Negative,19079.0,HLA-DQB1*03:02,15
SDAKTLVLNIKYTRP,purified MHC/competitive/radioactivity,Negative,10584.0,HLA-DQB1*04:02,15
SDAKTLVLNIKYTRP,purified MHC/competitive/radioactivity,Negative,50000.0,HLA-DQB1*05:01,15
SDAKTLVLNIKYTRP,purified MHC/competitive/radioactivity,Negative,50000.0,HLA-DQB1*05:02,15
SDAKTLVLNIKYTRP,purified MHC/competitive/radioactivity,Negative,33924.0,HLA-DQB1*05:03,15
SDAKTLVLNIKYTRP,purified MHC/competitive/radioactivity,Negative,28683.0,HLA-DQB1*06:02,15
SKKDKFVAANAGGTV,purified MHC/competitive/radioactivity,Negative,50000.0,HLA-DQB1*05:01,15
SKKDKFVAANAGGTV,purified MHC/competitive/radioactivity,Negative,26891.0,HLA-DQB1*06:02,15
VAAFTEALRIIAGVL,purified MHC/competitive/radioactivity,Negative,18825.0,HLA-DQB1*02:02,15
VAAFTEALRIIAGVL,purified MHC/competitive/radioactivity,Negative,11612.0,HLA-DQB1*03:02,15
VAAFTEALRIIAGVL,purified MHC/competitive/radioactivity,Negative,10345.0,HLA-DQB1*04:02,15
VAAFTEALRIIAGVL,purified MHC/competitive/radioactivity,Negative,50000.0,HLA-DQB1*05:02,15
VAAFTEALRIIAGVL,purified MHC/competitive/radioactivity,Negative,10912.0,HLA-DQB1*05:03,15
AAAGAEAGKATTEEQ,purified MHC/competitive/radioactivity,Negative,21900.0,HLA-DQA1*05:01/DQB1*02:01,15
AAAGAEAGKATTEEQ,purified MHC/competitive/radioactivity,Negative,46700.0,HLA-DQA1*01:01/DQB1*05:01,15
AAASVPAADKFKTFE,purified MHC/competitive/radioactivity,Negative,14500.0,HLA-DQA1*01:01/DQB1*05:01,15
AAATATATAAVGAAT,purified MHC/competitive/radioactivity,Negative,13200.0,HLA-DQA1*05:01/DQB1*02:01,15
AAATATATAAVGAAT,purified MHC/competitive/radioactivity,Negative,25900.0,HLA-DQA1*01:01/DQB1*05:01,15
AADHAAPEDKYEAFV,purified MHC/competitive/radioactivity,Negative,15800.0,HLA-DQA1*01:01/DQB1*05:01,15
AADHAAPEDKYEAFV,purified MHC/competitive/radioactivity,Negative,27400.0,HLA-DQA1*01:02/DQB1*06:02,15
AAESSSKAALTSKLD,purified MHC/competitive/radioactivity,Negative,34900.0,HLA-DQA1*05:01/DQB1*02:01,15
AAESSSKAALTSKLD,purified MHC/competitive/radioactivity,Negative,46700.0,HLA-DQA1*01:01/DQB1*05:01,15
AAFNNAIKAGTGGAY,purified MHC/competitive/radioactivity,Negative,10700.0,HLA-DQA1*03:01/DQB1*03:02,15
AAFNNAIKAGTGGAY,purified MHC/competitive/radioactivity,Negative,11200.0,HLA-DQA1*05:01/DQB1*02:01,15
AAFNNAIKAGTGGAY,purified MHC/competitive/radioactivity,Negative,46700.0,HLA-DQA1*01:01/DQB1*05:01,15
AAFTSSSKAATAKAP,purified MHC/competitive/radioactivity,Negative,46700.0,HLA-DQA1*05:01/DQB1*02:01,15
AAFTSSSKAATAKAP,purified MHC/competitive/radioactivity,Negative,46700.0,HLA-DQA1*01:01/DQB1*05:01,15
AAGAATTAAGAASGA,purified MHC/competitive/radioactivity,Negative,46700.0,HLA-DQA1*05:01/DQB1*02:01,15
AAGAATTAAGAASGA,purified MHC/competitive/radioactivity,Negative,46700.0,HLA-DQA1*01:01/DQB1*05:01,15
AAGVPPADKYRTFVA,purified MHC/competitive/radioactivity,Negative,46700.0,HLA-DQA1*01:01/DQB1*05:01,15
AAGVPPADKYRTFVA,purified MHC/competitive/radioactivity,Negative,12000.0,HLA-DQA1*01:02/DQB1*06:02,15
AAKEDFLGCLVKEIP,purified MHC/competitive/radioactivity,Negative,33700.0,HLA-DQA1*01:01/DQB1*05:01,15
AAKEDFLGCLVKEIP,purified MHC/competitive/radioactivity,Negative,30100.0,HLA-DQA1*01:02/DQB1*06:02,15
AAKPAAAATATATAA,purified MHC/competitive/radioactivity,Negative,17700.0,HLA-DQA1*05:01/DQB1*02:01,15
AAKPAAAATATATAA,purified MHC/competitive/radioactivity,Negative,46700.0,HLA-DQA1*01:01/DQB1*05:01,15
AALAAAAGVPPADKY,purified MHC/competitive/radioactivity,Negative,12100.0,HLA-DQA1*01:01/DQB1*05:01,15
AAPAAGYTPATPAAP,purified MHC/competitive/radioactivity,Negative,19000.0,HLA-DQA1*05:01/DQB1*02:01,15
AAPAAGYTPATPAAP,purified MHC/competitive/radioactivity,Negative,25900.0,HLA-DQA1*01:01/DQB1*05:01,15
AAPANDKFTVFEAAF,purified MHC/competitive/radioactivity,Negative,19700.0,HLA-DQA1*01:01/DQB1*05:01,15
AAPGAGYTPATPAAP,purified MHC/competitive/radioactivity,Negative,29900.0,HLA-DQA1*05:01/DQB1*02:01,15
AAPGAGYTPATPAAP,purified MHC/competitive/radioactivity,Negative,46700.0,HLA-DQA1*01:01/DQB1*05:01,15
AAPGAGYTPATPAAP,purified MHC/competitive/radioactivity,Negative,24300.0,HLA-DQA1*01:02/DQB1*06:02,15
AAPLSWSKDIYNYME,purified MHC/competitive/radioactivity,Negative,20500.0,HLA-DQA1*03:01/DQB1*03:02,15
AASGAATVAAGGYKV,purified MHC/competitive/radioactivity,Negative,46700.0,HLA-DQA1*05:01/DQB1*02:01,15
AASGAATVAAGGYKV,purified MHC/competitive/radioactivity,Negative,46700.0,HLA-DQA1*01:01/DQB1*05:01,15
AASGADGTYDITKLG,purified MHC/competitive/radioactivity,Negative,16800.0,HLA-DQA1*03:01/DQB1*03:02,15
AASGADGTYDITKLG,purified MHC/competitive/radioactivity,Negative,34600.0,HLA-DQA1*05:01/DQB1*02:01,15
AASGADGTYDITKLG,purified MHC/competitive/radioactivity,Negative,46700.0,HLA-DQA1*01:02/DQB1*06:02,15
AATGAATAATGGYKV,purified MHC/competitive/radioactivity,Negative,44800.0,HLA-DQA1*05:01/DQB1*02:01,15
AATGAATAATGGYKV,purified MHC/competitive/radioactivity,Negative,46700.0,HLA-DQA1*01:01/DQB1*05:01,15
AAVGATPEAKFDSFV,purified MHC/competitive/radioactivity,Negative,12900.0,HLA-DQA1*01:01/DQB1*05:01,15
AAYKLAYKTAEGATP,purified MHC/competitive/radioactivity,Negative,31200.0,HLA-DQA1*01:01/DQB1*05:01,15
ADAGYAPATPAAAGA,purified MHC/competitive/radioactivity,Negative,16800.0,HLA-DQA1*05:01/DQB1*02:01,15
ADAGYAPATPAAAGA,purified MHC/competitive/radioactivity,Negative,46700.0,HLA-DQA1*01:01/DQB1*05:01,15
ADLGYGPATPAAPAA,purified MHC/competitive/radioactivity,Negative,18600.0,HLA-DQA1*03:01/DQB1*03:02,15
ADLGYGPATPAAPAA,purified MHC/competitive/radioactivity,Negative,15600.0,HLA-DQA1*05:01/DQB1*02:01,15
ADLGYGPATPAAPAA,purified MHC/competitive/radioactivity,Negative,33100.0,HLA-DQA1*01:01/DQB1*05:01,15
AEDVIPEGWKADTSY,purified MHC/competitive/radioactivity,Negative,46700.0,HLA-DQA1*01:01/DQB1*05:01,15
AEDVIPEGWKADTSY,purified MHC/competitive/radioactivity,Negative,46700.0,HLA-DQA1*01:02/DQB1*06:02,15
AEEVKVIPAGELQVI,purified MHC/competitive/radioactivity,Negative,46700.0,HLA-DQA1*01:01/DQB1*05:01,15
AEGGKATTEEQKLIE,purified MHC/competitive/radioactivity,Negative,46700.0,HLA-DQA1*01:01/DQB1*05:01,15
AEGLSGEPKGAAESS,purified MHC/competitive/radioactivity,Negative,46700.0,HLA-DQA1*01:01/DQB1*05:01,15
AEGLSGEPKGAAESS,purified MHC/competitive/radioactivity,Negative,10500.0,HLA-DQA1*01:02/DQB1*06:02,15
AEVELRQHGSEEWEP,purified MHC/competitive/radioactivity,Negative,10700.0,HLA-DQA1*05:01/DQB1*03:01,15
AEVELRQHGSEEWEP,purified MHC/competitive/radioactivity,Negative,24200.0,HLA-DQA1*01:01/DQB1*05:01,15
AEVELRQHGSEEWEP,purified MHC/competitive/radioactivity,Negative,13600.0,HLA-DQA1*01:02/DQB1*06:02,15
AFALVLLFCALASSC,purified MHC/competitive/radioactivity,Negative,24700.0,HLA-DQA1*05:01/DQB1*02:01,15
AGAEPAGKATTEEQK,purified MHC/competitive/radioactivity,Negative,46700.0,HLA-DQA1*01:01/DQB1*05:01,15
AGALEVHAVKPVTEE,purified MHC/competitive/radioactivity,Negative,46700.0,HLA-DQA1*01:01/DQB1*05:01,15
AGDGDVVAVDIKEKG,purified MHC/competitive/radioactivity,Negative,17300.0,HLA-DQA1*05:01/DQB1*02:01,15
AGDGDVVAVDIKEKG,purified MHC/competitive/radioactivity,Negative,46700.0,HLA-DQA1*01:01/DQB1*05:01,15
AGDGDVVAVDIKEKG,purified MHC/competitive/radioactivity,Negative,24300.0,HLA-DQA1*01:02/DQB1*06:02,15
AGIMIFDPYGATISA,purified MHC/competitive/radioactivity,Negative,12400.0,HLA-DQA1*05:01/DQB1*02:01,15
AGIMIFDPYGATISA,purified MHC/competitive/radioactivity,Negative,16600.0,HLA-DQA1*01:01/DQB1*05:01,15
AGKATTEEQKLIEKI,purified MHC/competitive/radioactivity,Negative,18700.0,HLA-DQA1*05:01/DQB1*02:01,15
AGKATTEEQKLIEKI,purified MHC/competitive/radioactivity,Negative,14000.0,HLA-DQA1*01:01/DQB1*05:01,15
AGKATTEEQKLIEKI,purified MHC/competitive/radioactivity,Negative,40700.0,HLA-DQA1*01:02/DQB1*06:02,15
AGSYAADLGYGPATP,purified MHC/competitive/radioactivity,Negative,46700.0,HLA-DQA1*01:01/DQB1*05:01,15
AHGIPKVPPGPNITA,purified MHC/competitive/radioactivity,Negative,32700.0,HLA-DQA1*05:01/DQB1*02:01,15
AHGIPKVPPGPNITA,purified MHC/competitive/radioactivity,Negative,32300.0,HLA-DQA1*03:01/DQB1*03:02,15
AHGIPKVPPGPNITA,purified MHC/competitive/radioactivity,Negative,46700.0,HLA-DQA1*01:02/DQB1*06:02,15
AIKAGTGGAYESYKF,purified MHC/competitive/radioactivity,Negative,11800.0,HLA-DQA1*05:01/DQB1*02:01,15
AIKAGTGGAYESYKF,purified MHC/competitive/radioactivity,Negative,46700.0,HLA-DQA1*01:01/DQB1*05:01,15
AIPKVPPGPNITATY,purified MHC/competitive/radioactivity,Negative,27200.0,HLA-DQA1*05:01/DQB1*02:01,15
AIPKVPPGPNITATY,purified MHC/competitive/radioactivity,Negative,46600.0,HLA-DQA1*03:01/DQB1*03:02,15
AIPKVPPGPNITATY,purified MHC/competitive/radioactivity,Negative,46700.0,HLA-DQA1*01:01/DQB1*05:01,15
AIPKVPPGPNITATY,purified MHC/competitive/radioactivity,Negative,29400.0,HLA-DQA1*01:02/DQB1*06:02,15
AITAMSEAQKAAKPA,purified MHC/competitive/radioactivity,Negative,11900.0,HLA-DQA1*05:01/DQB1*02:01,15
AITAMSEAQKAAKPA,purified MHC/competitive/radioactivity,Negative,46700.0,HLA-DQA1*01:01/DQB1*05:01,15
AKDVIPEGWKADTAY,purified MHC/competitive/radioactivity,Negative,46700.0,HLA-DQA1*01:01/DQB1*05:01,15
AKDVIPEGWKADTAY,purified MHC/competitive/radioactivity,Negative,46700.0,HLA-DQA1*01:02/DQB1*06:02,15
AKPDGKTDCTKEVEE,purified MHC/competitive/radioactivity,Negative,26500.0,HLA-DQA1*05:01/DQB1*03:01,15
AKPDGKTDCTKEVEE,purified MHC/competitive/radioactivity,Negative,19700.0,HLA-DQA1*03:01/DQB1*03:02,15
AKPDGKTDCTKEVEE,purified MHC/competitive/radioactivity,Negative,46700.0,HLA-DQA1*05:01/DQB1*02:01,15
AKPDGKTDCTKEVEE,purified MHC/competitive/radioactivity,Negative,29400.0,HLA-DQA1*01:01/DQB1*05:01,15
AKPDGKTDCTKEVEE,purified MHC/competitive/radioactivity,Negative,21200.0,HLA-DQA1*01:02/DQB1*06:02,15
AKSSPAYPSVLGQTI,purified MHC/competitive/radioactivity,Negative,23400.0,HLA-DQA1*03:01/DQB1*03:02,15
AKSSPAYPSVLGQTI,purified MHC/competitive/radioactivity,Negative,46700.0,HLA-DQA1*01:01/DQB1*05:01,15
ALEDDLLNRNNSFKP,purified MHC/competitive/radioactivity,Negative,38500.0,HLA-DQA1*05:01/DQB1*03:01,15
ALEDDLLNRNNSFKP,purified MHC/competitive/radioactivity,Negative,46700.0,HLA-DQA1*05:01/DQB1*02:01,15
ALEDDLLNRNNSFKP,purified MHC/competitive/radioactivity,Negative,28200.0,HLA-DQA1*03:01/DQB1*03:02,15
ALEDDLLNRNNSFKP,purified MHC/competitive/radioactivity,Negative,46700.0,HLA-DQA1*01:01/DQB1*05:01,15
ALEDDLLNRNNSFKP,purified MHC/competitive/radioactivity,Negative,46700.0,HLA-DQA1*01:02/DQB1*06:02,15
ALKESWGAIWRIDTP,purified MHC/competitive/radioactivity,Negative,10200.0,HLA-DQA1*03:01/DQB1*03:02,15
ALRVIAGALEVHAVK,purified MHC/competitive/radioactivity,Negative,22600.0,HLA-DQA1*01:01/DQB1*05:01,15
ALSYYPTPLAKEDFL,purified MHC/competitive/radioactivity,Negative,20600.0,HLA-DQA1*05:01/DQB1*03:01,15
ALSYYPTPLAKEDFL,purified MHC/competitive/radioactivity,Negative,32200.0,HLA-DQA1*01:02/DQB1*06:02,15
ALTKAITAMSEVQKV,purified MHC/competitive/radioactivity,Negative,41600.0,HLA-DQA1*01:01/DQB1*05:01,15
ANGKLHDKKSMGDDH,purified MHC/competitive/radioactivity,Negative,10200.0,HLA-DQA1*05:01/DQB1*03:01,15
ANGKLHDKKSMGDDH,purified MHC/competitive/radioactivity,Negative,46600.0,HLA-DQA1*03:01/DQB1*03:02,15
ANGKLHDKKSMGDDH,purified MHC/competitive/radioactivity,Negative,46700.0,HLA-DQA1*05:01/DQB1*02:01,15
ANGKLHDKKSMGDDH,purified MHC/competitive/radioactivity,Negative,35700.0,HLA-DQA1*01:01/DQB1*05:01,15
ANWIEIMRIKKLTIT,purified MHC/competitive/radioactivity,Negative,10900.0,HLA-DQA1*05:01/DQB1*03:01,15
ANWIEIMRIKKLTIT,purified MHC/competitive/radioactivity,Negative,14100.0,HLA-DQA1*03:01/DQB1*03:02,15
ANWIEIMRIKKLTIT,purified MHC/competitive/radioactivity,Negative,12700.0,HLA-DQA1*05:01/DQB1*02:01,15
APATPAAAGAEAGKA,purified MHC/competitive/radioactivity,Negative,46700.0,HLA-DQA1*01:01/DQB1*05:01,15
APEVKYTVFETALKK,purified MHC/competitive/radioactivity,Negative,20800.0,HLA-DQA1*03:01/DQB1*03:02,15
APEVKYTVFETALKK,purified MHC/competitive/radioactivity,Negative,46700.0,HLA-DQA1*01:01/DQB1*05:01,15
APGAAAAPLSWSKDI,purified MHC/competitive/radioactivity,Negative,46700.0,HLA-DQA1*01:01/DQB1*05:01,15
APGDSPNTDGIHIGD,purified MHC/competitive/radioactivity,Negative,22500.0,HLA-DQA1*05:01/DQB1*03:01,15
APGDSPNTDGIHIGD,purified MHC/competitive/radioactivity,Negative,46600.0,HLA-DQA1*03:01/DQB1*03:02,15
APGDSPNTDGIHIGD,purified MHC/competitive/radioactivity,Negative,30500.0,HLA-DQA1*05:01/DQB1*02:01,15
APGDSPNTDGIHIGD,purified MHC/competitive/radioactivity,Negative,46700.0,HLA-DQA1*01:01/DQB1*05:01,15
APGDSPNTDGIHIGD,purified MHC/competitive/radioactivity,Negative,44300.0,HLA-DQA1*01:02/DQB1*06:02,15
APPPQLPRPPATPPP,purified MHC/competitive/radioactivity,Negative,31600.0,HLA-DQA1*03:01/DQB1*03:02,15
APPPQLPRPPATPPP,purified MHC/competitive/radioactivity,Negative,15400.0,HLA-DQA1*05:01/DQB1*03:01,15
APPPQLPRPPATPPP,purified MHC/competitive/radioactivity,Negative,46700.0,HLA-DQA1*05:01/DQB1*02:01,15
APPPQLPRPPATPPP,purified MHC/competitive/radioactivity,Negative,46700.0,HLA-DQA1*01:01/DQB1*05:01,15
APPPQLPRPPATPPP,purified MHC/competitive/radioactivity,Negative,46700.0,HLA-DQA1*01:02/DQB1*06:02,15
APQLPDDLMIRVIAQ,purified MHC/competitive/radioactivity,Negative,19600.0,HLA-DQA1*05:01/DQB1*03:01,15
APQLPDDLMIRVIAQ,purified MHC/competitive/radioactivity,Negative,46700.0,HLA-DQA1*01:01/DQB1*05:01,15
APTGATTAAAGGYKV,purified MHC/competitive/radioactivity,Negative,46700.0,HLA-DQA1*05:01/DQB1*02:01,15
APTGATTAAAGGYKV,purified MHC/competitive/radioactivity,Negative,46700.0,HLA-DQA1*01:01/DQB1*05:01,15
AQGPKATFEAMYLGT,purified MHC/competitive/radioactivity,Negative,15900.0,HLA-DQA1*03:01/DQB1*03:02,15
AQGPKATFEAMYLGT,purified MHC/competitive/radioactivity,Negative,33100.0,HLA-DQA1*01:01/DQB1*05:01,15
ARVTVKDVTFRNITG,purified MHC/competitive/radioactivity,Negative,10300.0,HLA-DQA1*03:01/DQB1*03:02,15
ARVTVKDVTFRNITG,purified MHC/competitive/radioactivity,Negative,13800.0,HLA-DQA1*05:01/DQB1*02:01,15
ASAAIFGHDGTVWAQ,purified MHC/competitive/radioactivity,Negative,31600.0,HLA-DQA1*01:01/DQB1*05:01,15
ASAAILGHDGTVWAQ,purified MHC/competitive/radioactivity,Negative,44600.0,HLA-DQA1*01:01/DQB1*05:01,15
ASLTEALRVIAGALE,purified MHC/competitive/radioactivity,Negative,46700.0,HLA-DQA1*01:01/DQB1*05:01,15
ASTGGAYESYKFIPA,purified MHC/competitive/radioactivity,Negative,22300.0,HLA-DQA1*01:01/DQB1*05:01,15
ATAANAAPANDKFTV,purified MHC/competitive/radioactivity,Negative,46700.0,HLA-DQA1*01:01/DQB1*05:01,15
ATATATSAVGAPTGA,purified MHC/competitive/radioactivity,Negative,46700.0,HLA-DQA1*01:01/DQB1*05:01,15
ATFEAMYLGTCKTLT,purified MHC/competitive/radioactivity,Negative,16100.0,HLA-DQA1*03:01/DQB1*03:02,15
ATFEAMYLGTCKTLT,purified MHC/competitive/radioactivity,Negative,46700.0,HLA-DQA1*01:01/DQB1*05:01,15
ATISATPESATPFPH,purified MHC/competitive/radioactivity,Negative,46700.0,HLA-DQA1*01:01/DQB1*05:01,15
ATPEAKYDAYVATLS,purified MHC/competitive/radioactivity,Negative,10100.0,HLA-DQA1*01:02/DQB1*06:02,15
ATPPPPPPPQLGASP,purified MHC/competitive/radioactivity,Negative,46700.0,HLA-DQA1*01:01/DQB1*05:01,15
ATSPTAEGGKATTEE,purified MHC/competitive/radioactivity,Negative,27800.0,HLA-DQA1*05:01/DQB1*02:01,15
ATSPTAEGGKATTEE,purified MHC/competitive/radioactivity,Negative,46700.0,HLA-DQA1*01:01/DQB1*05:01,15
ATSPTAEGGKATTEE,purified MHC/competitive/radioactivity,Negative,46700.0,HLA-DQA1*01:02/DQB1*06:02,15
ATTANVPPADKYKTF,purified MHC/competitive/radioactivity,Negative,46700.0,HLA-DQA1*01:01/DQB1*05:01,15
ATVATAPEVKYTVFE,purified MHC/competitive/radioactivity,Negative,46700.0,HLA-DQA1*01:01/DQB1*05:01,15
AVFEAALTKAITAMS,purified MHC/competitive/radioactivity,Negative,46700.0,HLA-DQA1*01:01/DQB1*05:01,15
AVIRGKKGAGGITIK,purified MHC/competitive/radioactivity,Negative,40000.0,HLA-DQA1*03:01/DQB1*03:02,15
AVIRGKKGAGGITIK,purified MHC/competitive/radioactivity,Negative,16800.0,HLA-DQA1*05:01/DQB1*02:01,15
AVIRGKKGAGGITIK,purified MHC/competitive/radioactivity,Negative,46700.0,HLA-DQA1*01:01/DQB1*05:01,15
AVIRGKKGAGGITIK,purified MHC/competitive/radioactivity,Negative,13900.0,HLA-DQA1*01:02/DQB1*06:02,15
AVKPAAEEVKVIPAG,purified MHC/competitive/radioactivity,Negative,46700.0,HLA-DQA1*01:01/DQB1*05:01,15
AVQVTFTVQKGSDPK,purified MHC/competitive/radioactivity,Negative,11700.0,HLA-DQA1*05:01/DQB1*02:01,15
AVQVTFTVQKGSDPK,purified MHC/competitive/radioactivity,Negative,34200.0,HLA-DQA1*01:01/DQB1*05:01,15
AVVCGRRHGVRIRVR,purified MHC/competitive/radioactivity,Negative,19900.0,HLA-DQA1*03:01/DQB1*03:02,15
AVVCGRRHGVRIRVR,purified MHC/competitive/radioactivity,Negative,32700.0,HLA-DQA1*05:01/DQB1*02:01,15
AVVCGRRHGVRIRVR,purified MHC/competitive/radioactivity,Negative,46700.0,HLA-DQA1*01:01/DQB1*05:01,15
AVWGKNSCAKNYNCK,purified MHC/competitive/radioactivity,Negative,46600.0,HLA-DQA1*03:01/DQB1*03:02,15
AVWGKNSCAKNYNCK,purified MHC/competitive/radioactivity,Negative,46700.0,HLA-DQA1*05:01/DQB1*02:01,15
AVWGKNSCAKNYNCK,purified MHC/competitive/radioactivity,Negative,26500.0,HLA-DQA1*01:01/DQB1*05:01,15
AWASACGGTGKNTIV,purified MHC/competitive/radioactivity,Negative,37300.0,HLA-DQA1*03:01/DQB1*03:02,15
AWASACGGTGKNTIV,purified MHC/competitive/radioactivity,Negative,46700.0,HLA-DQA1*05:01/DQB1*02:01,15
AWASACGGTGKNTIV,purified MHC/competitive/radioactivity,Negative,46700.0,HLA-DQA1*01:01/DQB1*05:01,15
AYGIPKVPPGPNITA,purified MHC/competitive/radioactivity,Negative,15600.0,HLA-DQA1*05:01/DQB1*02:01,15
AYGIPKVPPGPNITA,purified MHC/competitive/radioactivity,Negative,38400.0,HLA-DQA1*03:01/DQB1*03:02,15
AYGIPKVPPGPNITA,purified MHC/competitive/radioactivity,Negative,46700.0,HLA-DQA1*01:02/DQB1*06:02,15
AYKTAEGATPEAKYD,purified MHC/competitive/radioactivity,Negative,46700.0,HLA-DQA1*01:01/DQB1*05:01,15
AYPSVLGQTIRNSRW,purified MHC/competitive/radioactivity,Negative,40600.0,HLA-DQA1*03:01/DQB1*03:02,15
AYPSVLGQTIRNSRW,purified MHC/competitive/radioactivity,Negative,46700.0,HLA-DQA1*01:01/DQB1*05:01,15
AYVATVSEALRIIAG,purified MHC/competitive/radioactivity,Negative,46700.0,HLA-DQA1*01:01/DQB1*05:01,15
CGGTGKNTIVIPKGD,purified MHC/competitive/radioactivity,Negative,38300.0,HLA-DQA1*03:01/DQB1*03:02,15
CGGTGKNTIVIPKGD,purified MHC/competitive/radioactivity,Negative,46700.0,HLA-DQA1*05:01/DQB1*02:01,15
CGGTGKNTIVIPKGD,purified MHC/competitive/radioactivity,Negative,27400.0,HLA-DQA1*01:01/DQB1*05:01,15
CGRRHSVRIRVRSGG,purified MHC/competitive/radioactivity,Negative,41800.0,HLA-DQA1*03:01/DQB1*03:02,15
CGRRHSVRIRVRSGG,purified MHC/competitive/radioactivity,Negative,21800.0,HLA-DQA1*05:01/DQB1*02:01,15
CGRRHSVRIRVRSGG,purified MHC/competitive/radioactivity,Negative,46700.0,HLA-DQA1*01:01/DQB1*05:01,15
CIPSLEAAVKQAYAA,purified MHC/competitive/radioactivity,Negative,13800.0,HLA-DQA1*05:01/DQB1*02:01,15
CIPSLEAAVKQAYAA,purified MHC/competitive/radioactivity,Negative,46700.0,HLA-DQA1*01:01/DQB1*05:01,15
CKTLTPLMSSKFPEL,purified MHC/competitive/radioactivity,Negative,38800.0,HLA-DQA1*05:01/DQB1*03:01,15
CKTLTPLMSSKFPEL,purified MHC/competitive/radioactivity,Negative,14600.0,HLA-DQA1*03:01/DQB1*03:02,15
CKTLTPLMSSKFPEL,purified MHC/competitive/radioactivity,Negative,46700.0,HLA-DQA1*01:01/DQB1*05:01,15
CNANPGLMKDVAKVF,purified MHC/competitive/radioactivity,Negative,30400.0,HLA-DQA1*05:01/DQB1*02:01,15
CNANPGLMKDVAKVF,purified MHC/competitive/radioactivity,Negative,31200.0,HLA-DQA1*01:01/DQB1*05:01,15
CTNAKVTAKGVSEAN,purified MHC/competitive/radioactivity,Negative,10800.0,HLA-DQA1*03:01/DQB1*03:02,15
CTNAKVTAKGVSEAN,purified MHC/competitive/radioactivity,Negative,46700.0,HLA-DQA1*01:01/DQB1*05:01,15
CVPKVTFTVEKGSNE,purified MHC/competitive/radioactivity,Negative,27500.0,HLA-DQA1*05:01/DQB1*02:01,15
CVPKVTFTVEKGSNE,purified MHC/competitive/radioactivity,Negative,10500.0,HLA-DQA1*01:01/DQB1*05:01,15
DCISIGPGSTGLNIT,purified MHC/competitive/radioactivity,Negative,11400.0,HLA-DQA1*03:01/DQB1*03:02,15
DCISIGPGSTGLNIT,purified MHC/competitive/radioactivity,Negative,16100.0,HLA-DQA1*05:01/DQB1*02:01,15
DCISIGPGSTGLNIT,purified MHC/competitive/radioactivity,Negative,15900.0,HLA-DQA1*01:01/DQB1*05:01,15
DDLMIRVIAQGPTAT,purified MHC/competitive/radioactivity,Negative,46700.0,HLA-DQA1*01:01/DQB1*05:01,15
DGQGKAVWGKNSCAK,purified MHC/competitive/radioactivity,Negative,46600.0,HLA-DQA1*03:01/DQB1*03:02,15
DGQGKAVWGKNSCAK,purified MHC/competitive/radioactivity,Negative,46700.0,HLA-DQA1*05:01/DQB1*02:01,15
DGQGKAVWGKNSCAK,purified MHC/competitive/radioactivity,Negative,46700.0,HLA-DQA1*01:01/DQB1*05:01,15
DGQGKAVWGKNSCAK,purified MHC/competitive/radioactivity,Negative,14400.0,HLA-DQA1*01:02/DQB1*06:02,15
DGTYDITKLGAKPDG,purified MHC/competitive/radioactivity,Negative,29000.0,HLA-DQA1*05:01/DQB1*03:01,15
DGTYDITKLGAKPDG,purified MHC/competitive/radioactivity,Negative,26000.0,HLA-DQA1*03:01/DQB1*03:02,15
DGTYDITKLGAKPDG,purified MHC/competitive/radioactivity,Negative,31200.0,HLA-DQA1*05:01/DQB1*02:01,15
DGTYDITKLGAKPDG,purified MHC/competitive/radioactivity,Negative,38400.0,HLA-DQA1*01:01/DQB1*05:01,15
DGTYDITKLGAKPDG,purified MHC/competitive/radioactivity,Negative,19900.0,HLA-DQA1*01:02/DQB1*06:02,15
DINASFRAAMATTAN,purified MHC/competitive/radioactivity,Negative,22700.0,HLA-DQA1*01:01/DQB1*05:01,15
DITVKNCVLKKSTNG,purified MHC/competitive/radioactivity,Negative,46600.0,HLA-DQA1*03:01/DQB1*03:02,15
DITVKNCVLKKSTNG,purified MHC/competitive/radioactivity,Negative,46700.0,HLA-DQA1*05:01/DQB1*02:01,15
DITVKNCVLKKSTNG,purified MHC/competitive/radioactivity,Negative,46700.0,HLA-DQA1*01:01/DQB1*05:01,15
DKGPGFVVTGRVYCD,purified MHC/competitive/radioactivity,Negative,17800.0,HLA-DQA1*03:01/DQB1*03:02,15
DKGPGFVVTGRVYCD,purified MHC/competitive/radioactivity,Negative,46700.0,HLA-DQA1*01:01/DQB1*05:01,15
DKLTGPFTVRYTTEG,purified MHC/competitive/radioactivity,Negative,17900.0,HLA-DQA1*03:01/DQB1*03:02,15
DKLTGPFTVRYTTEG,purified MHC/competitive/radioactivity,Negative,46700.0,HLA-DQA1*01:01/DQB1*05:01,15
DLGRNEVVNDVSTFS,purified MHC/competitive/radioactivity,Negative,46700.0,HLA-DQA1*01:01/DQB1*05:01,15
DLGYAPATPAAPGAG,purified MHC/competitive/radioactivity,Negative,32100.0,HLA-DQA1*05:01/DQB1*02:01,15
DLGYAPATPAAPGAG,purified MHC/competitive/radioactivity,Negative,20800.0,HLA-DQA1*01:01/DQB1*05:01,15
DSEEPLQGPFNFRFL,purified MHC/competitive/radioactivity,Negative,10100.0,HLA-DQA1*01:01/DQB1*05:01,15
DSEEPLQGPFNFRFL,purified MHC/competitive/radioactivity,Negative,15800.0,HLA-DQA1*01:02/DQB1*06:02,15
DVNASFRAAMATTAN,purified MHC/competitive/radioactivity,Negative,27400.0,HLA-DQA1*01:01/DQB1*05:01,15
DVTITAPGDSPNTDG,purified MHC/competitive/radioactivity,Negative,13200.0,HLA-DQA1*03:01/DQB1*03:02,15
DVTITAPGDSPNTDG,purified MHC/competitive/radioactivity,Negative,13500.0,HLA-DQA1*05:01/DQB1*02:01,15
DVTITAPGDSPNTDG,purified MHC/competitive/radioactivity,Negative,46700.0,HLA-DQA1*01:01/DQB1*05:01,15
DVTITAPGDSPNTDG,purified MHC/competitive/radioactivity,Negative,33100.0,HLA-DQA1*01:02/DQB1*06:02,15
DVVPEKYTIGATYAP,purified MHC/competitive/radioactivity,Negative,46700.0,HLA-DQA1*01:01/DQB1*05:01,15
DVVPEKYTIGATYAP,purified MHC/competitive/radioactivity,Negative,46700.0,HLA-DQA1*01:02/DQB1*06:02,15
EAAFNKAIKESTGGA,purified MHC/competitive/radioactivity,Negative,46700.0,HLA-DQA1*05:01/DQB1*02:01,15
EAAFNKAIKESTGGA,purified MHC/competitive/radioactivity,Negative,28700.0,HLA-DQA1*01:01/DQB1*05:01,15
EAAFTVSSKRNLADA,purified MHC/competitive/radioactivity,Negative,14200.0,HLA-DQA1*05:01/DQB1*02:01,15
EAAVKQAYAATVAAA,purified MHC/competitive/radioactivity,Negative,15600.0,HLA-DQA1*01:01/DQB1*05:01,15
EAGKATTEEQKLIED,purified MHC/competitive/radioactivity,Negative,46700.0,HLA-DQA1*01:01/DQB1*05:01,15
EAKYDAYVATVSEAL,purified MHC/competitive/radioactivity,Negative,46700.0,HLA-DQA1*01:01/DQB1*05:01,15
EAVSLLCSDKQPCNG,purified MHC/competitive/radioactivity,Negative,15500.0,HLA-DQA1*05:01/DQB1*03:01,15
EAVSLLCSDKQPCNG,purified MHC/competitive/radioactivity,Negative,24200.0,HLA-DQA1*01:01/DQB1*05:01,15
EAVSLLCSDKQPCNG,purified MHC/competitive/radioactivity,Negative,16000.0,HLA-DQA1*01:02/DQB1*06:02,15
EDDLLNRNNTFKPFA,purified MHC/competitive/radioactivity,Negative,46700.0,HLA-DQA1*05:01/DQB1*03:01,15
EDDLLNRNNTFKPFA,purified MHC/competitive/radioactivity,Negative,46700.0,HLA-DQA1*05:01/DQB1*02:01,15
EDDLLNRNNTFKPFA,purified MHC/competitive/radioactivity,Negative,33000.0,HLA-DQA1*03:01/DQB1*03:02,15
EDDLLNRNNTFKPFA,purified MHC/competitive/radioactivity,Negative,46700.0,HLA-DQA1*01:01/DQB1*05:01,15
EDDLLNRNNTFKPFA,purified MHC/competitive/radioactivity,Negative,35200.0,HLA-DQA1*01:02/DQB1*06:02,15
EDVGYPIIIDQKYCP,purified MHC/competitive/radioactivity,Negative,23600.0,HLA-DQA1*05:01/DQB1*03:01,15
EEWEPLTKKGNVWEV,purified MHC/competitive/radioactivity,Negative,13500.0,HLA-DQA1*03:01/DQB1*03:02,15
EEWEPLTKKGNVWEV,purified MHC/competitive/radioactivity,Negative,33300.0,HLA-DQA1*05:01/DQB1*02:01,15
EEWEPLTKKGNVWEV,purified MHC/competitive/radioactivity,Negative,46700.0,HLA-DQA1*01:01/DQB1*05:01,15
EEWEPLTKKGNVWEV,purified MHC/competitive/radioactivity,Negative,38300.0,HLA-DQA1*01:02/DQB1*06:02,15
EGATPEAKYDAYVAT,purified MHC/competitive/radioactivity,Negative,15100.0,HLA-DQA1*01:01/DQB1*05:01,15
EGATPEAKYDAYVAT,purified MHC/competitive/radioactivity,Negative,41200.0,HLA-DQA1*01:02/DQB1*06:02,15
EGHHLASAAIFGHDG,purified MHC/competitive/radioactivity,Negative,23600.0,HLA-DQA1*01:01/DQB1*05:01,15
EGHHLASAAILGHDG,purified MHC/competitive/radioactivity,Negative,15000.0,HLA-DQA1*01:01/DQB1*05:01,15
EGTKVTFHVEKGSNP,purified MHC/competitive/radioactivity,Negative,12800.0,HLA-DQA1*03:01/DQB1*03:02,15
EGTKVTFHVEKGSNP,purified MHC/competitive/radioactivity,Negative,46700.0,HLA-DQA1*05:01/DQB1*02:01,15
EGTKVTFHVEKGSNP,purified MHC/competitive/radioactivity,Negative,46700.0,HLA-DQA1*01:01/DQB1*05:01,15
EGTKVTFHVEKGSNP,purified MHC/competitive/radioactivity,Negative,36600.0,HLA-DQA1*01:02/DQB1*06:02,15
EHGSDEWVAMTKGEG,purified MHC/competitive/radioactivity,Negative,16300.0,HLA-DQA1*05:01/DQB1*02:01,15
EHGSDEWVAMTKGEG,purified MHC/competitive/radioactivity,Negative,46700.0,HLA-DQA1*01:01/DQB1*05:01,15
EHGSDEWVAMTKGEG,purified MHC/competitive/radioactivity,Negative,17800.0,HLA-DQA1*01:02/DQB1*06:02,15
EICEVVLAKSPDTTC,purified MHC/competitive/radioactivity,Negative,13300.0,HLA-DQA1*03:01/DQB1*03:02,15
EICEVVLAKSPDTTC,purified MHC/competitive/radioactivity,Negative,26800.0,HLA-DQA1*01:01/DQB1*05:01,15
EITGIMKDLDEPGHL,purified MHC/competitive/radioactivity,Negative,20700.0,HLA-DQA1*03:01/DQB1*03:02,15
EITGIMKDLDEPGHL,purified MHC/competitive/radioactivity,Negative,46700.0,HLA-DQA1*01:01/DQB1*05:01,15
EKDVTDITVKNCVLK,purified MHC/competitive/radioactivity,Negative,46600.0,HLA-DQA1*03:01/DQB1*03:02,15
EKDVTDITVKNCVLK,purified MHC/competitive/radioactivity,Negative,36000.0,HLA-DQA1*05:01/DQB1*02:01,15
EKDVTDITVKNCVLK,purified MHC/competitive/radioactivity,Negative,37000.0,HLA-DQA1*01:01/DQB1*05:01,15
ELQVIEKVDAAFKVA,purified MHC/competitive/radioactivity,Negative,26300.0,HLA-DQA1*01:01/DQB1*05:01,15
ENVIDVKLVDANGKL,purified MHC/competitive/radioactivity,Negative,29800.0,HLA-DQA1*03:01/DQB1*03:02,15
ENVIDVKLVDANGKL,purified MHC/competitive/radioactivity,Negative,23200.0,HLA-DQA1*01:01/DQB1*05:01,15
EPFPKRVWEQIFSTW,purified MHC/competitive/radioactivity,Negative,12200.0,HLA-DQA1*03:01/DQB1*03:02,15
EPFPKRVWEQIFSTW,purified MHC/competitive/radioactivity,Negative,24500.0,HLA-DQA1*01:01/DQB1*05:01,15
EPGHLAPTGMFVAGA,purified MHC/competitive/radioactivity,Negative,29200.0,HLA-DQA1*01:01/DQB1*05:01,15
EPIAPYHFDLSGHAF,purified MHC/competitive/radioactivity,Negative,18300.0,HLA-DQA1*05:01/DQB1*02:01,15
EPIAPYHFDLSGHAF,purified MHC/competitive/radioactivity,Negative,46700.0,HLA-DQA1*01:02/DQB1*06:02,15
ERIFKRFDTNGDGKI,purified MHC/competitive/radioactivity,Negative,11600.0,HLA-DQA1*05:01/DQB1*03:01,15
ERIFKRFDTNGDGKI,purified MHC/competitive/radioactivity,Negative,36200.0,HLA-DQA1*03:01/DQB1*03:02,15
ERIFKRFDTNGDGKI,purified MHC/competitive/radioactivity,Negative,13400.0,HLA-DQA1*05:01/DQB1*02:01,15
ERIFKRFDTNGDGKI,purified MHC/competitive/radioactivity,Negative,34200.0,HLA-DQA1*01:01/DQB1*05:01,15
ERIFKRFDTNGDGKI,purified MHC/competitive/radioactivity,Negative,46700.0,HLA-DQA1*01:02/DQB1*06:02,15
EVELREHGSDEWVAM,purified MHC/competitive/radioactivity,Negative,18600.0,HLA-DQA1*05:01/DQB1*02:01,15
EVELREHGSDEWVAM,purified MHC/competitive/radioactivity,Negative,31600.0,HLA-DQA1*01:01/DQB1*05:01,15
EVIPTAFKIGKTYTP,purified MHC/competitive/radioactivity,Negative,17900.0,HLA-DQA1*03:01/DQB1*03:02,15
EVIPTAFKIGKTYTP,purified MHC/competitive/radioactivity,Negative,19600.0,HLA-DQA1*05:01/DQB1*02:01,15
EVIPTAFSIGKTYKP,purified MHC/competitive/radioactivity,Negative,12800.0,HLA-DQA1*03:01/DQB1*03:02,15
EVIPTAFSIGKTYKP,purified MHC/competitive/radioactivity,Negative,23400.0,HLA-DQA1*05:01/DQB1*02:01,15
EVIPTAFSIGKTYKP,purified MHC/competitive/radioactivity,Negative,17900.0,HLA-DQA1*01:02/DQB1*06:02,15
EVLKGPFTVRYTTEG,purified MHC/competitive/radioactivity,Negative,46600.0,HLA-DQA1*03:01/DQB1*03:02,15
EVLKGPFTVRYTTEG,purified MHC/competitive/radioactivity,Negative,20300.0,HLA-DQA1*05:01/DQB1*02:01,15
EVLKGPFTVRYTTEG,purified MHC/competitive/radioactivity,Negative,46700.0,HLA-DQA1*01:01/DQB1*05:01,15
EVQKVSQPATGAATV,purified MHC/competitive/radioactivity,Negative,23300.0,HLA-DQA1*03:01/DQB1*03:02,15
EVQKVSQPATGAATV,purified MHC/competitive/radioactivity,Negative,46700.0,HLA-DQA1*05:01/DQB1*02:01,15
EVQKVSQPATGAATV,purified MHC/competitive/radioactivity,Negative,46700.0,HLA-DQA1*01:01/DQB1*05:01,15
EWATPFPHRKGVLFN,purified MHC/competitive/radioactivity,Negative,11300.0,HLA-DQA1*05:01/DQB1*02:01,15
EWATPFPHRKGVLFN,purified MHC/competitive/radioactivity,Negative,10400.0,HLA-DQA1*03:01/DQB1*03:02,15
EWATPFPHRKGVLFN,purified MHC/competitive/radioactivity,Negative,46700.0,HLA-DQA1*01:01/DQB1*05:01,15
EWATPFPHRKGVLFN,purified MHC/competitive/radioactivity,Negative,20400.0,HLA-DQA1*01:02/DQB1*06:02,15
EWVAMTKGEGGVWTF,purified MHC/competitive/radioactivity,Negative,28400.0,HLA-DQA1*05:01/DQB1*02:01,15
EWVAMTKGEGGVWTF,purified MHC/competitive/radioactivity,Negative,46700.0,HLA-DQA1*01:01/DQB1*05:01,15
EYKSDYVYEPFPKEV,purified MHC/competitive/radioactivity,Negative,11400.0,HLA-DQA1*05:01/DQB1*03:01,15
EYKSDYVYEPFPKEV,purified MHC/competitive/radioactivity,Negative,11300.0,HLA-DQA1*03:01/DQB1*03:02,15
FAEYKSDYVYQPFPK,purified MHC/competitive/radioactivity,Negative,13700.0,HLA-DQA1*03:01/DQB1*03:02,15
FAEYKSDYVYQPFPK,purified MHC/competitive/radioactivity,Negative,46700.0,HLA-DQA1*01:02/DQB1*06:02,15
FAGAWCVPKVTFTVE,purified MHC/competitive/radioactivity,Negative,12100.0,HLA-DQA1*03:01/DQB1*03:02,15
FAGAWCVPKVTFTVE,purified MHC/competitive/radioactivity,Negative,14900.0,HLA-DQA1*05:01/DQB1*02:01,15
FDPYGATISATPESA,purified MHC/competitive/radioactivity,Negative,46700.0,HLA-DQA1*01:01/DQB1*05:01,15
FDSFVASLTEALRVI,purified MHC/competitive/radioactivity,Negative,24500.0,HLA-DQA1*01:01/DQB1*05:01,15
FEAAFNDAIKASTGG,purified MHC/competitive/radioactivity,Negative,28800.0,HLA-DQA1*05:01/DQB1*02:01,15
FEAMYLGTCQTLTPM,purified MHC/competitive/radioactivity,Negative,35900.0,HLA-DQA1*01:01/DQB1*05:01,15
FEIKCTKPEACSGEP,purified MHC/competitive/radioactivity,Negative,16200.0,HLA-DQA1*03:01/DQB1*03:02,15
FEIKCTKPEACSGEP,purified MHC/competitive/radioactivity,Negative,11100.0,HLA-DQA1*05:01/DQB1*02:01,15
FEIKCTKPEACSGEP,purified MHC/competitive/radioactivity,Negative,46700.0,HLA-DQA1*01:01/DQB1*05:01,15
FEIKCTKPEACSGEP,purified MHC/competitive/radioactivity,Negative,20100.0,HLA-DQA1*01:02/DQB1*06:02,15
FERLAITKGKVDPTD,purified MHC/competitive/radioactivity,Negative,18800.0,HLA-DQA1*03:01/DQB1*03:02,15
FERLAITKGKVDPTD,purified MHC/competitive/radioactivity,Negative,10100.0,HLA-DQA1*05:01/DQB1*02:01,15
FERLAITKGKVDPTD,purified MHC/competitive/radioactivity,Negative,35200.0,HLA-DQA1*01:01/DQB1*05:01,15
FETNVSHNVQGATVA,purified MHC/competitive/radioactivity,Negative,46700.0,HLA-DQA1*01:01/DQB1*05:01,15
FGHDGTVWAQSADFP,purified MHC/competitive/radioactivity,Negative,46700.0,HLA-DQA1*01:01/DQB1*05:01,15
FKPFAEYKSDYVYEP,purified MHC/competitive/radioactivity,Negative,12900.0,HLA-DQA1*05:01/DQB1*03:01,15
FKPFAEYKSDYVYEP,purified MHC/competitive/radioactivity,Negative,39100.0,HLA-DQA1*01:02/DQB1*06:02,15
FKSGRGCGSCFEIKC,purified MHC/competitive/radioactivity,Negative,25500.0,HLA-DQA1*03:01/DQB1*03:02,15
FKSGRGCGSCFEIKC,purified MHC/competitive/radioactivity,Negative,28400.0,HLA-DQA1*05:01/DQB1*02:01,15
FKSGRGCGSCFEIKC,purified MHC/competitive/radioactivity,Negative,46700.0,HLA-DQA1*01:01/DQB1*05:01,15
FKSGRGCGSCFEIKC,purified MHC/competitive/radioactivity,Negative,13100.0,HLA-DQA1*01:02/DQB1*06:02,15
FKTFEAAFTSSSKAA,purified MHC/competitive/radioactivity,Negative,11200.0,HLA-DQA1*05:01/DQB1*02:01,15
FKTFEAAFTSSSKAA,purified MHC/competitive/radioactivity,Negative,32600.0,HLA-DQA1*01:01/DQB1*05:01,15
FKVAATAAATAPADD,purified MHC/competitive/radioactivity,Negative,46700.0,HLA-DQA1*01:01/DQB1*05:01,15
FLAVALVAGPAGSYA,purified MHC/competitive/radioactivity,Negative,46700.0,HLA-DQA1*01:01/DQB1*05:01,15
FLTGPLNFTGPCKGD,purified MHC/competitive/radioactivity,Negative,46600.0,HLA-DQA1*03:01/DQB1*03:02,15
FLTGPLNFTGPCKGD,purified MHC/competitive/radioactivity,Negative,46700.0,HLA-DQA1*05:01/DQB1*02:01,15
FLTGPLNFTGPCKGD,purified MHC/competitive/radioactivity,Negative,46700.0,HLA-DQA1*01:01/DQB1*05:01,15
FNGGESKLKAEATTD,purified MHC/competitive/radioactivity,Negative,11600.0,HLA-DQA1*05:01/DQB1*02:01,15
FNGGESKLKAEATTD,purified MHC/competitive/radioactivity,Negative,46700.0,HLA-DQA1*01:01/DQB1*05:01,15
FNIQYVNYWFAPGAA,purified MHC/competitive/radioactivity,Negative,27700.0,HLA-DQA1*01:02/DQB1*06:02,15
FPKEVWEQIFSTWLL,purified MHC/competitive/radioactivity,Negative,13200.0,HLA-DQA1*01:01/DQB1*05:01,15
FRAAMATTANVPPAD,purified MHC/competitive/radioactivity,Negative,46700.0,HLA-DQA1*01:01/DQB1*05:01,15
FRDRARVPLTSNNGI,purified MHC/competitive/radioactivity,Negative,18100.0,HLA-DQA1*01:01/DQB1*05:01,15
FRDRARVPLTSNNGI,purified MHC/competitive/radioactivity,Negative,24700.0,HLA-DQA1*01:02/DQB1*06:02,15
FTVQKGSDPKKLVLD,purified MHC/competitive/radioactivity,Negative,27000.0,HLA-DQA1*03:01/DQB1*03:02,15
FTVQKGSDPKKLVLD,purified MHC/competitive/radioactivity,Negative,32700.0,HLA-DQA1*05:01/DQB1*02:01,15
FTVQKGSDPKKLVLD,purified MHC/competitive/radioactivity,Negative,46700.0,HLA-DQA1*01:01/DQB1*05:01,15
FTVQKGSDPKKLVLD,purified MHC/competitive/radioactivity,Negative,15100.0,HLA-DQA1*01:02/DQB1*06:02,15
FTVQKGSDPKKLVLN,purified MHC/competitive/radioactivity,Negative,46600.0,HLA-DQA1*03:01/DQB1*03:02,15
FTVQKGSDPKKLVLN,purified MHC/competitive/radioactivity,Negative,46700.0,HLA-DQA1*05:01/DQB1*02:01,15
FTVQKGSDPKKLVLN,purified MHC/competitive/radioactivity,Negative,46700.0,HLA-DQA1*01:01/DQB1*05:01,15
FVAGAKYMVIQGEPG,purified MHC/competitive/radioactivity,Negative,15200.0,HLA-DQA1*01:01/DQB1*05:01,15
FVHLGHRDNIEDDLL,purified MHC/competitive/radioactivity,Negative,13900.0,HLA-DQA1*05:01/DQB1*03:01,15
FVHLGHRDNIEDDLL,purified MHC/competitive/radioactivity,Negative,14800.0,HLA-DQA1*03:01/DQB1*03:02,15
FVVTGRVYCDPCRAG,purified MHC/competitive/radioactivity,Negative,21500.0,HLA-DQA1*03:01/DQB1*03:02,15
FWAVRGGGGESFGIV,purified MHC/competitive/radioactivity,Negative,23900.0,HLA-DQA1*03:01/DQB1*03:02,15
FWAVRGGGGESFGIV,purified MHC/competitive/radioactivity,Negative,29000.0,HLA-DQA1*01:01/DQB1*05:01,15
FWAVRGGGGESFGIV,purified MHC/competitive/radioactivity,Negative,14700.0,HLA-DQA1*01:02/DQB1*06:02,15
GAATVAAGAATTAAG,purified MHC/competitive/radioactivity,Negative,28000.0,HLA-DQA1*05:01/DQB1*02:01,15
GAATVAAGAATTAAG,purified MHC/competitive/radioactivity,Negative,46700.0,HLA-DQA1*01:01/DQB1*05:01,15
GAGAAPLSWSKEIYN,purified MHC/competitive/radioactivity,Negative,21300.0,HLA-DQA1*05:01/DQB1*02:01,15
GAGAAPLSWSKEIYN,purified MHC/competitive/radioactivity,Negative,11700.0,HLA-DQA1*01:01/DQB1*05:01,15
GAGAAPLSWSKEIYN,purified MHC/competitive/radioactivity,Negative,15300.0,HLA-DQA1*01:02/DQB1*06:02,15
GAMAKKGDEQKLRSA,purified MHC/competitive/radioactivity,Negative,19900.0,HLA-DQA1*03:01/DQB1*03:02,15
GAMAKKGDEQKLRSA,purified MHC/competitive/radioactivity,Negative,16200.0,HLA-DQA1*05:01/DQB1*02:01,15
GAMAKKGDEQKLRSA,purified MHC/competitive/radioactivity,Negative,46700.0,HLA-DQA1*01:01/DQB1*05:01,15
GAMAKKGDEQKLRSA,purified MHC/competitive/radioactivity,Negative,13200.0,HLA-DQA1*01:02/DQB1*06:02,15
GATVAVDCRPFNGGE,purified MHC/competitive/radioactivity,Negative,35400.0,HLA-DQA1*01:01/DQB1*05:01,15
GAVDIINKWQVVAPQ,purified MHC/competitive/radioactivity,Negative,16400.0,HLA-DQA1*03:01/DQB1*03:02,15
GAVDIINKWQVVAPQ,purified MHC/competitive/radioactivity,Negative,22200.0,HLA-DQA1*01:01/DQB1*05:01,15
GCGSCFEIKCTKPEA,purified MHC/competitive/radioactivity,Negative,18500.0,HLA-DQA1*03:01/DQB1*03:02,15
GCGSCFEIKCTKPEA,purified MHC/competitive/radioactivity,Negative,42200.0,HLA-DQA1*05:01/DQB1*02:01,15
GCGSCFEIKCTKPEA,purified MHC/competitive/radioactivity,Negative,46700.0,HLA-DQA1*01:01/DQB1*05:01,15
GDGKISLSELTDALR,purified MHC/competitive/radioactivity,Negative,23600.0,HLA-DQA1*01:01/DQB1*05:01,15
GDTMAEVELREHGSD,purified MHC/competitive/radioactivity,Negative,11100.0,HLA-DQA1*05:01/DQB1*03:01,15
GDTMAEVELREHGSD,purified MHC/competitive/radioactivity,Negative,46700.0,HLA-DQA1*01:01/DQB1*05:01,15
GELELQFRRVKCKYP,purified MHC/competitive/radioactivity,Negative,29800.0,HLA-DQA1*03:01/DQB1*03:02,15
GELELQFRRVKCKYP,purified MHC/competitive/radioactivity,Negative,21800.0,HLA-DQA1*05:01/DQB1*02:01,15
GELELQFRRVKCKYP,purified MHC/competitive/radioactivity,Negative,11800.0,HLA-DQA1*01:02/DQB1*06:02,15
GEPKGAAESSSKAAL,purified MHC/competitive/radioactivity,Negative,46700.0,HLA-DQA1*05:01/DQB1*02:01,15
GEPKGAAESSSKAAL,purified MHC/competitive/radioactivity,Negative,46700.0,HLA-DQA1*01:01/DQB1*05:01,15
GEVEIQFRRVKCKYP,purified MHC/competitive/radioactivity,Negative,38900.0,HLA-DQA1*03:01/DQB1*03:02,15
GEVEIQFRRVKCKYP,purified MHC/competitive/radioactivity,Negative,18200.0,HLA-DQA1*05:01/DQB1*02:01,15
GGACGYKDVDKPPFS,purified MHC/competitive/radioactivity,Negative,28200.0,HLA-DQA1*03:01/DQB1*03:02,15
GGACGYKDVDKPPFS,purified MHC/competitive/radioactivity,Negative,46700.0,HLA-DQA1*05:01/DQB1*02:01,15
GGACGYKDVDKPPFS,purified MHC/competitive/radioactivity,Negative,11100.0,HLA-DQA1*01:01/DQB1*05:01,15
GGACGYKDVDKPPFS,purified MHC/competitive/radioactivity,Negative,21600.0,HLA-DQA1*01:02/DQB1*06:02,15
GGGFGMLLRKYGIAA,purified MHC/competitive/radioactivity,Negative,33400.0,HLA-DQA1*03:01/DQB1*03:02,15
GGGFGMLLRKYGIAA,purified MHC/competitive/radioactivity,Negative,36100.0,HLA-DQA1*05:01/DQB1*02:01,15
GGGFGMLLRKYGIAA,purified MHC/competitive/radioactivity,Negative,46700.0,HLA-DQA1*01:01/DQB1*05:01,15
GGNFAGGGFGMLLRK,purified MHC/competitive/radioactivity,Negative,33100.0,HLA-DQA1*03:01/DQB1*03:02,15
GGNFAGGGFGMLLRK,purified MHC/competitive/radioactivity,Negative,15700.0,HLA-DQA1*05:01/DQB1*02:01,15
GGNFAGGGFGMLLRK,purified MHC/competitive/radioactivity,Negative,18900.0,HLA-DQA1*01:01/DQB1*05:01,15
GKARTAWVDSGAQLG,purified MHC/competitive/radioactivity,Negative,14300.0,HLA-DQA1*05:01/DQB1*02:01,15
GKGTLDGQGKAVWGK,purified MHC/competitive/radioactivity,Negative,46600.0,HLA-DQA1*03:01/DQB1*03:02,15
GKGTLDGQGKAVWGK,purified MHC/competitive/radioactivity,Negative,46700.0,HLA-DQA1*05:01/DQB1*02:01,15
GKGTLDGQGKAVWGK,purified MHC/competitive/radioactivity,Negative,46700.0,HLA-DQA1*01:01/DQB1*05:01,15
GKKEEKKEEKKESGD,purified MHC/competitive/radioactivity,Negative,46600.0,HLA-DQA1*03:01/DQB1*03:02,15
GKKEEKKEEKKESGD,purified MHC/competitive/radioactivity,Negative,30100.0,HLA-DQA1*05:01/DQB1*02:01,15
GKKEEKKEEKKESGD,purified MHC/competitive/radioactivity,Negative,12400.0,HLA-DQA1*01:01/DQB1*05:01,15
GKKEEKKEEKKESGD,purified MHC/competitive/radioactivity,Negative,46700.0,HLA-DQA1*01:02/DQB1*06:02,15
GKWLDAKSTWYGKPT,purified MHC/competitive/radioactivity,Negative,24000.0,HLA-DQA1*05:01/DQB1*02:01,15
GKWLDAKSTWYGKPT,purified MHC/competitive/radioactivity,Negative,27100.0,HLA-DQA1*03:01/DQB1*03:02,15
GKWLDAKSTWYGKPT,purified MHC/competitive/radioactivity,Negative,42000.0,HLA-DQA1*01:01/DQB1*05:01,15
GLNITGVTCGPGHGI,purified MHC/competitive/radioactivity,Negative,14000.0,HLA-DQA1*03:01/DQB1*03:02,15
GLNITGVTCGPGHGI,purified MHC/competitive/radioactivity,Negative,46700.0,HLA-DQA1*01:01/DQB1*05:01,15
GLSGEPKGGAESSSK,purified MHC/competitive/radioactivity,Negative,12800.0,HLA-DQA1*01:01/DQB1*05:01,15
GMNPSHCNEMSWIQS,purified MHC/competitive/radioactivity,Negative,39000.0,HLA-DQA1*05:01/DQB1*02:01,15
GMNPSHCNEMSWIQS,purified MHC/competitive/radioactivity,Negative,35600.0,HLA-DQA1*03:01/DQB1*03:02,15
GMNPSHCNEMSWIQS,purified MHC/competitive/radioactivity,Negative,22700.0,HLA-DQA1*01:01/DQB1*05:01,15
GMTGCGNTPIFKSGR,purified MHC/competitive/radioactivity,Negative,46600.0,HLA-DQA1*03:01/DQB1*03:02,15
GMTGCGNTPIFKSGR,purified MHC/competitive/radioactivity,Negative,46700.0,HLA-DQA1*05:01/DQB1*02:01,15
GMTGCGNTPIFKSGR,purified MHC/competitive/radioactivity,Negative,46700.0,HLA-DQA1*01:01/DQB1*05:01,15
GMTGCGNTPIFKSGR,purified MHC/competitive/radioactivity,Negative,34400.0,HLA-DQA1*01:02/DQB1*06:02,15
GNTPIFKSGRGCGSC,purified MHC/competitive/radioactivity,Negative,26000.0,HLA-DQA1*03:01/DQB1*03:02,15
GNTPIFKSGRGCGSC,purified MHC/competitive/radioactivity,Negative,24200.0,HLA-DQA1*05:01/DQB1*02:01,15
GNTPIFKSGRGCGSC,purified MHC/competitive/radioactivity,Negative,46700.0,HLA-DQA1*01:01/DQB1*05:01,15
GNTPIFKSGRGCGSC,purified MHC/competitive/radioactivity,Negative,25900.0,HLA-DQA1*01:02/DQB1*06:02,15
GPATPAAPAAGYTPA,purified MHC/competitive/radioactivity,Negative,46700.0,HLA-DQA1*05:01/DQB1*02:01,15
GPATPAAPAAGYTPA,purified MHC/competitive/radioactivity,Negative,46700.0,HLA-DQA1*01:01/DQB1*05:01,15
GPGSTGLNITGVTCG,purified MHC/competitive/radioactivity,Negative,13900.0,HLA-DQA1*03:01/DQB1*03:02,15
GPGSTGLNITGVTCG,purified MHC/competitive/radioactivity,Negative,46700.0,HLA-DQA1*01:01/DQB1*05:01,15
GPKDNGGACGYKDVD,purified MHC/competitive/radioactivity,Negative,46700.0,HLA-DQA1*05:01/DQB1*02:01,15
GRYKDEKDVTDITVK,purified MHC/competitive/radioactivity,Negative,46600.0,HLA-DQA1*03:01/DQB1*03:02,15
GRYKDEKDVTDITVK,purified MHC/competitive/radioactivity,Negative,46700.0,HLA-DQA1*05:01/DQB1*02:01,15
GSDPKKLVLDIKYTR,purified MHC/competitive/radioactivity,Negative,46600.0,HLA-DQA1*03:01/DQB1*03:02,15
GSDPKKLVLDIKYTR,purified MHC/competitive/radioactivity,Negative,29400.0,HLA-DQA1*05:01/DQB1*03:01,15
GSDPKKLVLDIKYTR,purified MHC/competitive/radioactivity,Negative,40500.0,HLA-DQA1*05:01/DQB1*02:01,15
GSDPKKLVLDIKYTR,purified MHC/competitive/radioactivity,Negative,46700.0,HLA-DQA1*01:01/DQB1*05:01,15
GSDPKKLVLDIKYTR,purified MHC/competitive/radioactivity,Negative,46700.0,HLA-DQA1*01:02/DQB1*06:02,15
GSDPKKLVLNIKYTR,purified MHC/competitive/radioactivity,Negative,31000.0,HLA-DQA1*03:01/DQB1*03:02,15
GSDPKKLVLNIKYTR,purified MHC/competitive/radioactivity,Negative,46700.0,HLA-DQA1*05:01/DQB1*03:01,15
GSDPKKLVLNIKYTR,purified MHC/competitive/radioactivity,Negative,35900.0,HLA-DQA1*05:01/DQB1*02:01,15
GSDPKKLVLNIKYTR,purified MHC/competitive/radioactivity,Negative,46700.0,HLA-DQA1*01:01/DQB1*05:01,15
GSDPKKLVLNIKYTR,purified MHC/competitive/radioactivity,Negative,46700.0,HLA-DQA1*01:02/DQB1*06:02,15
GSMAKKGDEQKLRSA,purified MHC/competitive/radioactivity,Negative,45000.0,HLA-DQA1*03:01/DQB1*03:02,15
GSMAKKGDEQKLRSA,purified MHC/competitive/radioactivity,Negative,46700.0,HLA-DQA1*05:01/DQB1*02:01,15
GSMAKKGDEQKLRSA,purified MHC/competitive/radioactivity,Negative,46700.0,HLA-DQA1*01:01/DQB1*05:01,15
GSMAKKGDEQKLRSA,purified MHC/competitive/radioactivity,Negative,34100.0,HLA-DQA1*01:02/DQB1*06:02,15
GTKGEAKDVIPEGWK,purified MHC/competitive/radioactivity,Negative,19400.0,HLA-DQA1*03:01/DQB1*03:02,15
GTKGEAKDVIPEGWK,purified MHC/competitive/radioactivity,Negative,12700.0,HLA-DQA1*05:01/DQB1*02:01,15
GTKGEAKDVIPEGWK,purified MHC/competitive/radioactivity,Negative,18500.0,HLA-DQA1*01:01/DQB1*05:01,15
GTKGEAKDVIPEGWK,purified MHC/competitive/radioactivity,Negative,28100.0,HLA-DQA1*01:02/DQB1*06:02,15
GTLHDKKSMGDDHFW,purified MHC/competitive/radioactivity,Negative,28400.0,HLA-DQA1*03:01/DQB1*03:02,15
GTLHDKKSMGDDHFW,purified MHC/competitive/radioactivity,Negative,21600.0,HLA-DQA1*01:01/DQB1*05:01,15
GTLHDKKSMGDDHFW,purified MHC/competitive/radioactivity,Negative,22800.0,HLA-DQA1*01:02/DQB1*06:02,15
GVTCGPGHGISVGSL,purified MHC/competitive/radioactivity,Negative,32000.0,HLA-DQA1*03:01/DQB1*03:02,15
GVTCGPGHGISVGSL,purified MHC/competitive/radioactivity,Negative,12100.0,HLA-DQA1*05:01/DQB1*02:01,15
GVTCGPGHGISVGSL,purified MHC/competitive/radioactivity,Negative,46700.0,HLA-DQA1*01:01/DQB1*05:01,15
GVTVKDVTITAPGDS,purified MHC/competitive/radioactivity,Negative,12700.0,HLA-DQA1*03:01/DQB1*03:02,15
GVTVKDVTITAPGDS,purified MHC/competitive/radioactivity,Negative,18700.0,HLA-DQA1*05:01/DQB1*02:01,15
GVTVKDVTITAPGDS,purified MHC/competitive/radioactivity,Negative,46700.0,HLA-DQA1*01:01/DQB1*05:01,15
GYTPATPAAPAGAEP,purified MHC/competitive/radioactivity,Negative,11700.0,HLA-DQA1*05:01/DQB1*02:01,15
GYTPATPAAPAGAEP,purified MHC/competitive/radioactivity,Negative,46700.0,HLA-DQA1*01:01/DQB1*05:01,15
HDKKSMGDDHFWAVR,purified MHC/competitive/radioactivity,Negative,46700.0,HLA-DQA1*05:01/DQB1*03:01,15
HDKKSMGDDHFWAVR,purified MHC/competitive/radioactivity,Negative,12700.0,HLA-DQA1*03:01/DQB1*03:02,15
HDKKSMGDDHFWAVR,purified MHC/competitive/radioactivity,Negative,46700.0,HLA-DQA1*01:01/DQB1*05:01,15
HDKKSMGDDHFWAVR,purified MHC/competitive/radioactivity,Negative,23400.0,HLA-DQA1*01:02/DQB1*06:02,15
HDYEGLSYRSLQPET,purified MHC/competitive/radioactivity,Negative,14600.0,HLA-DQA1*01:02/DQB1*06:02,15
HRDNIEDDLLNRNNT,purified MHC/competitive/radioactivity,Negative,39700.0,HLA-DQA1*03:01/DQB1*03:02,15
HRDNIEDDLLNRNNT,purified MHC/competitive/radioactivity,Negative,46700.0,HLA-DQA1*01:01/DQB1*05:01,15
HRDNIEDDLLNRNNT,purified MHC/competitive/radioactivity,Negative,27700.0,HLA-DQA1*01:02/DQB1*06:02,15
IFKISKTVSEGAVDI,purified MHC/competitive/radioactivity,Negative,11100.0,HLA-DQA1*03:01/DQB1*03:02,15
IFKISKTVSEGAVDI,purified MHC/competitive/radioactivity,Negative,46700.0,HLA-DQA1*01:01/DQB1*05:01,15
IGTGDDCISIGPGST,purified MHC/competitive/radioactivity,Negative,15400.0,HLA-DQA1*03:01/DQB1*03:02,15
IGTGDDCISIGPGST,purified MHC/competitive/radioactivity,Negative,21800.0,HLA-DQA1*05:01/DQB1*02:01,15
IHIGDSSKVTITDTT,purified MHC/competitive/radioactivity,Negative,26100.0,HLA-DQA1*05:01/DQB1*02:01,15
IHIGDSSKVTITDTT,purified MHC/competitive/radioactivity,Negative,46700.0,HLA-DQA1*01:01/DQB1*05:01,15
IIAGTPEVHAVKPGA,purified MHC/competitive/radioactivity,Negative,22500.0,HLA-DQA1*01:01/DQB1*05:01,15
IITPTNVSHIQSAVV,purified MHC/competitive/radioactivity,Negative,14100.0,HLA-DQA1*03:01/DQB1*03:02,15
IITPTNVSHIQSAVV,purified MHC/competitive/radioactivity,Negative,46700.0,HLA-DQA1*01:01/DQB1*05:01,15
IKEKGKDKWIALKES,purified MHC/competitive/radioactivity,Negative,26300.0,HLA-DQA1*03:01/DQB1*03:02,15
IKEKGKDKWIALKES,purified MHC/competitive/radioactivity,Negative,21300.0,HLA-DQA1*05:01/DQB1*02:01,15
IKEKGKDKWIALKES,purified MHC/competitive/radioactivity,Negative,46700.0,HLA-DQA1*01:01/DQB1*05:01,15
IKEKGKDKWIALKES,purified MHC/competitive/radioactivity,Negative,36300.0,HLA-DQA1*01:02/DQB1*06:02,15
IKEKGKDKWIELKES,purified MHC/competitive/radioactivity,Negative,32800.0,HLA-DQA1*03:01/DQB1*03:02,15
IKEKGKDKWIELKES,purified MHC/competitive/radioactivity,Negative,46700.0,HLA-DQA1*05:01/DQB1*02:01,15
IKEKGKDKWIELKES,purified MHC/competitive/radioactivity,Negative,46700.0,HLA-DQA1*01:01/DQB1*05:01,15
IKEKGKDKWIELKES,purified MHC/competitive/radioactivity,Negative,33100.0,HLA-DQA1*01:02/DQB1*06:02,15
IKYTRPGDSLAEVEL,purified MHC/competitive/radioactivity,Negative,46700.0,HLA-DQA1*01:01/DQB1*05:01,15
ILNTWLVKPGAGIMI,purified MHC/competitive/radioactivity,Negative,28000.0,HLA-DQA1*05:01/DQB1*02:01,15
ILNTWLVKPGAGIMI,purified MHC/competitive/radioactivity,Negative,17100.0,HLA-DQA1*03:01/DQB1*03:02,15
ILPNTLVLDFCDDAL,purified MHC/competitive/radioactivity,Negative,24500.0,HLA-DQA1*05:01/DQB1*03:01,15
IMRIKKLTITGKGTL,purified MHC/competitive/radioactivity,Negative,46600.0,HLA-DQA1*03:01/DQB1*03:02,15
IMRIKKLTITGKGTL,purified MHC/competitive/radioactivity,Negative,18300.0,HLA-DQA1*05:01/DQB1*02:01,15
IMRIKKLTITGKGTL,purified MHC/competitive/radioactivity,Negative,46700.0,HLA-DQA1*01:01/DQB1*05:01,15
IPAGELQIIDKIDAA,purified MHC/competitive/radioactivity,Negative,10100.0,HLA-DQA1*03:01/DQB1*03:02,15
IPFVHLGHRDALEDD,purified MHC/competitive/radioactivity,Negative,16600.0,HLA-DQA1*05:01/DQB1*02:01,15
IPFVHLGHRDALEDD,purified MHC/competitive/radioactivity,Negative,21900.0,HLA-DQA1*01:02/DQB1*06:02,15
IPKGDFLTGPLNFTG,purified MHC/competitive/radioactivity,Negative,16300.0,HLA-DQA1*03:01/DQB1*03:02,15
IPKGDFLTGPLNFTG,purified MHC/competitive/radioactivity,Negative,11700.0,HLA-DQA1*05:01/DQB1*02:01,15
IPKGDFLTGPLNFTG,purified MHC/competitive/radioactivity,Negative,46700.0,HLA-DQA1*01:01/DQB1*05:01,15
IPKGDFLTGPLNFTG,purified MHC/competitive/radioactivity,Negative,46700.0,HLA-DQA1*01:02/DQB1*06:02,15
IPTAFKIGKTYTPEE,purified MHC/competitive/radioactivity,Negative,21200.0,HLA-DQA1*05:01/DQB1*02:01,15
IPTAFSIGKTYKPEE,purified MHC/competitive/radioactivity,Negative,22400.0,HLA-DQA1*03:01/DQB1*03:02,15
IPTAFSIGKTYKPEE,purified MHC/competitive/radioactivity,Negative,35000.0,HLA-DQA1*05:01/DQB1*02:01,15
IPTAFSIGKTYKPEE,purified MHC/competitive/radioactivity,Negative,12600.0,HLA-DQA1*01:01/DQB1*05:01,15
IPTAFSIGKTYKPEE,purified MHC/competitive/radioactivity,Negative,16900.0,HLA-DQA1*01:02/DQB1*06:02,15
IQSIPFVHLGHRDNI,purified MHC/competitive/radioactivity,Negative,13800.0,HLA-DQA1*05:01/DQB1*02:01,15
IQSIPFVHLGHRDNI,purified MHC/competitive/radioactivity,Negative,27200.0,HLA-DQA1*03:01/DQB1*03:02,15
ISATPEWATPFPHRK,purified MHC/competitive/radioactivity,Negative,46700.0,HLA-DQA1*01:01/DQB1*05:01,15
ISFCNANPGLMKDVA,purified MHC/competitive/radioactivity,Negative,46700.0,HLA-DQA1*01:01/DQB1*05:01,15
ITKGKVDPTDYFRNE,purified MHC/competitive/radioactivity,Negative,37300.0,HLA-DQA1*03:01/DQB1*03:02,15
ITKGKVDPTDYFRNE,purified MHC/competitive/radioactivity,Negative,46700.0,HLA-DQA1*05:01/DQB1*02:01,15
ITKGKVDPTDYFRNE,purified MHC/competitive/radioactivity,Negative,40300.0,HLA-DQA1*01:02/DQB1*06:02,15
ITKLGAKPDGKTDCT,purified MHC/competitive/radioactivity,Negative,46600.0,HLA-DQA1*03:01/DQB1*03:02,15
ITKLGAKPDGKTDCT,purified MHC/competitive/radioactivity,Negative,46700.0,HLA-DQA1*05:01/DQB1*02:01,15
ITKLGAKPDGKTDCT,purified MHC/competitive/radioactivity,Negative,46700.0,HLA-DQA1*01:01/DQB1*05:01,15
ITKLGAKPDGKTDCT,purified MHC/competitive/radioactivity,Negative,35300.0,HLA-DQA1*01:02/DQB1*06:02,15
IVPPADKYRTFVATF,purified MHC/competitive/radioactivity,Negative,21800.0,HLA-DQA1*01:01/DQB1*05:01,15
IVPPADKYRTFVATF,purified MHC/competitive/radioactivity,Negative,46700.0,HLA-DQA1*01:02/DQB1*06:02,15
IYECKGVTVKDVTIT,purified MHC/competitive/radioactivity,Negative,12400.0,HLA-DQA1*03:01/DQB1*03:02,15
IYECKGVTVKDVTIT,purified MHC/competitive/radioactivity,Negative,10600.0,HLA-DQA1*05:01/DQB1*02:01,15
IYKASPTLAFPAGVC,purified MHC/competitive/radioactivity,Negative,12500.0,HLA-DQA1*05:01/DQB1*02:01,15
KAAVAAAASVPAADK,purified MHC/competitive/radioactivity,Negative,46700.0,HLA-DQA1*01:01/DQB1*05:01,15
KAFAEGLSGEPKGGA,purified MHC/competitive/radioactivity,Negative,13600.0,HLA-DQA1*05:01/DQB1*02:01,15
KAFAEGLSGEPKGGA,purified MHC/competitive/radioactivity,Negative,36700.0,HLA-DQA1*01:01/DQB1*05:01,15
KAIKESTGGAYDTYK,purified MHC/competitive/radioactivity,Negative,46700.0,HLA-DQA1*05:01/DQB1*02:01,15
KAIKESTGGAYDTYK,purified MHC/competitive/radioactivity,Negative,46700.0,HLA-DQA1*01:01/DQB1*05:01,15
KCKYPEGTKVTFHVE,purified MHC/competitive/radioactivity,Negative,20500.0,HLA-DQA1*05:01/DQB1*02:01,15
KCKYPEGTKVTFHVE,purified MHC/competitive/radioactivity,Negative,46700.0,HLA-DQA1*01:01/DQB1*05:01,15
KCKYPEGTKVTFHVE,purified MHC/competitive/radioactivity,Negative,46700.0,HLA-DQA1*01:02/DQB1*06:02,15
KDKWIALKESWGAIW,purified MHC/competitive/radioactivity,Negative,28200.0,HLA-DQA1*03:01/DQB1*03:02,15
KDKWIALKESWGAIW,purified MHC/competitive/radioactivity,Negative,20400.0,HLA-DQA1*01:01/DQB1*05:01,15
KDKWIELKESWGAIW,purified MHC/competitive/radioactivity,Negative,26000.0,HLA-DQA1*03:01/DQB1*03:02,15
KDKWIELKESWGAIW,purified MHC/competitive/radioactivity,Negative,10600.0,HLA-DQA1*05:01/DQB1*02:01,15
KDVTFRNITGTSSTP,purified MHC/competitive/radioactivity,Negative,14600.0,HLA-DQA1*03:01/DQB1*03:02,15
KDVTFRNITGTSSTP,purified MHC/competitive/radioactivity,Negative,35200.0,HLA-DQA1*01:01/DQB1*05:01,15
KDVTFRNITGTSSTP,purified MHC/competitive/radioactivity,Negative,33400.0,HLA-DQA1*01:02/DQB1*06:02,15
KEDFLRCLVKEIPPR,purified MHC/competitive/radioactivity,Negative,13100.0,HLA-DQA1*05:01/DQB1*03:01,15
KEDFLRCLVKEIPPR,purified MHC/competitive/radioactivity,Negative,46700.0,HLA-DQA1*01:01/DQB1*05:01,15
KEDFLRCLVKEIPPR,purified MHC/competitive/radioactivity,Negative,13000.0,HLA-DQA1*01:02/DQB1*06:02,15
KESGDAASGADGTYD,purified MHC/competitive/radioactivity,Negative,21800.0,HLA-DQA1*05:01/DQB1*02:01,15
KESGDAASGADGTYD,purified MHC/competitive/radioactivity,Negative,19700.0,HLA-DQA1*01:01/DQB1*05:01,15
KESGDAASGADGTYD,purified MHC/competitive/radioactivity,Negative,46700.0,HLA-DQA1*01:02/DQB1*06:02,15
KEVEEAWASACGGTG,purified MHC/competitive/radioactivity,Negative,25300.0,HLA-DQA1*05:01/DQB1*02:01,15
KFIPALEAAVKQAYA,purified MHC/competitive/radioactivity,Negative,46700.0,HLA-DQA1*01:01/DQB1*05:01,15
KFPELGMNPSHCNEM,purified MHC/competitive/radioactivity,Negative,46700.0,HLA-DQA1*05:01/DQB1*02:01,15
KFPELGMNPSHCNEM,purified MHC/competitive/radioactivity,Negative,16300.0,HLA-DQA1*03:01/DQB1*03:02,15
KFPELGMNPSHCNEM,purified MHC/competitive/radioactivity,Negative,46700.0,HLA-DQA1*01:01/DQB1*05:01,15
KGDEQKLRSAGELEL,purified MHC/competitive/radioactivity,Negative,46700.0,HLA-DQA1*01:01/DQB1*05:01,15
KGDEQKLRSAGEVEI,purified MHC/competitive/radioactivity,Negative,12800.0,HLA-DQA1*01:02/DQB1*06:02,15
KGNFQRLAITKGKVD,purified MHC/competitive/radioactivity,Negative,41300.0,HLA-DQA1*03:01/DQB1*03:02,15
KGNFQRLAITKGKVD,purified MHC/competitive/radioactivity,Negative,27300.0,HLA-DQA1*05:01/DQB1*02:01,15
KGNFQRLAITKGKVD,purified MHC/competitive/radioactivity,Negative,14700.0,HLA-DQA1*01:01/DQB1*05:01,15
KGSNEKHLAVLVKYE,purified MHC/competitive/radioactivity,Negative,28400.0,HLA-DQA1*05:01/DQB1*02:01,15
KGSNEKHLAVLVKYE,purified MHC/competitive/radioactivity,Negative,46700.0,HLA-DQA1*01:01/DQB1*05:01,15
KGSNPNYLALLVKFV,purified MHC/competitive/radioactivity,Negative,46700.0,HLA-DQA1*01:01/DQB1*05:01,15
KGSNPNYLALLVKYV,purified MHC/competitive/radioactivity,Negative,18100.0,HLA-DQA1*03:01/DQB1*03:02,15
KGSNPNYLALLVKYV,purified MHC/competitive/radioactivity,Negative,46700.0,HLA-DQA1*01:01/DQB1*05:01,15
KHLAVLVKYEGDTMA,purified MHC/competitive/radioactivity,Negative,30000.0,HLA-DQA1*05:01/DQB1*03:01,15
KHLAVLVKYEGDTMA,purified MHC/competitive/radioactivity,Negative,46700.0,HLA-DQA1*01:01/DQB1*05:01,15
KHLAVLVKYEGDTMA,purified MHC/competitive/radioactivity,Negative,42300.0,HLA-DQA1*01:02/DQB1*06:02,15
KKEEKKESGDAASGA,purified MHC/competitive/radioactivity,Negative,46700.0,HLA-DQA1*05:01/DQB1*02:01,15
KKEEKKESGDAASGA,purified MHC/competitive/radioactivity,Negative,34200.0,HLA-DQA1*01:01/DQB1*05:01,15
KKEEKKESGDAASGA,purified MHC/competitive/radioactivity,Negative,46700.0,HLA-DQA1*01:02/DQB1*06:02,15
KKGAGGITIKKTGQA,purified MHC/competitive/radioactivity,Negative,23200.0,HLA-DQA1*03:01/DQB1*03:02,15
KKGAGGITIKKTGQA,purified MHC/competitive/radioactivity,Negative,46700.0,HLA-DQA1*05:01/DQB1*02:01,15
KKGAGGITIKKTGQA,purified MHC/competitive/radioactivity,Negative,46700.0,HLA-DQA1*01:01/DQB1*05:01,15
KLRSAGELELQFRRV,purified MHC/competitive/radioactivity,Negative,12400.0,HLA-DQA1*03:01/DQB1*03:02,15
KLRSAGELELQFRRV,purified MHC/competitive/radioactivity,Negative,33300.0,HLA-DQA1*01:01/DQB1*05:01,15
KLTITGKGTLDGQGK,purified MHC/competitive/radioactivity,Negative,46600.0,HLA-DQA1*03:01/DQB1*03:02,15
KLTITGKGTLDGQGK,purified MHC/competitive/radioactivity,Negative,43100.0,HLA-DQA1*05:01/DQB1*02:01,15
KLTITGKGTLDGQGK,purified MHC/competitive/radioactivity,Negative,46700.0,HLA-DQA1*01:01/DQB1*05:01,15
KLTITGKGTLDGQGK,purified MHC/competitive/radioactivity,Negative,10300.0,HLA-DQA1*01:02/DQB1*06:02,15
KLVLDIKYTRPGDSL,purified MHC/competitive/radioactivity,Negative,15100.0,HLA-DQA1*05:01/DQB1*02:01,15
KLVLDIKYTRPGDSL,purified MHC/competitive/radioactivity,Negative,46700.0,HLA-DQA1*01:01/DQB1*05:01,15
KLVLNIKYTRPGDSL,purified MHC/competitive/radioactivity,Negative,13400.0,HLA-DQA1*05:01/DQB1*02:01,15
KLVLNIKYTRPGDSL,purified MHC/competitive/radioactivity,Negative,46700.0,HLA-DQA1*01:01/DQB1*05:01,15
KNTIVIPKGDFLTGP,purified MHC/competitive/radioactivity,Negative,22800.0,HLA-DQA1*05:01/DQB1*03:01,15
KNTIVIPKGDFLTGP,purified MHC/competitive/radioactivity,Negative,19400.0,HLA-DQA1*03:01/DQB1*03:02,15
KNTIVIPKGDFLTGP,purified MHC/competitive/radioactivity,Negative,25500.0,HLA-DQA1*05:01/DQB1*02:01,15
KNTIVIPKGDFLTGP,purified MHC/competitive/radioactivity,Negative,20300.0,HLA-DQA1*01:01/DQB1*05:01,15
KNTIVIPKGDFLTGP,purified MHC/competitive/radioactivity,Negative,16900.0,HLA-DQA1*01:02/DQB1*06:02,15
KNVFDDVVPEKYTIG,purified MHC/competitive/radioactivity,Negative,11800.0,HLA-DQA1*05:01/DQB1*03:01,15
KNVFDDVVPEKYTIG,purified MHC/competitive/radioactivity,Negative,32200.0,HLA-DQA1*01:01/DQB1*05:01,15
KNVFDDVVPEKYTIG,purified MHC/competitive/radioactivity,Negative,46700.0,HLA-DQA1*01:02/DQB1*06:02,15
KPAAAATATATSAVG,purified MHC/competitive/radioactivity,Negative,10900.0,HLA-DQA1*05:01/DQB1*02:01,15
KPAAAATATATSAVG,purified MHC/competitive/radioactivity,Negative,46700.0,HLA-DQA1*01:01/DQB1*05:01,15
KPPFSGMTGCGNTPI,purified MHC/competitive/radioactivity,Negative,33400.0,HLA-DQA1*03:01/DQB1*03:02,15
KPPFSGMTGCGNTPI,purified MHC/competitive/radioactivity,Negative,26400.0,HLA-DQA1*05:01/DQB1*02:01,15
KPPFSGMTGCGNTPI,purified MHC/competitive/radioactivity,Negative,46700.0,HLA-DQA1*01:02/DQB1*06:02,15
KPTAAGPKDNGGACG,purified MHC/competitive/radioactivity,Negative,46700.0,HLA-DQA1*05:01/DQB1*02:01,15
KPTAAGPKDNGGACG,purified MHC/competitive/radioactivity,Negative,39700.0,HLA-DQA1*03:01/DQB1*03:02,15
KPTAAGPKDNGGACG,purified MHC/competitive/radioactivity,Negative,46700.0,HLA-DQA1*01:01/DQB1*05:01,15
KPTAAGPKDNGGACG,purified MHC/competitive/radioactivity,Negative,46700.0,HLA-DQA1*01:02/DQB1*06:02,15
KPTGAGPKDNGGACG,purified MHC/competitive/radioactivity,Negative,29400.0,HLA-DQA1*03:01/DQB1*03:02,15
KPTGAGPKDNGGACG,purified MHC/competitive/radioactivity,Negative,22100.0,HLA-DQA1*05:01/DQB1*02:01,15
KPTGAGPKDNGGACG,purified MHC/competitive/radioactivity,Negative,46700.0,HLA-DQA1*01:01/DQB1*05:01,15
KPTGAGPKDNGGACG,purified MHC/competitive/radioactivity,Negative,46700.0,HLA-DQA1*01:02/DQB1*06:02,15
KQAYAATVATAPEVK,purified MHC/competitive/radioactivity,Negative,46700.0,HLA-DQA1*01:01/DQB1*05:01,15
KSSKPLVGPFNFRFM,purified MHC/competitive/radioactivity,Negative,26600.0,HLA-DQA1*03:01/DQB1*03:02,15
KSSKPLVGPFNFRFM,purified MHC/competitive/radioactivity,Negative,27100.0,HLA-DQA1*05:01/DQB1*02:01,15
KSSKPLVGPFNFRFM,purified MHC/competitive/radioactivity,Negative,46700.0,HLA-DQA1*01:01/DQB1*05:01,15
KSTNGLRIKSYEDAK,purified MHC/competitive/radioactivity,Negative,10700.0,HLA-DQA1*05:01/DQB1*03:01,15
KSTNGLRIKSYEDAK,purified MHC/competitive/radioactivity,Negative,33200.0,HLA-DQA1*03:01/DQB1*03:02,15
KSTNGLRIKSYEDAK,purified MHC/competitive/radioactivity,Negative,46700.0,HLA-DQA1*05:01/DQB1*02:01,15
KTLEAAFTVSSKRNL,purified MHC/competitive/radioactivity,Negative,46700.0,HLA-DQA1*05:01/DQB1*02:01,15
KTMAVCTNAKVTAKG,purified MHC/competitive/radioactivity,Negative,39100.0,HLA-DQA1*03:01/DQB1*03:02,15
KTMAVCTNAKVTAKG,purified MHC/competitive/radioactivity,Negative,46700.0,HLA-DQA1*05:01/DQB1*02:01,15
KTMAVCTNAKVTAKG,purified MHC/competitive/radioactivity,Negative,25600.0,HLA-DQA1*01:01/DQB1*05:01,15
KVPPGPNITATYGDK,purified MHC/competitive/radioactivity,Negative,12800.0,HLA-DQA1*03:01/DQB1*03:02,15
KVPPGPNITATYGDK,purified MHC/competitive/radioactivity,Negative,46700.0,HLA-DQA1*01:01/DQB1*05:01,15
KVPPGPNITATYGDK,purified MHC/competitive/radioactivity,Negative,46700.0,HLA-DQA1*01:02/DQB1*06:02,15
KVTAKGVSEANTCAA,purified MHC/competitive/radioactivity,Negative,24700.0,HLA-DQA1*01:01/DQB1*05:01,15
KYDAYVATLSEALRI,purified MHC/competitive/radioactivity,Negative,46700.0,HLA-DQA1*01:01/DQB1*05:01,15
KYKTFEAAFTVSSKR,purified MHC/competitive/radioactivity,Negative,12400.0,HLA-DQA1*05:01/DQB1*02:01,15
KYKTFEAAFTVSSKR,purified MHC/competitive/radioactivity,Negative,26400.0,HLA-DQA1*01:01/DQB1*05:01,15
KYMVIQGEPGAVIRG,purified MHC/competitive/radioactivity,Negative,46700.0,HLA-DQA1*01:01/DQB1*05:01,15
KYMVIQGEPGRVIRG,purified MHC/competitive/radioactivity,Negative,31600.0,HLA-DQA1*01:01/DQB1*05:01,15
LAKYKANWIEIMRIK,purified MHC/competitive/radioactivity,Negative,11400.0,HLA-DQA1*03:01/DQB1*03:02,15
LASSCQVAFSYFPPP,purified MHC/competitive/radioactivity,Negative,46700.0,HLA-DQA1*01:01/DQB1*05:01,15
LCSDKQPCNGVTMND,purified MHC/competitive/radioactivity,Negative,16200.0,HLA-DQA1*03:01/DQB1*03:02,15
LCSDKQPCNGVTMND,purified MHC/competitive/radioactivity,Negative,13700.0,HLA-DQA1*05:01/DQB1*02:01,15
LCSDKQPCNGVTMND,purified MHC/competitive/radioactivity,Negative,31000.0,HLA-DQA1*01:01/DQB1*05:01,15
LDGNLLSSNDLAKYK,purified MHC/competitive/radioactivity,Negative,46600.0,HLA-DQA1*03:01/DQB1*03:02,15
LDGNLLSSNDLAKYK,purified MHC/competitive/radioactivity,Negative,15200.0,HLA-DQA1*05:01/DQB1*02:01,15
LEAAVKQAYAATVAT,purified MHC/competitive/radioactivity,Negative,12900.0,HLA-DQA1*01:01/DQB1*05:01,15
LGASPYKLGPSPKAR,purified MHC/competitive/radioactivity,Negative,20600.0,HLA-DQA1*03:01/DQB1*03:02,15
LGASPYKLGPSPKAR,purified MHC/competitive/radioactivity,Negative,28500.0,HLA-DQA1*05:01/DQB1*02:01,15
LGASPYKLGPSPKAR,purified MHC/competitive/radioactivity,Negative,46700.0,HLA-DQA1*01:01/DQB1*05:01,15
LGASPYKLGPSPKAR,purified MHC/competitive/radioactivity,Negative,46700.0,HLA-DQA1*01:02/DQB1*06:02,15
LGHDGTVWAQSADFP,purified MHC/competitive/radioactivity,Negative,32600.0,HLA-DQA1*01:01/DQB1*05:01,15
LGHRDALEDDLLNRN,purified MHC/competitive/radioactivity,Negative,46700.0,HLA-DQA1*05:01/DQB1*03:01,15
LGHRDALEDDLLNRN,purified MHC/competitive/radioactivity,Negative,45400.0,HLA-DQA1*03:01/DQB1*03:02,15
LGHRDALEDDLLNRN,purified MHC/competitive/radioactivity,Negative,29400.0,HLA-DQA1*01:01/DQB1*05:01,15
LGHRDALEDDLLNRN,purified MHC/competitive/radioactivity,Negative,46700.0,HLA-DQA1*01:02/DQB1*06:02,15
LGQTIRNSRWSSPDN,purified MHC/competitive/radioactivity,Negative,41500.0,HLA-DQA1*03:01/DQB1*03:02,15
LGQTIRNSRWSSPDN,purified MHC/competitive/radioactivity,Negative,35500.0,HLA-DQA1*05:01/DQB1*02:01,15
LGQTIRNSRWSSPDN,purified MHC/competitive/radioactivity,Negative,46700.0,HLA-DQA1*01:01/DQB1*05:01,15
LGTCQTLTPMMSSKF,purified MHC/competitive/radioactivity,Negative,15400.0,HLA-DQA1*05:01/DQB1*02:01,15
LGTCQTLTPMMSSKF,purified MHC/competitive/radioactivity,Negative,11300.0,HLA-DQA1*03:01/DQB1*03:02,15
LGTCQTLTPMMSSKF,purified MHC/competitive/radioactivity,Negative,46700.0,HLA-DQA1*01:01/DQB1*05:01,15
LLFCALASSCQVAFS,purified MHC/competitive/radioactivity,Negative,24000.0,HLA-DQA1*01:01/DQB1*05:01,15
LLNAKFFHMNIYECK,purified MHC/competitive/radioactivity,Negative,46700.0,HLA-DQA1*05:01/DQB1*03:01,15
LLNAKFFHMNIYECK,purified MHC/competitive/radioactivity,Negative,16900.0,HLA-DQA1*03:01/DQB1*03:02,15
LLNAKFFHMNIYECK,purified MHC/competitive/radioactivity,Negative,38500.0,HLA-DQA1*05:01/DQB1*02:01,15
LLNRNNSFKPFAEYK,purified MHC/competitive/radioactivity,Negative,42400.0,HLA-DQA1*05:01/DQB1*03:01,15
LLNRNNSFKPFAEYK,purified MHC/competitive/radioactivity,Negative,46700.0,HLA-DQA1*05:01/DQB1*02:01,15
LLNRNNSFKPFAEYK,purified MHC/competitive/radioactivity,Negative,46700.0,HLA-DQA1*01:01/DQB1*05:01,15
LMCEIEGHHLASAAI,purified MHC/competitive/radioactivity,Negative,31500.0,HLA-DQA1*03:01/DQB1*03:02,15
LMCEIEGHHLASAAI,purified MHC/competitive/radioactivity,Negative,21300.0,HLA-DQA1*05:01/DQB1*02:01,15
LMCEIEGHHLASAAI,purified MHC/competitive/radioactivity,Negative,46700.0,HLA-DQA1*01:01/DQB1*05:01,15
LNFTGPCKGDSVTIK,purified MHC/competitive/radioactivity,Negative,46600.0,HLA-DQA1*03:01/DQB1*03:02,15
LNFTGPCKGDSVTIK,purified MHC/competitive/radioactivity,Negative,46700.0,HLA-DQA1*01:01/DQB1*05:01,15
LNFTGPCKGDSVTIK,purified MHC/competitive/radioactivity,Negative,19300.0,HLA-DQA1*01:02/DQB1*06:02,15
LNKMRAVWVDGKART,purified MHC/competitive/radioactivity,Negative,14300.0,HLA-DQA1*03:01/DQB1*03:02,15
LPADLMIRIIAQGPK,purified MHC/competitive/radioactivity,Negative,46700.0,HLA-DQA1*01:01/DQB1*05:01,15
LPRPPATPPPPPPPQ,purified MHC/competitive/radioactivity,Negative,30700.0,HLA-DQA1*03:01/DQB1*03:02,15
LPRPPATPPPPPPPQ,purified MHC/competitive/radioactivity,Negative,34800.0,HLA-DQA1*05:01/DQB1*02:01,15
LPRPPATPPPPPPPQ,purified MHC/competitive/radioactivity,Negative,46700.0,HLA-DQA1*01:01/DQB1*05:01,15
LPRPPATPPPPPPPQ,purified MHC/competitive/radioactivity,Negative,46700.0,HLA-DQA1*01:02/DQB1*06:02,15
LPVPPTVTVFKIPKK,purified MHC/competitive/radioactivity,Negative,46700.0,HLA-DQA1*05:01/DQB1*02:01,15
LPVPPTVTVFKIPKK,purified MHC/competitive/radioactivity,Negative,23300.0,HLA-DQA1*01:01/DQB1*05:01,15
LQGPFNFRFLTEKGM,purified MHC/competitive/radioactivity,Negative,17100.0,HLA-DQA1*01:01/DQB1*05:01,15
LQPETFAVVDLNKMR,purified MHC/competitive/radioactivity,Negative,46700.0,HLA-DQA1*01:01/DQB1*05:01,15
LQPETFAVVDLNKMR,purified MHC/competitive/radioactivity,Negative,12600.0,HLA-DQA1*01:02/DQB1*06:02,15
LRIKSYEDAKSPLTA,purified MHC/competitive/radioactivity,Negative,32800.0,HLA-DQA1*01:02/DQB1*06:02,15
LSSNDLAKYKANWIE,purified MHC/competitive/radioactivity,Negative,13100.0,HLA-DQA1*03:01/DQB1*03:02,15
LSYRSLQPETFAVVD,purified MHC/competitive/radioactivity,Negative,33700.0,HLA-DQA1*01:01/DQB1*05:01,15
LTKKGNVWEVKSSKP,purified MHC/competitive/radioactivity,Negative,12900.0,HLA-DQA1*03:01/DQB1*03:02,15
LTKKGNVWEVKSSKP,purified MHC/competitive/radioactivity,Negative,46700.0,HLA-DQA1*05:01/DQB1*02:01,15
LTKKGNVWEVKSSKP,purified MHC/competitive/radioactivity,Negative,46700.0,HLA-DQA1*01:01/DQB1*05:01,15
LTKKGNVWEVKSSKP,purified MHC/competitive/radioactivity,Negative,27900.0,HLA-DQA1*01:02/DQB1*06:02,15
LVAGPAGSYAADLGY,purified MHC/competitive/radioactivity,Negative,36200.0,HLA-DQA1*01:01/DQB1*05:01,15
LVAGPAGSYAADLGY,purified MHC/competitive/radioactivity,Negative,12600.0,HLA-DQA1*01:02/DQB1*06:02,15
LVDANGTLHDKKSMG,purified MHC/competitive/radioactivity,Negative,46600.0,HLA-DQA1*03:01/DQB1*03:02,15
LVDANGTLHDKKSMG,purified MHC/competitive/radioactivity,Negative,46700.0,HLA-DQA1*05:01/DQB1*02:01,15
LVDANGTLHDKKSMG,purified MHC/competitive/radioactivity,Negative,46700.0,HLA-DQA1*01:01/DQB1*05:01,15
LVDANGTLHDKKSMG,purified MHC/competitive/radioactivity,Negative,46700.0,HLA-DQA1*01:02/DQB1*06:02,15
LVGPFNFRFMSKGGM,purified MHC/competitive/radioactivity,Negative,46600.0,HLA-DQA1*03:01/DQB1*03:02,15
LVGPFNFRFMSKGGM,purified MHC/competitive/radioactivity,Negative,24900.0,HLA-DQA1*05:01/DQB1*02:01,15
LVGPFNFRFMSKGGM,purified MHC/competitive/radioactivity,Negative,46700.0,HLA-DQA1*01:01/DQB1*05:01,15
LVKPGAGIMIFDPYG,purified MHC/competitive/radioactivity,Negative,21100.0,HLA-DQA1*05:01/DQB1*02:01,15
LVKYEGDTMAEVELR,purified MHC/competitive/radioactivity,Negative,46700.0,HLA-DQA1*01:01/DQB1*05:01,15
LVVGIYDEPMTPGQC,purified MHC/competitive/radioactivity,Negative,24600.0,HLA-DQA1*05:01/DQB1*03:01,15
MADDMERIFKRFDTN,purified MHC/competitive/radioactivity,Negative,37600.0,HLA-DQA1*03:01/DQB1*03:02,15
MADDMERIFKRFDTN,purified MHC/competitive/radioactivity,Negative,21100.0,HLA-DQA1*05:01/DQB1*02:01,15
MADDMERIFKRFDTN,purified MHC/competitive/radioactivity,Negative,46700.0,HLA-DQA1*01:01/DQB1*05:01,15
MADDMERIFKRFDTN,purified MHC/competitive/radioactivity,Negative,46700.0,HLA-DQA1*01:02/DQB1*06:02,15
MANSRAFALVLLFCA,purified MHC/competitive/radioactivity,Negative,31100.0,HLA-DQA1*05:01/DQB1*02:01,15
MANSRAFALVLLFCA,purified MHC/competitive/radioactivity,Negative,30100.0,HLA-DQA1*01:01/DQB1*05:01,15
MASSSSVLLVVALFA,purified MHC/competitive/radioactivity,Negative,46700.0,HLA-DQA1*01:01/DQB1*05:01,15
MASSSSVLLVVVLFA,purified MHC/competitive/radioactivity,Negative,13600.0,HLA-DQA1*05:01/DQB1*03:01,15
MAVHQYTVALFLAVA,purified MHC/competitive/radioactivity,Negative,46700.0,HLA-DQA1*05:01/DQB1*02:01,15
MGDDHFWAVRGGGGE,purified MHC/competitive/radioactivity,Negative,26400.0,HLA-DQA1*01:02/DQB1*06:02,15
MGKATTEEQKLIEDV,purified MHC/competitive/radioactivity,Negative,46700.0,HLA-DQA1*01:01/DQB1*05:01,15
MIRIIAQGPKATFEA,purified MHC/competitive/radioactivity,Negative,13800.0,HLA-DQA1*03:01/DQB1*03:02,15
MIRIIAQGPKATFEA,purified MHC/competitive/radioactivity,Negative,46700.0,HLA-DQA1*01:01/DQB1*05:01,15
MKDFDEPGHLAPTGM,purified MHC/competitive/radioactivity,Negative,38900.0,HLA-DQA1*03:01/DQB1*03:02,15
MKDFDEPGHLAPTGM,purified MHC/competitive/radioactivity,Negative,41000.0,HLA-DQA1*01:02/DQB1*06:02,15
MKDLDEPGHLAPTGM,purified MHC/competitive/radioactivity,Negative,39000.0,HLA-DQA1*03:01/DQB1*03:02,15
MKDLDEPGHLAPTGM,purified MHC/competitive/radioactivity,Negative,46700.0,HLA-DQA1*01:01/DQB1*05:01,15
MKDLDEPGHLAPTGM,purified MHC/competitive/radioactivity,Negative,18500.0,HLA-DQA1*01:02/DQB1*06:02,15
MSMASSSSSSLLAMA,purified MHC/competitive/radioactivity,Negative,10800.0,HLA-DQA1*03:01/DQB1*03:02,15
MSMASSSSSSLLAMA,purified MHC/competitive/radioactivity,Negative,13200.0,HLA-DQA1*05:01/DQB1*02:01,15
MSSKFPELGMNASHC,purified MHC/competitive/radioactivity,Negative,46700.0,HLA-DQA1*05:01/DQB1*02:01,15
MSSKFPELGMNASHC,purified MHC/competitive/radioactivity,Negative,17400.0,HLA-DQA1*03:01/DQB1*03:02,15
MSSKFPELGMNASHC,purified MHC/competitive/radioactivity,Negative,46700.0,HLA-DQA1*01:01/DQB1*05:01,15
MSSKFPELGMNASHC,purified MHC/competitive/radioactivity,Negative,20500.0,HLA-DQA1*01:02/DQB1*06:02,15
MYLGTCKTLTPLMSS,purified MHC/competitive/radioactivity,Negative,46700.0,HLA-DQA1*05:01/DQB1*02:01,15
MYLGTCKTLTPLMSS,purified MHC/competitive/radioactivity,Negative,21600.0,HLA-DQA1*03:01/DQB1*03:02,15
MYLGTCKTLTPLMSS,purified MHC/competitive/radioactivity,Negative,46700.0,HLA-DQA1*01:01/DQB1*05:01,15
NASHCNEMSWIQSIP,purified MHC/competitive/radioactivity,Negative,15800.0,HLA-DQA1*05:01/DQB1*02:01,15
NASHCNEMSWIQSIP,purified MHC/competitive/radioactivity,Negative,11000.0,HLA-DQA1*03:01/DQB1*03:02,15
NCVLKKSTNGLRIKS,purified MHC/competitive/radioactivity,Negative,46600.0,HLA-DQA1*03:01/DQB1*03:02,15
NCVLKKSTNGLRIKS,purified MHC/competitive/radioactivity,Negative,46700.0,HLA-DQA1*05:01/DQB1*02:01,15
NCVLKKSTNGLRIKS,purified MHC/competitive/radioactivity,Negative,46700.0,HLA-DQA1*01:01/DQB1*05:01,15
NDAIKASTGGAYESY,purified MHC/competitive/radioactivity,Negative,24400.0,HLA-DQA1*05:01/DQB1*02:01,15
NDAIKASTGGAYESY,purified MHC/competitive/radioactivity,Negative,46700.0,HLA-DQA1*01:01/DQB1*05:01,15
NDVSTYASGKVWGQK,purified MHC/competitive/radioactivity,Negative,46700.0,HLA-DQA1*05:01/DQB1*02:01,15
NDVSTYASGKVWGQK,purified MHC/competitive/radioactivity,Negative,46700.0,HLA-DQA1*01:01/DQB1*05:01,15
NFRFLTEKGMKNVFD,purified MHC/competitive/radioactivity,Negative,21400.0,HLA-DQA1*05:01/DQB1*02:01,15
NFRFLTEKGMKNVFD,purified MHC/competitive/radioactivity,Negative,14300.0,HLA-DQA1*01:01/DQB1*05:01,15
NFRFLTEKGMKNVFD,purified MHC/competitive/radioactivity,Negative,18600.0,HLA-DQA1*01:02/DQB1*06:02,15
NFRFMSKGGMRNVFD,purified MHC/competitive/radioactivity,Negative,46600.0,HLA-DQA1*03:01/DQB1*03:02,15
NFRFMSKGGMRNVFD,purified MHC/competitive/radioactivity,Negative,21800.0,HLA-DQA1*05:01/DQB1*02:01,15
NFRFMSKGGMRNVFD,purified MHC/competitive/radioactivity,Negative,46700.0,HLA-DQA1*01:01/DQB1*05:01,15
NFRFMSKGGMRNVFD,purified MHC/competitive/radioactivity,Negative,13000.0,HLA-DQA1*01:02/DQB1*06:02,15
NGDGDVVAVDIKEKG,purified MHC/competitive/radioactivity,Negative,16800.0,HLA-DQA1*05:01/DQB1*02:01,15
NGDGDVVAVDIKEKG,purified MHC/competitive/radioactivity,Negative,46700.0,HLA-DQA1*01:01/DQB1*05:01,15
NGDGDVVAVDIKEKG,purified MHC/competitive/radioactivity,Negative,15500.0,HLA-DQA1*01:02/DQB1*06:02,15
NGSAEVHRGAVPRRG,purified MHC/competitive/radioactivity,Negative,46700.0,HLA-DQA1*05:01/DQB1*02:01,15
NGSAEVHRGAVPRRG,purified MHC/competitive/radioactivity,Negative,46700.0,HLA-DQA1*01:01/DQB1*05:01,15
NKICTSKGDSARVTV,purified MHC/competitive/radioactivity,Negative,25400.0,HLA-DQA1*03:01/DQB1*03:02,15
NKICTSKGDSARVTV,purified MHC/competitive/radioactivity,Negative,46700.0,HLA-DQA1*05:01/DQB1*02:01,15
NKICTSKGDSARVTV,purified MHC/competitive/radioactivity,Negative,46700.0,HLA-DQA1*01:01/DQB1*05:01,15
NLADAVSKAPQLVPK,purified MHC/competitive/radioactivity,Negative,16700.0,HLA-DQA1*05:01/DQB1*02:01,15
NLADAVSKAPQLVPK,purified MHC/competitive/radioactivity,Negative,46700.0,HLA-DQA1*01:01/DQB1*05:01,15
NPRQAYANYRDIDLG,purified MHC/competitive/radioactivity,Negative,10200.0,HLA-DQA1*03:01/DQB1*03:02,15
NRNNTFKPFAEYKSD,purified MHC/competitive/radioactivity,Negative,15000.0,HLA-DQA1*05:01/DQB1*03:01,15
NRNNTFKPFAEYKSD,purified MHC/competitive/radioactivity,Negative,46700.0,HLA-DQA1*01:01/DQB1*05:01,15
NRNNTFKPFAEYKSD,purified MHC/competitive/radioactivity,Negative,36300.0,HLA-DQA1*01:02/DQB1*06:02,15
NSCAKNYNCKILPNT,purified MHC/competitive/radioactivity,Negative,20400.0,HLA-DQA1*05:01/DQB1*03:01,15
NSCAKNYNCKILPNT,purified MHC/competitive/radioactivity,Negative,46600.0,HLA-DQA1*03:01/DQB1*03:02,15
NSCAKNYNCKILPNT,purified MHC/competitive/radioactivity,Negative,46700.0,HLA-DQA1*05:01/DQB1*02:01,15
NSCAKNYNCKILPNT,purified MHC/competitive/radioactivity,Negative,46700.0,HLA-DQA1*01:01/DQB1*05:01,15
NSFKPFAEYKSDYVY,purified MHC/competitive/radioactivity,Negative,28200.0,HLA-DQA1*01:02/DQB1*06:02,15
NVSHIQSAVVCGRRH,purified MHC/competitive/radioactivity,Negative,10100.0,HLA-DQA1*03:01/DQB1*03:02,15
NVSHIQSAVVCGRRH,purified MHC/competitive/radioactivity,Negative,19700.0,HLA-DQA1*05:01/DQB1*02:01,15
NVSHIQSAVVCGRRH,purified MHC/competitive/radioactivity,Negative,46700.0,HLA-DQA1*01:01/DQB1*05:01,15
NVWEVKSSKPLVGPF,purified MHC/competitive/radioactivity,Negative,46700.0,HLA-DQA1*01:01/DQB1*05:01,15
NYLALLVKYVNGDGD,purified MHC/competitive/radioactivity,Negative,22700.0,HLA-DQA1*03:01/DQB1*03:02,15
NYLALLVKYVNGDGD,purified MHC/competitive/radioactivity,Negative,46700.0,HLA-DQA1*01:01/DQB1*05:01,15
NYNCKILPNTLVLDF,purified MHC/competitive/radioactivity,Negative,11500.0,HLA-DQA1*05:01/DQB1*03:01,15
PADKYRTFVATFGAA,purified MHC/competitive/radioactivity,Negative,21000.0,HLA-DQA1*01:01/DQB1*05:01,15
PAGVCPTIGVGGNFA,purified MHC/competitive/radioactivity,Negative,12100.0,HLA-DQA1*03:01/DQB1*03:02,15
PAGVCPTIGVGGNFA,purified MHC/competitive/radioactivity,Negative,46700.0,HLA-DQA1*01:01/DQB1*05:01,15
PAGVCPTIGVGGNFA,purified MHC/competitive/radioactivity,Negative,28700.0,HLA-DQA1*01:02/DQB1*06:02,15
PATPAAPGAGYTPAT,purified MHC/competitive/radioactivity,Negative,22800.0,HLA-DQA1*03:01/DQB1*03:02,15
PATPAAPGAGYTPAT,purified MHC/competitive/radioactivity,Negative,46700.0,HLA-DQA1*05:01/DQB1*02:01,15
PATPAAPGAGYTPAT,purified MHC/competitive/radioactivity,Negative,46700.0,HLA-DQA1*01:01/DQB1*05:01,15
PCKGDSVTIKLDGNL,purified MHC/competitive/radioactivity,Negative,46600.0,HLA-DQA1*03:01/DQB1*03:02,15
PCKGDSVTIKLDGNL,purified MHC/competitive/radioactivity,Negative,13000.0,HLA-DQA1*05:01/DQB1*02:01,15
PCKGDSVTIKLDGNL,purified MHC/competitive/radioactivity,Negative,46700.0,HLA-DQA1*01:01/DQB1*05:01,15
PCRAGFETNVSHNVQ,purified MHC/competitive/radioactivity,Negative,13200.0,HLA-DQA1*03:01/DQB1*03:02,15
PCRAGFETNVSHNVQ,purified MHC/competitive/radioactivity,Negative,12700.0,HLA-DQA1*05:01/DQB1*02:01,15
PDNVKPIYIVTPTNA,purified MHC/competitive/radioactivity,Negative,46600.0,HLA-DQA1*03:01/DQB1*03:02,15
PDNVKPIYIVTPTNA,purified MHC/competitive/radioactivity,Negative,11400.0,HLA-DQA1*05:01/DQB1*03:01,15
PDNVKPIYIVTPTNA,purified MHC/competitive/radioactivity,Negative,10100.0,HLA-DQA1*05:01/DQB1*02:01,15
PDNVKPIYIVTPTNA,purified MHC/competitive/radioactivity,Negative,46700.0,HLA-DQA1*01:01/DQB1*05:01,15
PEEFAVVDLSKMRAV,purified MHC/competitive/radioactivity,Negative,46700.0,HLA-DQA1*01:01/DQB1*05:01,15
PELGMNASHCNEMSW,purified MHC/competitive/radioactivity,Negative,13800.0,HLA-DQA1*05:01/DQB1*02:01,15
PELGMNASHCNEMSW,purified MHC/competitive/radioactivity,Negative,12500.0,HLA-DQA1*03:01/DQB1*03:02,15
PELGMNASHCNEMSW,purified MHC/competitive/radioactivity,Negative,46700.0,HLA-DQA1*01:01/DQB1*05:01,15
PFTVRYTTEGGTKGE,purified MHC/competitive/radioactivity,Negative,20200.0,HLA-DQA1*03:01/DQB1*03:02,15
PFTVRYTTEGGTKGE,purified MHC/competitive/radioactivity,Negative,46700.0,HLA-DQA1*01:01/DQB1*05:01,15
PFTVRYTTEGGTKTE,purified MHC/competitive/radioactivity,Negative,29600.0,HLA-DQA1*05:01/DQB1*02:01,15
PFTVRYTTEGGTKTE,purified MHC/competitive/radioactivity,Negative,22300.0,HLA-DQA1*01:01/DQB1*05:01,15
PGDSLAEVELRQHGS,purified MHC/competitive/radioactivity,Negative,28500.0,HLA-DQA1*01:01/DQB1*05:01,15
PGHGISVGSLGRYKD,purified MHC/competitive/radioactivity,Negative,22100.0,HLA-DQA1*03:01/DQB1*03:02,15
PGHGISVGSLGRYKD,purified MHC/competitive/radioactivity,Negative,13100.0,HLA-DQA1*05:01/DQB1*02:01,15
PGHGISVGSLGRYKD,purified MHC/competitive/radioactivity,Negative,30800.0,HLA-DQA1*01:01/DQB1*05:01,15
PGMAKIPAGELQIID,purified MHC/competitive/radioactivity,Negative,46700.0,HLA-DQA1*01:01/DQB1*05:01,15
PGPNITATYGGKWLD,purified MHC/competitive/radioactivity,Negative,20700.0,HLA-DQA1*03:01/DQB1*03:02,15
PGPNITATYGGKWLD,purified MHC/competitive/radioactivity,Negative,46700.0,HLA-DQA1*01:01/DQB1*05:01,15
PIIIDQKYCPNKICT,purified MHC/competitive/radioactivity,Negative,46600.0,HLA-DQA1*03:01/DQB1*03:02,15
PIIIDQKYCPNKICT,purified MHC/competitive/radioactivity,Negative,23000.0,HLA-DQA1*01:01/DQB1*05:01,15
PIIIDQKYCPNKICT,purified MHC/competitive/radioactivity,Negative,17400.0,HLA-DQA1*01:02/DQB1*06:02,15
PISVTAPPPQLPRPP,purified MHC/competitive/radioactivity,Negative,46700.0,HLA-DQA1*01:01/DQB1*05:01,15
PISVTAPPPQLPRPP,purified MHC/competitive/radioactivity,Negative,18600.0,HLA-DQA1*01:02/DQB1*06:02,15
PIYIVTPTNASHIQS,purified MHC/competitive/radioactivity,Negative,17400.0,HLA-DQA1*05:01/DQB1*02:01,15
PIYIVTPTNASHIQS,purified MHC/competitive/radioactivity,Negative,46700.0,HLA-DQA1*01:01/DQB1*05:01,15
PKGGAESSSKAALTS,purified MHC/competitive/radioactivity,Negative,11000.0,HLA-DQA1*05:01/DQB1*02:01,15
PKGGAESSSKAALTS,purified MHC/competitive/radioactivity,Negative,46700.0,HLA-DQA1*01:01/DQB1*05:01,15
PLMSSKFPELGMNPS,purified MHC/competitive/radioactivity,Negative,11500.0,HLA-DQA1*05:01/DQB1*02:01,15
PLMSSKFPELGMNPS,purified MHC/competitive/radioactivity,Negative,46700.0,HLA-DQA1*01:01/DQB1*05:01,15
PNITATYGDKWLDAK,purified MHC/competitive/radioactivity,Negative,10600.0,HLA-DQA1*03:01/DQB1*03:02,15
PNITATYGDKWLDAK,purified MHC/competitive/radioactivity,Negative,23800.0,HLA-DQA1*01:02/DQB1*06:02,15
PNTDGIHIGDSSKVT,purified MHC/competitive/radioactivity,Negative,46600.0,HLA-DQA1*03:01/DQB1*03:02,15
PNTDGIHIGDSSKVT,purified MHC/competitive/radioactivity,Negative,46700.0,HLA-DQA1*05:01/DQB1*02:01,15
PNTDGIHIGDSSKVT,purified MHC/competitive/radioactivity,Negative,46700.0,HLA-DQA1*01:01/DQB1*05:01,15
PPPPQLGASPYKLGP,purified MHC/competitive/radioactivity,Negative,11200.0,HLA-DQA1*03:01/DQB1*03:02,15
PPPPQLGASPYKLGP,purified MHC/competitive/radioactivity,Negative,24000.0,HLA-DQA1*01:01/DQB1*05:01,15
PPTVTIFKISKTVSE,purified MHC/competitive/radioactivity,Negative,46700.0,HLA-DQA1*05:01/DQB1*02:01,15
PQVKYAVFEAALTKA,purified MHC/competitive/radioactivity,Negative,21200.0,HLA-DQA1*01:01/DQB1*05:01,15
PRGGPGRSYAADAGY,purified MHC/competitive/radioactivity,Negative,12900.0,HLA-DQA1*03:01/DQB1*03:02,15
PRGGPGRSYAADAGY,purified MHC/competitive/radioactivity,Negative,10800.0,HLA-DQA1*01:02/DQB1*06:02,15
PRLLYAKSSPAYPSV,purified MHC/competitive/radioactivity,Negative,10300.0,HLA-DQA1*05:01/DQB1*02:01,15
PRLLYAKSSPAYPSV,purified MHC/competitive/radioactivity,Negative,23100.0,HLA-DQA1*01:01/DQB1*05:01,15
PTIGVGGNFAGGGFG,purified MHC/competitive/radioactivity,Negative,19700.0,HLA-DQA1*03:01/DQB1*03:02,15
PTIGVGGNFAGGGFG,purified MHC/competitive/radioactivity,Negative,46700.0,HLA-DQA1*01:01/DQB1*05:01,15
PTIGVGGNFAGGGFG,purified MHC/competitive/radioactivity,Negative,29300.0,HLA-DQA1*01:02/DQB1*06:02,15
PTPLAKEDFLRCLVK,purified MHC/competitive/radioactivity,Negative,46600.0,HLA-DQA1*03:01/DQB1*03:02,15
PTPLAKEDFLRCLVK,purified MHC/competitive/radioactivity,Negative,13300.0,HLA-DQA1*05:01/DQB1*02:01,15
PTPLAKEDFLRCLVK,purified MHC/competitive/radioactivity,Negative,46700.0,HLA-DQA1*01:01/DQB1*05:01,15
PVTEEPGMAKIPAGE,purified MHC/competitive/radioactivity,Negative,46700.0,HLA-DQA1*05:01/DQB1*02:01,15
PVTEEPGMAKIPAGE,purified MHC/competitive/radioactivity,Negative,46700.0,HLA-DQA1*01:01/DQB1*05:01,15
PYGATISATPEWATP,purified MHC/competitive/radioactivity,Negative,46700.0,HLA-DQA1*01:01/DQB1*05:01,15
PYVSKNPRQAYANYR,purified MHC/competitive/radioactivity,Negative,13800.0,HLA-DQA1*03:01/DQB1*03:02,15
PYVSKNPRQAYANYR,purified MHC/competitive/radioactivity,Negative,38100.0,HLA-DQA1*05:01/DQB1*02:01,15
PYVSKNPRQAYANYR,purified MHC/competitive/radioactivity,Negative,12400.0,HLA-DQA1*01:01/DQB1*05:01,15
PYVSKNPRQAYANYR,purified MHC/competitive/radioactivity,Negative,46700.0,HLA-DQA1*01:02/DQB1*06:02,15
QAYAATVAAAPQVKY,purified MHC/competitive/radioactivity,Negative,46700.0,HLA-DQA1*01:01/DQB1*05:01,15
QDHQEEICEVVLAKS,purified MHC/competitive/radioactivity,Negative,27400.0,HLA-DQA1*01:01/DQB1*05:01,15
QFKPEEITGIMKDFD,purified MHC/competitive/radioactivity,Negative,25100.0,HLA-DQA1*01:01/DQB1*05:01,15
QFKPEEITGIMKDLD,purified MHC/competitive/radioactivity,Negative,20000.0,HLA-DQA1*01:01/DQB1*05:01,15
QFRRVKCKYPEGTKV,purified MHC/competitive/radioactivity,Negative,34900.0,HLA-DQA1*03:01/DQB1*03:02,15
QFRRVKCKYPEGTKV,purified MHC/competitive/radioactivity,Negative,21700.0,HLA-DQA1*05:01/DQB1*02:01,15
QFRRVKCKYPEGTKV,purified MHC/competitive/radioactivity,Negative,46700.0,HLA-DQA1*01:01/DQB1*05:01,15
QFRRVKCKYPEGTKV,purified MHC/competitive/radioactivity,Negative,46700.0,HLA-DQA1*01:02/DQB1*06:02,15
QGEPGAVIRGKKGAG,purified MHC/competitive/radioactivity,Negative,40300.0,HLA-DQA1*03:01/DQB1*03:02,15
QGEPGAVIRGKKGAG,purified MHC/competitive/radioactivity,Negative,46700.0,HLA-DQA1*05:01/DQB1*02:01,15
QGEPGAVIRGKKGAG,purified MHC/competitive/radioactivity,Negative,46700.0,HLA-DQA1*01:01/DQB1*05:01,15
QGEPGRVIRGKKGAG,purified MHC/competitive/radioactivity,Negative,46600.0,HLA-DQA1*03:01/DQB1*03:02,15
QGEPGRVIRGKKGAG,purified MHC/competitive/radioactivity,Negative,46700.0,HLA-DQA1*05:01/DQB1*02:01,15
QGEPGRVIRGKKGAG,purified MHC/competitive/radioactivity,Negative,39600.0,HLA-DQA1*01:01/DQB1*05:01,15
QGEPGRVIRGKKGAG,purified MHC/competitive/radioactivity,Negative,28300.0,HLA-DQA1*01:02/DQB1*06:02,15
QKLIEDVNASFRAAM,purified MHC/competitive/radioactivity,Negative,29700.0,HLA-DQA1*01:01/DQB1*05:01,15
QKYCPNKICTSKGDS,purified MHC/competitive/radioactivity,Negative,46600.0,HLA-DQA1*03:01/DQB1*03:02,15
QKYCPNKICTSKGDS,purified MHC/competitive/radioactivity,Negative,46700.0,HLA-DQA1*05:01/DQB1*02:01,15
QKYCPNKICTSKGDS,purified MHC/competitive/radioactivity,Negative,46700.0,HLA-DQA1*01:01/DQB1*05:01,15
QLVPKLDEVYNAAYN,purified MHC/competitive/radioactivity,Negative,25000.0,HLA-DQA1*01:01/DQB1*05:01,15
QLVPKLDEVYNAAYN,purified MHC/competitive/radioactivity,Negative,13800.0,HLA-DQA1*01:02/DQB1*06:02,15
QPFPKTVWEQILNTW,purified MHC/competitive/radioactivity,Negative,21000.0,HLA-DQA1*05:01/DQB1*03:01,15
QPFPKTVWEQILNTW,purified MHC/competitive/radioactivity,Negative,12700.0,HLA-DQA1*01:01/DQB1*05:01,15
QRMMAEIDTDGDGFI,purified MHC/competitive/radioactivity,Negative,20200.0,HLA-DQA1*01:01/DQB1*05:01,15
QSAVVCGRRHSVRIR,purified MHC/competitive/radioactivity,Negative,46600.0,HLA-DQA1*03:01/DQB1*03:02,15
QSAVVCGRRHSVRIR,purified MHC/competitive/radioactivity,Negative,46700.0,HLA-DQA1*05:01/DQB1*02:01,15
QSAVVCGRRHSVRIR,purified MHC/competitive/radioactivity,Negative,46700.0,HLA-DQA1*01:01/DQB1*05:01,15
QVAFSYFPPPAAKED,purified MHC/competitive/radioactivity,Negative,10700.0,HLA-DQA1*03:01/DQB1*03:02,15
QVAFSYFPPPAAKED,purified MHC/competitive/radioactivity,Negative,14500.0,HLA-DQA1*01:01/DQB1*05:01,15
QVAFSYFPPPAAKED,purified MHC/competitive/radioactivity,Negative,23000.0,HLA-DQA1*01:02/DQB1*06:02,15
RCLVKEIPPRLLYAK,purified MHC/competitive/radioactivity,Negative,15300.0,HLA-DQA1*03:01/DQB1*03:02,15
RCLVKEIPPRLLYAK,purified MHC/competitive/radioactivity,Negative,16700.0,HLA-DQA1*05:01/DQB1*03:01,15
RFDTNGDGKISLSEL,purified MHC/competitive/radioactivity,Negative,12600.0,HLA-DQA1*05:01/DQB1*02:01,15
RFDTNGDGKISLSEL,purified MHC/competitive/radioactivity,Negative,46700.0,HLA-DQA1*01:01/DQB1*05:01,15
RIDTPDKLTGPFTVR,purified MHC/competitive/radioactivity,Negative,20900.0,HLA-DQA1*03:01/DQB1*03:02,15
RIDTPDKLTGPFTVR,purified MHC/competitive/radioactivity,Negative,13000.0,HLA-DQA1*05:01/DQB1*02:01,15
RIDTPDKLTGPFTVR,purified MHC/competitive/radioactivity,Negative,46700.0,HLA-DQA1*01:01/DQB1*05:01,15
RIDTPDKLTGPFTVR,purified MHC/competitive/radioactivity,Negative,46700.0,HLA-DQA1*01:02/DQB1*06:02,15
RIDTPEVLKGPFTVR,purified MHC/competitive/radioactivity,Negative,26700.0,HLA-DQA1*03:01/DQB1*03:02,15
RIDTPEVLKGPFTVR,purified MHC/competitive/radioactivity,Negative,27800.0,HLA-DQA1*05:01/DQB1*02:01,15
RIDTPEVLKGPFTVR,purified MHC/competitive/radioactivity,Negative,46700.0,HLA-DQA1*01:01/DQB1*05:01,15
RIDTPEVLKGPFTVR,purified MHC/competitive/radioactivity,Negative,46700.0,HLA-DQA1*01:02/DQB1*06:02,15
RIIAGTLEVHAVKPA,purified MHC/competitive/radioactivity,Negative,44200.0,HLA-DQA1*01:01/DQB1*05:01,15
RKGVLFNIQYVNYWF,purified MHC/competitive/radioactivity,Negative,12200.0,HLA-DQA1*03:01/DQB1*03:02,15
RNEVVNDVSTYASGK,purified MHC/competitive/radioactivity,Negative,21900.0,HLA-DQA1*01:01/DQB1*05:01,15
RNITGTSSTPEAVSL,purified MHC/competitive/radioactivity,Negative,21000.0,HLA-DQA1*01:01/DQB1*05:01,15
RNITGTSSTPEAVSL,purified MHC/competitive/radioactivity,Negative,11100.0,HLA-DQA1*01:02/DQB1*06:02,15
RNSRWSSPDNVKPLY,purified MHC/competitive/radioactivity,Negative,32800.0,HLA-DQA1*03:01/DQB1*03:02,15
RNSRWSSPDNVKPLY,purified MHC/competitive/radioactivity,Negative,16800.0,HLA-DQA1*05:01/DQB1*03:01,15
RNSRWSSPDNVKPLY,purified MHC/competitive/radioactivity,Negative,46700.0,HLA-DQA1*01:01/DQB1*05:01,15
RNSRWSSPDNVKPLY,purified MHC/competitive/radioactivity,Negative,25800.0,HLA-DQA1*01:02/DQB1*06:02,15
RNVFDEVIPTAFKIG,purified MHC/competitive/radioactivity,Negative,24800.0,HLA-DQA1*01:02/DQB1*06:02,15
RQHGSEEWEPLTKKG,purified MHC/competitive/radioactivity,Negative,13600.0,HLA-DQA1*03:01/DQB1*03:02,15
RQHGSEEWEPLTKKG,purified MHC/competitive/radioactivity,Negative,32500.0,HLA-DQA1*05:01/DQB1*03:01,15
RQHGSEEWEPLTKKG,purified MHC/competitive/radioactivity,Negative,46700.0,HLA-DQA1*05:01/DQB1*02:01,15
RQHGSEEWEPLTKKG,purified MHC/competitive/radioactivity,Negative,46700.0,HLA-DQA1*01:01/DQB1*05:01,15
RRHGVRIRVRSGGHD,purified MHC/competitive/radioactivity,Negative,46600.0,HLA-DQA1*03:01/DQB1*03:02,15
RRHGVRIRVRSGGHD,purified MHC/competitive/radioactivity,Negative,35900.0,HLA-DQA1*05:01/DQB1*02:01,15
RRHGVRIRVRSGGHD,purified MHC/competitive/radioactivity,Negative,46700.0,HLA-DQA1*01:01/DQB1*05:01,15
RVIAQGPTATFEAMY,purified MHC/competitive/radioactivity,Negative,46700.0,HLA-DQA1*01:01/DQB1*05:01,15
RVIRGKKGAGGITIK,purified MHC/competitive/radioactivity,Negative,46600.0,HLA-DQA1*03:01/DQB1*03:02,15
RVIRGKKGAGGITIK,purified MHC/competitive/radioactivity,Negative,46700.0,HLA-DQA1*05:01/DQB1*02:01,15
RVPLTSNNGIKQQGI,purified MHC/competitive/radioactivity,Negative,11700.0,HLA-DQA1*01:01/DQB1*05:01,15
RVWEQIFSTWLLKPG,purified MHC/competitive/radioactivity,Negative,10700.0,HLA-DQA1*03:01/DQB1*03:02,15
RVYCDPCRAGFETNV,purified MHC/competitive/radioactivity,Negative,28000.0,HLA-DQA1*03:01/DQB1*03:02,15
RWQVVAPQLPDDLMI,purified MHC/competitive/radioactivity,Negative,18500.0,HLA-DQA1*01:01/DQB1*05:01,15
RWQVVAPQLPDDLMI,purified MHC/competitive/radioactivity,Negative,30300.0,HLA-DQA1*01:02/DQB1*06:02,15
SADEVQRMMAEIDTD,purified MHC/competitive/radioactivity,Negative,46700.0,HLA-DQA1*01:01/DQB1*05:01,15
SADFPQFKPEEITGI,purified MHC/competitive/radioactivity,Negative,46700.0,HLA-DQA1*01:02/DQB1*06:02,15
SDYVYEPFPKRVWEQ,purified MHC/competitive/radioactivity,Negative,28000.0,HLA-DQA1*05:01/DQB1*02:01,15
SDYVYEPFPKRVWEQ,purified MHC/competitive/radioactivity,Negative,12100.0,HLA-DQA1*03:01/DQB1*03:02,15
SDYVYEPFPKRVWEQ,purified MHC/competitive/radioactivity,Negative,46700.0,HLA-DQA1*01:01/DQB1*05:01,15
SDYVYEPFPKRVWEQ,purified MHC/competitive/radioactivity,Negative,18500.0,HLA-DQA1*01:02/DQB1*06:02,15
SDYVYQPFPKTVWEQ,purified MHC/competitive/radioactivity,Negative,46700.0,HLA-DQA1*05:01/DQB1*02:01,15
SDYVYQPFPKTVWEQ,purified MHC/competitive/radioactivity,Negative,46700.0,HLA-DQA1*01:01/DQB1*05:01,15
SEAQKAAKPAAAATA,purified MHC/competitive/radioactivity,Negative,42500.0,HLA-DQA1*05:01/DQB1*02:01,15
SEAQKAAKPAAAATA,purified MHC/competitive/radioactivity,Negative,46700.0,HLA-DQA1*01:01/DQB1*05:01,15
SEIEEFRDRARVPLT,purified MHC/competitive/radioactivity,Negative,16300.0,HLA-DQA1*01:02/DQB1*06:02,15
SERPAIVPPADKYRT,purified MHC/competitive/radioactivity,Negative,10100.0,HLA-DQA1*05:01/DQB1*02:01,15
SERPAIVPPADKYRT,purified MHC/competitive/radioactivity,Negative,33300.0,HLA-DQA1*01:01/DQB1*05:01,15
SGHAFGAMAKKGDEQ,purified MHC/competitive/radioactivity,Negative,10800.0,HLA-DQA1*03:01/DQB1*03:02,15
SGHAFGAMAKKGDEQ,purified MHC/competitive/radioactivity,Negative,23600.0,HLA-DQA1*05:01/DQB1*02:01,15
SGHAFGAMAKKGDEQ,purified MHC/competitive/radioactivity,Negative,46700.0,HLA-DQA1*01:01/DQB1*05:01,15
SGIAFGSMAKKGDEQ,purified MHC/competitive/radioactivity,Negative,17200.0,HLA-DQA1*03:01/DQB1*03:02,15
SGIAFGSMAKKGDEQ,purified MHC/competitive/radioactivity,Negative,35700.0,HLA-DQA1*05:01/DQB1*02:01,15
SGIAFGSMAKKGDEQ,purified MHC/competitive/radioactivity,Negative,46700.0,HLA-DQA1*01:01/DQB1*05:01,15
SGTNNKTMAVCTNAK,purified MHC/competitive/radioactivity,Negative,25900.0,HLA-DQA1*03:01/DQB1*03:02,15
SGTNNKTMAVCTNAK,purified MHC/competitive/radioactivity,Negative,32500.0,HLA-DQA1*05:01/DQB1*02:01,15
SGTNNKTMAVCTNAK,purified MHC/competitive/radioactivity,Negative,33600.0,HLA-DQA1*01:01/DQB1*05:01,15
SHIQSAVVCGRRHGV,purified MHC/competitive/radioactivity,Negative,46700.0,HLA-DQA1*01:01/DQB1*05:01,15
SKAALTSKLDAAYKL,purified MHC/competitive/radioactivity,Negative,12600.0,HLA-DQA1*03:01/DQB1*03:02,15
SKAALTSKLDAAYKL,purified MHC/competitive/radioactivity,Negative,29700.0,HLA-DQA1*05:01/DQB1*02:01,15
SKAALTSKLDAAYKL,purified MHC/competitive/radioactivity,Negative,12900.0,HLA-DQA1*01:01/DQB1*05:01,15
SKGDSARVTVKDVTF,purified MHC/competitive/radioactivity,Negative,22400.0,HLA-DQA1*01:01/DQB1*05:01,15
SKGGMRNVFDEVIPT,purified MHC/competitive/radioactivity,Negative,11100.0,HLA-DQA1*01:02/DQB1*06:02,15
SKLKAEATTDGLGWY,purified MHC/competitive/radioactivity,Negative,13400.0,HLA-DQA1*03:01/DQB1*03:02,15
SKLKAEATTDGLGWY,purified MHC/competitive/radioactivity,Negative,46700.0,HLA-DQA1*01:01/DQB1*05:01,15
SKLTYENVKMEDVGY,purified MHC/competitive/radioactivity,Negative,13400.0,HLA-DQA1*01:01/DQB1*05:01,15
SLSELTDALRTLGST,purified MHC/competitive/radioactivity,Negative,20400.0,HLA-DQA1*03:01/DQB1*03:02,15
SLSELTDALRTLGST,purified MHC/competitive/radioactivity,Negative,29700.0,HLA-DQA1*05:01/DQB1*02:01,15
SLSELTDALRTLGST,purified MHC/competitive/radioactivity,Negative,44200.0,HLA-DQA1*01:01/DQB1*05:01,15
SNKAFAEGLSGEPKG,purified MHC/competitive/radioactivity,Negative,26700.0,HLA-DQA1*01:01/DQB1*05:01,15
SNNGIKQQGIRYANP,purified MHC/competitive/radioactivity,Negative,15900.0,HLA-DQA1*03:01/DQB1*03:02,15
SNNGIKQQGIRYANP,purified MHC/competitive/radioactivity,Negative,15400.0,HLA-DQA1*01:01/DQB1*05:01,15
SPKARSERPAIVPPA,purified MHC/competitive/radioactivity,Negative,39300.0,HLA-DQA1*01:01/DQB1*05:01,15
SPLTASKLTYENVKM,purified MHC/competitive/radioactivity,Negative,26500.0,HLA-DQA1*05:01/DQB1*02:01,15
SPLTASKLTYENVKM,purified MHC/competitive/radioactivity,Negative,20500.0,HLA-DQA1*01:01/DQB1*05:01,15
SQPATGAATVAAGAA,purified MHC/competitive/radioactivity,Negative,20700.0,HLA-DQA1*05:01/DQB1*02:01,15
SQPATGAATVAAGAA,purified MHC/competitive/radioactivity,Negative,46700.0,HLA-DQA1*01:01/DQB1*05:01,15
SRWSSPDNVKPIYIV,purified MHC/competitive/radioactivity,Negative,11300.0,HLA-DQA1*03:01/DQB1*03:02,15
SRWSSPDNVKPIYIV,purified MHC/competitive/radioactivity,Negative,46700.0,HLA-DQA1*01:01/DQB1*05:01,15
SSKAATAKAPGLVPK,purified MHC/competitive/radioactivity,Negative,12400.0,HLA-DQA1*03:01/DQB1*03:02,15
SSKAATAKAPGLVPK,purified MHC/competitive/radioactivity,Negative,24600.0,HLA-DQA1*05:01/DQB1*02:01,15
SSKAATAKAPGLVPK,purified MHC/competitive/radioactivity,Negative,46700.0,HLA-DQA1*01:01/DQB1*05:01,15
SSKVTITDTTIGTGD,purified MHC/competitive/radioactivity,Negative,28900.0,HLA-DQA1*03:01/DQB1*03:02,15
SSKVTITDTTIGTGD,purified MHC/competitive/radioactivity,Negative,34100.0,HLA-DQA1*05:01/DQB1*02:01,15
SSKVTITDTTIGTGD,purified MHC/competitive/radioactivity,Negative,27400.0,HLA-DQA1*01:01/DQB1*05:01,15
SSPDNVKPLYIITPT,purified MHC/competitive/radioactivity,Negative,36800.0,HLA-DQA1*03:01/DQB1*03:02,15
SSPDNVKPLYIITPT,purified MHC/competitive/radioactivity,Negative,46700.0,HLA-DQA1*01:01/DQB1*05:01,15
STGGAYDTYKCIPSL,purified MHC/competitive/radioactivity,Negative,12000.0,HLA-DQA1*03:01/DQB1*03:02,15
STWLLKPGAGIMIFD,purified MHC/competitive/radioactivity,Negative,43100.0,HLA-DQA1*01:01/DQB1*05:01,15
STWYGKPTAAGPKDN,purified MHC/competitive/radioactivity,Negative,21700.0,HLA-DQA1*03:01/DQB1*03:02,15
STWYGKPTAAGPKDN,purified MHC/competitive/radioactivity,Negative,26900.0,HLA-DQA1*05:01/DQB1*02:01,15
STWYGKPTAAGPKDN,purified MHC/competitive/radioactivity,Negative,46700.0,HLA-DQA1*01:01/DQB1*05:01,15
STWYGKPTAAGPKDN,purified MHC/competitive/radioactivity,Negative,18000.0,HLA-DQA1*01:02/DQB1*06:02,15
STWYGKPTGAGPKDN,purified MHC/competitive/radioactivity,Negative,15000.0,HLA-DQA1*03:01/DQB1*03:02,15
STWYGKPTGAGPKDN,purified MHC/competitive/radioactivity,Negative,46700.0,HLA-DQA1*05:01/DQB1*02:01,15
STWYGKPTGAGPKDN,purified MHC/competitive/radioactivity,Negative,30400.0,HLA-DQA1*01:01/DQB1*05:01,15
STWYGKPTGAGPKDN,purified MHC/competitive/radioactivity,Negative,46700.0,HLA-DQA1*01:02/DQB1*06:02,15
SVAYKAAVGATPEAK,purified MHC/competitive/radioactivity,Negative,24600.0,HLA-DQA1*01:01/DQB1*05:01,15
SVGSLGRYKDEKDVT,purified MHC/competitive/radioactivity,Negative,23900.0,HLA-DQA1*03:01/DQB1*03:02,15
SVGSLGRYKDEKDVT,purified MHC/competitive/radioactivity,Negative,46700.0,HLA-DQA1*05:01/DQB1*02:01,15
SVGSLGRYKDEKDVT,purified MHC/competitive/radioactivity,Negative,31000.0,HLA-DQA1*01:02/DQB1*06:02,15
SVKRSNGSAEVHRGA,purified MHC/competitive/radioactivity,Negative,23900.0,HLA-DQA1*03:01/DQB1*03:02,15
SVKRSNGSAEVHRGA,purified MHC/competitive/radioactivity,Negative,46700.0,HLA-DQA1*05:01/DQB1*02:01,15
SVKRSNGSAEVHRGA,purified MHC/competitive/radioactivity,Negative,46700.0,HLA-DQA1*01:01/DQB1*05:01,15
SVLLVVALFAVFLGS,purified MHC/competitive/radioactivity,Negative,33100.0,HLA-DQA1*05:01/DQB1*03:01,15
SVLLVVALFAVFLGS,purified MHC/competitive/radioactivity,Negative,39000.0,HLA-DQA1*01:01/DQB1*05:01,15
SVLLVVVLFAVFLGS,purified MHC/competitive/radioactivity,Negative,28700.0,HLA-DQA1*05:01/DQB1*03:01,15
SVLLVVVLFAVFLGS,purified MHC/competitive/radioactivity,Negative,31400.0,HLA-DQA1*01:01/DQB1*05:01,15
SVTIKLDGNLLSSND,purified MHC/competitive/radioactivity,Negative,15800.0,HLA-DQA1*03:01/DQB1*03:02,15
SVTIKLDGNLLSSND,purified MHC/competitive/radioactivity,Negative,46700.0,HLA-DQA1*01:01/DQB1*05:01,15
SWIQSIPFVHLGHRD,purified MHC/competitive/radioactivity,Negative,13000.0,HLA-DQA1*05:01/DQB1*02:01,15
SWIQSIPFVHLGHRD,purified MHC/competitive/radioactivity,Negative,46700.0,HLA-DQA1*01:01/DQB1*05:01,15
TAAATAPADDKFTVF,purified MHC/competitive/radioactivity,Negative,46700.0,HLA-DQA1*01:01/DQB1*05:01,15
TAKAPGLVPKLDAAY,purified MHC/competitive/radioactivity,Negative,14100.0,HLA-DQA1*05:01/DQB1*02:01,15
TAKAPGLVPKLDAAY,purified MHC/competitive/radioactivity,Negative,23300.0,HLA-DQA1*01:01/DQB1*05:01,15
TALKKAITAMSEAQK,purified MHC/competitive/radioactivity,Negative,46700.0,HLA-DQA1*01:01/DQB1*05:01,15
TANVPPADKYKTLEA,purified MHC/competitive/radioactivity,Negative,23500.0,HLA-DQA1*05:01/DQB1*02:01,15
TANVPPADKYKTLEA,purified MHC/competitive/radioactivity,Negative,46700.0,HLA-DQA1*01:01/DQB1*05:01,15
TANVPPADKYKTLEA,purified MHC/competitive/radioactivity,Negative,14400.0,HLA-DQA1*01:02/DQB1*06:02,15
TATAAVGAATGAATA,purified MHC/competitive/radioactivity,Negative,23800.0,HLA-DQA1*05:01/DQB1*02:01,15
TATAAVGAATGAATA,purified MHC/competitive/radioactivity,Negative,46700.0,HLA-DQA1*01:01/DQB1*05:01,15
TATYGGKWLDAKSTW,purified MHC/competitive/radioactivity,Negative,46700.0,HLA-DQA1*05:01/DQB1*02:01,15
TATYGGKWLDAKSTW,purified MHC/competitive/radioactivity,Negative,26300.0,HLA-DQA1*03:01/DQB1*03:02,15
TDALRTLGSTSADEV,purified MHC/competitive/radioactivity,Negative,46700.0,HLA-DQA1*01:01/DQB1*05:01,15
TDDNEEPIAAYHFDL,purified MHC/competitive/radioactivity,Negative,21700.0,HLA-DQA1*01:01/DQB1*05:01,15
TDDNEEPIAPYHFDL,purified MHC/competitive/radioactivity,Negative,11700.0,HLA-DQA1*05:01/DQB1*02:01,15
TDDNEEPIAPYHFDL,purified MHC/competitive/radioactivity,Negative,23100.0,HLA-DQA1*01:01/DQB1*05:01,15
TEEQKLIEKINAGFK,purified MHC/competitive/radioactivity,Negative,14600.0,HLA-DQA1*03:01/DQB1*03:02,15
TEEQKLIEKINAGFK,purified MHC/competitive/radioactivity,Negative,26200.0,HLA-DQA1*05:01/DQB1*02:01,15
TEEQKLIEKINAGFK,purified MHC/competitive/radioactivity,Negative,19000.0,HLA-DQA1*01:01/DQB1*05:01,15
TEKGMKNVFDDVVPE,purified MHC/competitive/radioactivity,Negative,10300.0,HLA-DQA1*05:01/DQB1*03:01,15
TEKGMKNVFDDVVPE,purified MHC/competitive/radioactivity,Negative,46700.0,HLA-DQA1*01:02/DQB1*06:02,15
TFHVEKGSNPNYLAL,purified MHC/competitive/radioactivity,Negative,24200.0,HLA-DQA1*05:01/DQB1*02:01,15
TFHVEKGSNPNYLAL,purified MHC/competitive/radioactivity,Negative,46700.0,HLA-DQA1*01:01/DQB1*05:01,15
TFTVEKGSNEKHLAV,purified MHC/competitive/radioactivity,Negative,26000.0,HLA-DQA1*03:01/DQB1*03:02,15
TFTVEKGSNEKHLAV,purified MHC/competitive/radioactivity,Negative,38600.0,HLA-DQA1*05:01/DQB1*02:01,15
TFTVEKGSNEKHLAV,purified MHC/competitive/radioactivity,Negative,28000.0,HLA-DQA1*01:01/DQB1*05:01,15
TKGEGGVWTFDSEEP,purified MHC/competitive/radioactivity,Negative,20000.0,HLA-DQA1*01:01/DQB1*05:01,15
TKPEACSGEPVVVHI,purified MHC/competitive/radioactivity,Negative,16800.0,HLA-DQA1*03:01/DQB1*03:02,15
TKPEACSGEPVVVHI,purified MHC/competitive/radioactivity,Negative,14400.0,HLA-DQA1*05:01/DQB1*02:01,15
TKPEACSGEPVVVHI,purified MHC/competitive/radioactivity,Negative,46700.0,HLA-DQA1*01:01/DQB1*05:01,15
TKPEACSGEPVVVHI,purified MHC/competitive/radioactivity,Negative,46700.0,HLA-DQA1*01:02/DQB1*06:02,15
TLEVHAVKPAAEEVK,purified MHC/competitive/radioactivity,Negative,46700.0,HLA-DQA1*01:01/DQB1*05:01,15
TLGSTSADEVQRMMA,purified MHC/competitive/radioactivity,Negative,46700.0,HLA-DQA1*01:01/DQB1*05:01,15
TLTPMMSSKFPELGM,purified MHC/competitive/radioactivity,Negative,13900.0,HLA-DQA1*05:01/DQB1*03:01,15
TLTPMMSSKFPELGM,purified MHC/competitive/radioactivity,Negative,14300.0,HLA-DQA1*05:01/DQB1*02:01,15
TLTPMMSSKFPELGM,purified MHC/competitive/radioactivity,Negative,42800.0,HLA-DQA1*03:01/DQB1*03:02,15
TLTPMMSSKFPELGM,purified MHC/competitive/radioactivity,Negative,46700.0,HLA-DQA1*01:01/DQB1*05:01,15
TLTPMMSSKFPELGM,purified MHC/competitive/radioactivity,Negative,12300.0,HLA-DQA1*01:02/DQB1*06:02,15
TPAAPAGAEPAGKAT,purified MHC/competitive/radioactivity,Negative,46700.0,HLA-DQA1*01:01/DQB1*05:01,15
TPAAPAGAEPAGKAT,purified MHC/competitive/radioactivity,Negative,10200.0,HLA-DQA1*01:02/DQB1*06:02,15
TPEAKFDSFVASLTE,purified MHC/competitive/radioactivity,Negative,11200.0,HLA-DQA1*01:01/DQB1*05:01,15
TPESATPFPHRKGVL,purified MHC/competitive/radioactivity,Negative,46700.0,HLA-DQA1*05:01/DQB1*02:01,15
TPESATPFPHRKGVL,purified MHC/competitive/radioactivity,Negative,18100.0,HLA-DQA1*01:01/DQB1*05:01,15
TPFPHRKGVLFNIQY,purified MHC/competitive/radioactivity,Negative,24300.0,HLA-DQA1*01:01/DQB1*05:01,15
TPGQCNMVVERLGDY,purified MHC/competitive/radioactivity,Negative,23000.0,HLA-DQA1*01:01/DQB1*05:01,15
TPTNASHIQSAVVCG,purified MHC/competitive/radioactivity,Negative,46700.0,HLA-DQA1*01:01/DQB1*05:01,15
TSAVGAPTGATTAAA,purified MHC/competitive/radioactivity,Negative,28300.0,HLA-DQA1*05:01/DQB1*02:01,15
TSAVGAPTGATTAAA,purified MHC/competitive/radioactivity,Negative,12800.0,HLA-DQA1*01:01/DQB1*05:01,15
TSKLDAAYKLAYKTA,purified MHC/competitive/radioactivity,Negative,12900.0,HLA-DQA1*05:01/DQB1*02:01,15
TSKLDAAYKLAYKTA,purified MHC/competitive/radioactivity,Negative,16300.0,HLA-DQA1*01:01/DQB1*05:01,15
TSSTPEAVSLLCSDK,purified MHC/competitive/radioactivity,Negative,43400.0,HLA-DQA1*01:01/DQB1*05:01,15
TVAAAPQVKYAVFEA,purified MHC/competitive/radioactivity,Negative,46700.0,HLA-DQA1*01:01/DQB1*05:01,15
TVTVFKIPKKASEGA,purified MHC/competitive/radioactivity,Negative,20800.0,HLA-DQA1*03:01/DQB1*03:02,15
TVWEQILNTWLVKPG,purified MHC/competitive/radioactivity,Negative,10200.0,HLA-DQA1*05:01/DQB1*03:01,15
TVWEQILNTWLVKPG,purified MHC/competitive/radioactivity,Negative,10400.0,HLA-DQA1*03:01/DQB1*03:02,15
TYGDKWLDAKSTWYG,purified MHC/competitive/radioactivity,Negative,18400.0,HLA-DQA1*03:01/DQB1*03:02,15
TYGDKWLDAKSTWYG,purified MHC/competitive/radioactivity,Negative,14400.0,HLA-DQA1*05:01/DQB1*02:01,15
TYGDKWLDAKSTWYG,purified MHC/competitive/radioactivity,Negative,31400.0,HLA-DQA1*01:02/DQB1*06:02,15
VATLSEALRIIAGTL,purified MHC/competitive/radioactivity,Negative,20400.0,HLA-DQA1*01:01/DQB1*05:01,15
VAWQVKLLPVPPTVT,purified MHC/competitive/radioactivity,Negative,27800.0,HLA-DQA1*03:01/DQB1*03:02,15
VDCRPFNGGESKLKA,purified MHC/competitive/radioactivity,Negative,46600.0,HLA-DQA1*03:01/DQB1*03:02,15
VDCRPFNGGESKLKA,purified MHC/competitive/radioactivity,Negative,24000.0,HLA-DQA1*05:01/DQB1*02:01,15
VDCRPFNGGESKLKA,purified MHC/competitive/radioactivity,Negative,46700.0,HLA-DQA1*01:01/DQB1*05:01,15
VDCRPFNGGESKLKA,purified MHC/competitive/radioactivity,Negative,46700.0,HLA-DQA1*01:02/DQB1*06:02,15
VDPTDYFRNEQSIPP,purified MHC/competitive/radioactivity,Negative,10900.0,HLA-DQA1*01:02/DQB1*06:02,15
VDSGAQLGELYYAIH,purified MHC/competitive/radioactivity,Negative,10400.0,HLA-DQA1*01:01/DQB1*05:01,15
VFLGSAHGIPKVPPG,purified MHC/competitive/radioactivity,Negative,34200.0,HLA-DQA1*05:01/DQB1*02:01,15
VFLGSAHGIPKVPPG,purified MHC/competitive/radioactivity,Negative,20500.0,HLA-DQA1*03:01/DQB1*03:02,15
VFLGSAHGIPKVPPG,purified MHC/competitive/radioactivity,Negative,46700.0,HLA-DQA1*01:02/DQB1*06:02,15
VFLGSAYGIPKVPPG,purified MHC/competitive/radioactivity,Negative,23900.0,HLA-DQA1*01:02/DQB1*06:02,15
VGAATGAATAATGGY,purified MHC/competitive/radioactivity,Negative,36800.0,HLA-DQA1*05:01/DQB1*02:01,15
VGAATGAATAATGGY,purified MHC/competitive/radioactivity,Negative,46700.0,HLA-DQA1*01:01/DQB1*05:01,15
VHAVKPVTEEPGMAK,purified MHC/competitive/radioactivity,Negative,46700.0,HLA-DQA1*01:01/DQB1*05:01,15
VHRGAVPRRGPRGGP,purified MHC/competitive/radioactivity,Negative,29200.0,HLA-DQA1*03:01/DQB1*03:02,15
VHRGAVPRRGPRGGP,purified MHC/competitive/radioactivity,Negative,12700.0,HLA-DQA1*01:01/DQB1*05:01,15
VIDVKLVDANGTLHD,purified MHC/competitive/radioactivity,Negative,20300.0,HLA-DQA1*03:01/DQB1*03:02,15
VIDVKLVDANGTLHD,purified MHC/competitive/radioactivity,Negative,46700.0,HLA-DQA1*01:01/DQB1*05:01,15
VIDVKLVDANGTLHD,purified MHC/competitive/radioactivity,Negative,23000.0,HLA-DQA1*01:02/DQB1*06:02,15
VIPAGELQVIEKVDA,purified MHC/competitive/radioactivity,Negative,46700.0,HLA-DQA1*01:01/DQB1*05:01,15
VIPEGWKADTCYESK,purified MHC/competitive/radioactivity,Negative,22500.0,HLA-DQA1*03:01/DQB1*03:02,15
VIPEGWKADTCYESK,purified MHC/competitive/radioactivity,Negative,33000.0,HLA-DQA1*05:01/DQB1*02:01,15
VIPEGWKADTCYESK,purified MHC/competitive/radioactivity,Negative,39500.0,HLA-DQA1*01:02/DQB1*06:02,15
VIPEGWKADTSYESK,purified MHC/competitive/radioactivity,Negative,16600.0,HLA-DQA1*05:01/DQB1*02:01,15
VIPEGWKADTSYESK,purified MHC/competitive/radioactivity,Negative,14000.0,HLA-DQA1*01:02/DQB1*06:02,15
VKEIPPRLLYAKSSP,purified MHC/competitive/radioactivity,Negative,13500.0,HLA-DQA1*03:01/DQB1*03:02,15
VKEIPPRLLYAKSSP,purified MHC/competitive/radioactivity,Negative,17600.0,HLA-DQA1*05:01/DQB1*02:01,15
VKEIPPRLLYAKSSP,purified MHC/competitive/radioactivity,Negative,28400.0,HLA-DQA1*01:01/DQB1*05:01,15
VKIEYSGTNNKTMAV,purified MHC/competitive/radioactivity,Negative,32900.0,HLA-DQA1*03:01/DQB1*03:02,15
VKIEYSGTNNKTMAV,purified MHC/competitive/radioactivity,Negative,35600.0,HLA-DQA1*05:01/DQB1*02:01,15
VKIEYSGTNNKTMAV,purified MHC/competitive/radioactivity,Negative,46700.0,HLA-DQA1*01:01/DQB1*05:01,15
VKLVDANGKLHDKKS,purified MHC/competitive/radioactivity,Negative,46600.0,HLA-DQA1*03:01/DQB1*03:02,15
VKLVDANGKLHDKKS,purified MHC/competitive/radioactivity,Negative,32700.0,HLA-DQA1*05:01/DQB1*02:01,15
VKLVDANGKLHDKKS,purified MHC/competitive/radioactivity,Negative,46700.0,HLA-DQA1*01:01/DQB1*05:01,15
VKLVDANGKLHDKKS,purified MHC/competitive/radioactivity,Negative,46700.0,HLA-DQA1*01:02/DQB1*06:02,15
VKPLYIITPTNVSHI,purified MHC/competitive/radioactivity,Negative,29700.0,HLA-DQA1*03:01/DQB1*03:02,15
VKPLYIITPTNVSHI,purified MHC/competitive/radioactivity,Negative,21200.0,HLA-DQA1*01:01/DQB1*05:01,15
VLAKSPDTTCSEIEE,purified MHC/competitive/radioactivity,Negative,29700.0,HLA-DQA1*01:01/DQB1*05:01,15
VPEKYTIGATYAPEE,purified MHC/competitive/radioactivity,Negative,46700.0,HLA-DQA1*01:01/DQB1*05:01,15
VPEKYTIGATYAPEE,purified MHC/competitive/radioactivity,Negative,17100.0,HLA-DQA1*01:02/DQB1*06:02,15
VPPADKYKTFEAAFT,purified MHC/competitive/radioactivity,Negative,13200.0,HLA-DQA1*01:01/DQB1*05:01,15
VPPADKYKTFEAAFT,purified MHC/competitive/radioactivity,Negative,11200.0,HLA-DQA1*01:02/DQB1*06:02,15
VPRRGPRGGPGRSYA,purified MHC/competitive/radioactivity,Negative,46700.0,HLA-DQA1*01:01/DQB1*05:01,15
VPRRGPRGGPGRSYA,purified MHC/competitive/radioactivity,Negative,21100.0,HLA-DQA1*01:02/DQB1*06:02,15
VRSGGHDYEGLSYRS,purified MHC/competitive/radioactivity,Negative,30100.0,HLA-DQA1*03:01/DQB1*03:02,15
VRSGGHDYEGLSYRS,purified MHC/competitive/radioactivity,Negative,46700.0,HLA-DQA1*01:01/DQB1*05:01,15
VRSGGHDYEGLSYRS,purified MHC/competitive/radioactivity,Negative,13800.0,HLA-DQA1*01:02/DQB1*06:02,15
VSEALRIIAGTLEVH,purified MHC/competitive/radioactivity,Negative,24500.0,HLA-DQA1*01:01/DQB1*05:01,15
VSKAPQLVPKLDEVY,purified MHC/competitive/radioactivity,Negative,17000.0,HLA-DQA1*03:01/DQB1*03:02,15
VSKAPQLVPKLDEVY,purified MHC/competitive/radioactivity,Negative,46700.0,HLA-DQA1*01:02/DQB1*06:02,15
VSSKRNLADAVSKAP,purified MHC/competitive/radioactivity,Negative,12700.0,HLA-DQA1*03:01/DQB1*03:02,15
VSSKRNLADAVSKAP,purified MHC/competitive/radioactivity,Negative,46700.0,HLA-DQA1*01:01/DQB1*05:01,15
VVAPQLPADLMIRII,purified MHC/competitive/radioactivity,Negative,23900.0,HLA-DQA1*01:01/DQB1*05:01,15
VVAVDIKEKGKDKWI,purified MHC/competitive/radioactivity,Negative,21000.0,HLA-DQA1*03:01/DQB1*03:02,15
VVAVDIKEKGKDKWI,purified MHC/competitive/radioactivity,Negative,46700.0,HLA-DQA1*05:01/DQB1*02:01,15
VVAVDIKEKGKDKWI,purified MHC/competitive/radioactivity,Negative,39300.0,HLA-DQA1*01:01/DQB1*05:01,15
VVAVDIKEKGKDKWI,purified MHC/competitive/radioactivity,Negative,46700.0,HLA-DQA1*01:02/DQB1*06:02,15
VVDLSKMRAVWVDGK,purified MHC/competitive/radioactivity,Negative,17200.0,HLA-DQA1*01:01/DQB1*05:01,15
VVLGLATSPTAEGGK,purified MHC/competitive/radioactivity,Negative,46700.0,HLA-DQA1*01:01/DQB1*05:01,15
VVVHITDDNEEPIAA,purified MHC/competitive/radioactivity,Negative,12700.0,HLA-DQA1*03:01/DQB1*03:02,15
VVVHITDDNEEPIAP,purified MHC/competitive/radioactivity,Negative,17000.0,HLA-DQA1*05:01/DQB1*03:01,15
VVVHITDDNEEPIAP,purified MHC/competitive/radioactivity,Negative,12500.0,HLA-DQA1*03:01/DQB1*03:02,15
VWGQKYFKGNFERLA,purified MHC/competitive/radioactivity,Negative,13200.0,HLA-DQA1*01:01/DQB1*05:01,15
WEQIFSTWLLKPGAG,purified MHC/competitive/radioactivity,Negative,13800.0,HLA-DQA1*05:01/DQB1*02:01,15
WEQIFSTWLLKPGAG,purified MHC/competitive/radioactivity,Negative,24100.0,HLA-DQA1*03:01/DQB1*03:02,15
WEQIFSTWLLKPGAG,purified MHC/competitive/radioactivity,Negative,11900.0,HLA-DQA1*01:01/DQB1*05:01,15
WGAIWRIDTPDKLTG,purified MHC/competitive/radioactivity,Negative,11300.0,HLA-DQA1*03:01/DQB1*03:02,15
WGAIWRIDTPDKLTG,purified MHC/competitive/radioactivity,Negative,13000.0,HLA-DQA1*01:02/DQB1*06:02,15
WGAIWRIDTPEVLKG,purified MHC/competitive/radioactivity,Negative,15600.0,HLA-DQA1*01:02/DQB1*06:02,15
WKVRLLPVPPTVTVF,purified MHC/competitive/radioactivity,Negative,20200.0,HLA-DQA1*03:01/DQB1*03:02,15
WKVRLLPVPPTVTVF,purified MHC/competitive/radioactivity,Negative,14500.0,HLA-DQA1*01:01/DQB1*05:01,15
WLDAKSTWYGKPTAA,purified MHC/competitive/radioactivity,Negative,22600.0,HLA-DQA1*03:01/DQB1*03:02,15
WLDAKSTWYGKPTAA,purified MHC/competitive/radioactivity,Negative,46700.0,HLA-DQA1*05:01/DQB1*02:01,15
WLDAKSTWYGKPTAA,purified MHC/competitive/radioactivity,Negative,46700.0,HLA-DQA1*01:01/DQB1*05:01,15
WLDAKSTWYGKPTAA,purified MHC/competitive/radioactivity,Negative,46700.0,HLA-DQA1*01:02/DQB1*06:02,15
WSKDIYNYMEPYVSK,purified MHC/competitive/radioactivity,Negative,11300.0,HLA-DQA1*03:01/DQB1*03:02,15
YASGKVWGQKYFKGN,purified MHC/competitive/radioactivity,Negative,14800.0,HLA-DQA1*03:01/DQB1*03:02,15
YASGKVWGQKYFKGN,purified MHC/competitive/radioactivity,Negative,41200.0,HLA-DQA1*05:01/DQB1*02:01,15
YASGKVWGQKYFKGN,purified MHC/competitive/radioactivity,Negative,46700.0,HLA-DQA1*01:01/DQB1*05:01,15
YDEPMTPGQCNMVVE,purified MHC/competitive/radioactivity,Negative,14500.0,HLA-DQA1*03:01/DQB1*03:02,15
YDEPMTPGQCNMVVE,purified MHC/competitive/radioactivity,Negative,17100.0,HLA-DQA1*05:01/DQB1*02:01,15
YDEPMTPGQCNMVVE,purified MHC/competitive/radioactivity,Negative,26300.0,HLA-DQA1*01:01/DQB1*05:01,15
YEDAKSPLTASKLTY,purified MHC/competitive/radioactivity,Negative,14500.0,HLA-DQA1*05:01/DQB1*02:01,15
YEDAKSPLTASKLTY,purified MHC/competitive/radioactivity,Negative,14100.0,HLA-DQA1*01:01/DQB1*05:01,15
YEGLSYRSLQPEEFA,purified MHC/competitive/radioactivity,Negative,13600.0,HLA-DQA1*01:01/DQB1*05:01,15
YFKGNFERLAITKGK,purified MHC/competitive/radioactivity,Negative,23200.0,HLA-DQA1*03:01/DQB1*03:02,15
YFKGNFERLAITKGK,purified MHC/competitive/radioactivity,Negative,33100.0,HLA-DQA1*01:01/DQB1*05:01,15
YFPPPAAKEDFLGCL,purified MHC/competitive/radioactivity,Negative,26800.0,HLA-DQA1*03:01/DQB1*03:02,15
YFPPPAAKEDFLGCL,purified MHC/competitive/radioactivity,Negative,35900.0,HLA-DQA1*05:01/DQB1*03:01,15
YFPPPAAKEDFLGCL,purified MHC/competitive/radioactivity,Negative,22300.0,HLA-DQA1*01:01/DQB1*05:01,15
YFPPPAAKEDFLGCL,purified MHC/competitive/radioactivity,Negative,16400.0,HLA-DQA1*01:02/DQB1*06:02,15
YFRNEQSIPPLIKKY,purified MHC/competitive/radioactivity,Negative,10200.0,HLA-DQA1*05:01/DQB1*02:01,15
YFRNEQSIPPLIQKY,purified MHC/competitive/radioactivity,Negative,31700.0,HLA-DQA1*05:01/DQB1*02:01,15
YHFDLSGHAFGAMAK,purified MHC/competitive/radioactivity,Negative,46700.0,HLA-DQA1*05:01/DQB1*02:01,15
YHFDLSGHAFGAMAK,purified MHC/competitive/radioactivity,Negative,46700.0,HLA-DQA1*01:01/DQB1*05:01,15
YHFDLSGIAFGSMAK,purified MHC/competitive/radioactivity,Negative,11100.0,HLA-DQA1*03:01/DQB1*03:02,15
YHFDLSGIAFGSMAK,purified MHC/competitive/radioactivity,Negative,46700.0,HLA-DQA1*05:01/DQB1*02:01,15
YHFDLSGIAFGSMAK,purified MHC/competitive/radioactivity,Negative,46700.0,HLA-DQA1*01:01/DQB1*05:01,15
YKDVDKPPFSGMTGC,purified MHC/competitive/radioactivity,Negative,36700.0,HLA-DQA1*03:01/DQB1*03:02,15
YKDVDKPPFSGMTGC,purified MHC/competitive/radioactivity,Negative,40700.0,HLA-DQA1*05:01/DQB1*02:01,15
YKDVDKPPFSGMTGC,purified MHC/competitive/radioactivity,Negative,44200.0,HLA-DQA1*01:01/DQB1*05:01,15
YKDVDKPPFSGMTGC,purified MHC/competitive/radioactivity,Negative,46700.0,HLA-DQA1*01:02/DQB1*06:02,15
YKLGPSPKARSERPA,purified MHC/competitive/radioactivity,Negative,46700.0,HLA-DQA1*05:01/DQB1*02:01,15
YKLGPSPKARSERPA,purified MHC/competitive/radioactivity,Negative,46700.0,HLA-DQA1*01:01/DQB1*05:01,15
YKLGPSPKARSERPA,purified MHC/competitive/radioactivity,Negative,46700.0,HLA-DQA1*01:02/DQB1*06:02,15
YNYMEPYVSKNPRQA,purified MHC/competitive/radioactivity,Negative,46600.0,HLA-DQA1*03:01/DQB1*03:02,15
YNYMEPYVSKNPRQA,purified MHC/competitive/radioactivity,Negative,18000.0,HLA-DQA1*01:02/DQB1*06:02,15
YTTEGGTKGEAKDVI,purified MHC/competitive/radioactivity,Negative,17300.0,HLA-DQA1*03:01/DQB1*03:02,15
YTTEGGTKGEAKDVI,purified MHC/competitive/radioactivity,Negative,31200.0,HLA-DQA1*05:01/DQB1*02:01,15
YTTEGGTKGEAKDVI,purified MHC/competitive/radioactivity,Negative,46700.0,HLA-DQA1*01:01/DQB1*05:01,15
YTTEGGTKGEAKDVI,purified MHC/competitive/radioactivity,Negative,46700.0,HLA-DQA1*01:02/DQB1*06:02,15
YTTEGGTKTEAEDVI,purified MHC/competitive/radioactivity,Negative,46700.0,HLA-DQA1*01:01/DQB1*05:01,15
YTTEGGTKTEAEDVI,purified MHC/competitive/radioactivity,Negative,15700.0,HLA-DQA1*01:02/DQB1*06:02,15
YTVALFLAVALVAGP,purified MHC/competitive/radioactivity,Negative,15300.0,HLA-DQA1*03:01/DQB1*03:02,15
YTVALFLAVALVAGP,purified MHC/competitive/radioactivity,Negative,43700.0,HLA-DQA1*05:01/DQB1*02:01,15
YTVALFLAVALVAGP,purified MHC/competitive/radioactivity,Negative,19700.0,HLA-DQA1*01:01/DQB1*05:01,15
YTVALFLAVALVAGP,purified MHC/competitive/radioactivity,Negative,34000.0,HLA-DQA1*01:02/DQB1*06:02,15
YTVFETALKKAITAM,purified MHC/competitive/radioactivity,Negative,46700.0,HLA-DQA1*01:01/DQB1*05:01,15
YVDEHLMCEIEGHHL,purified MHC/competitive/radioactivity,Negative,34900.0,HLA-DQA1*01:01/DQB1*05:01,15
YVYEPFPKEVWEQIF,purified MHC/competitive/radioactivity,Negative,42800.0,HLA-DQA1*05:01/DQB1*03:01,15
YWFAPGAGAAPLSWS,purified MHC/competitive/radioactivity,Negative,46700.0,HLA-DQA1*01:01/DQB1*05:01,15
GPDGRLLRGYHQDAYDGKD,purified MHC/competitive/fluorescence,Negative,,HLA-DQA1*03:01/DQB1*03:02,19
PKYVKQNTLKLAT,purified MHC/competitive/fluorescence,Negative,,HLA-DQA1*03:01/DQB1*03:02,13
REEVFDERAANFENH,purified MHC/competitive/fluorescence,Negative,300000.0,HLA-DQA1*01:02/DQB1*06:02,15
REEVFDERAANFENH,purified MHC/competitive/fluorescence,Negative,300000.0,HLA-DQA1*01:03/DQB1*06:03,15
REEVFDERAANFENH,purified MHC/competitive/fluorescence,Negative,300000.0,HLA-DQA1*01:02/DQB1*06:04,15
REEVFDERAANFENH,purified MHC/competitive/fluorescence,Negative,300000.0,HLA-DQA1*05:05/DQB1*03:01,15
IVTTSTNDWVVTCGYTIPTCRKLDE,purified MHC/competitive/fluorescence,Negative,30000.0,HLA-DQB1*06:02,25
DELGSKGLWADCVMATGLYHCK,purified MHC/competitive/fluorescence,Negative,30000.0,HLA-DQB1*06:02,22
TGLYHCKPLVDILILP,purified MHC/competitive/fluorescence,Negative,30000.0,HLA-DQB1*06:02,16
LPCIRMGQEPGVAKYRRAQLA,purified MHC/competitive/fluorescence,Negative,30000.0,HLA-DQB1*06:02,21
KPVSKMRMATP,purified MHC/competitive/radioactivity,Negative,,HLA-DQA1*02:01/DQB1*02:02,11
KPVSKMRMATP,purified MHC/competitive/radioactivity,Negative,,HLA-DQA1*05:01/DQB1*02:01,11
KPVSKMRMAT,purified MHC/competitive/radioactivity,Negative,,HLA-DQA1*05:01/DQB1*02:01,10
REEVFDERAAN,purified MHC/competitive/fluorescence,Negative,,HLA-DQA1*03:01/DQB1*03:02,11
REEVFDERAA,purified MHC/competitive/fluorescence,Negative,,HLA-DQA1*03:01/DQB1*03:02,10
REEVFDERAANRENH,purified MHC/competitive/fluorescence,Negative,,HLA-DQA1*03:01/DQB1*03:02,15
REEVFDERAAN,purified MHC/competitive/fluorescence,Negative,,HLA-DQA1*03:02/DQB1*03:01,11
REEVFDERAA,purified MHC/competitive/fluorescence,Negative,,HLA-DQA1*03:02/DQB1*03:01,10
REEVFDERRANFENH,purified MHC/competitive/fluorescence,Negative,,HLA-DQA1*03:01/DQB1*03:02,15
FETVTEASFPGKWKIIYFYP,purified MHC/competitive/fluorescence,Negative,,HLA-DQB1*03:02,20
IQHVSVNNLNVGRSPEEILR,purified MHC/competitive/fluorescence,Negative,,HLA-DQB1*03:02,20
GKWKIIYFYPKDFTFVCPTE,purified MHC/competitive/fluorescence,Negative,,HLA-DQB1*03:02,20
GSSDNEFVKLAWRREHKDLD,purified MHC/competitive/fluorescence,Negative,,HLA-DQB1*03:02,20
ILDGLQTDELCPCNRAIGGATL,purified MHC/competitive/fluorescence,Negative,,HLA-DQB1*03:02,22
TRREAEDLQVGQVELG,purified MHC/direct/fluorescence,Negative,,HLA-DQA1*05:01/DQB1*02:01,16
TRREAEDLQVGQVELG,purified MHC/direct/fluorescence,Negative,,HLA-DQA1*03:01/DQB1*02:01,16
LQDIPTGSAPAAQHRLPQ,purified MHC/direct/fluorescence,Negative,,HLA-DQA1*05:01/DQB1*02:01,18
LQDIPTGSAPAAQHRLPQ,purified MHC/direct/fluorescence,Negative,,HLA-DQA1*03:01/DQB1*02:01,18
VPRLPEQGSSSRAEDSPEG,purified MHC/direct/fluorescence,Negative,,HLA-DQA1*05:01/DQB1*02:01,19
VPRLPEQGSSSRAEDSPEG,purified MHC/direct/fluorescence,Negative,,HLA-DQA1*03:01/DQB1*02:01,19
GDRGEKPASPAVQPDA,purified MHC/direct/fluorescence,Negative,,HLA-DQA1*05:01/DQB1*02:01,16
GDRGEKPASPAVQPDA,purified MHC/direct/fluorescence,Negative,,HLA-DQA1*03:01/DQB1*02:01,16
NNHEENGQSAFETVTEASFP,purified MHC/competitive/fluorescence,Negative,8214.0,HLA-DQA1*01:03/DQB1*06:03,20
FETVTEASFPGKWKIIYFYP,purified MHC/competitive/fluorescence,Negative,61250.0,HLA-DQA1*03:01/DQB1*03:02,20
GKWKIIYFYPKDFTFVCPTE,purified MHC/competitive/fluorescence,Negative,61250.0,HLA-DQA1*03:01/DQB1*03:02,20
GSSDNEFVKLAWRREHKDLD,purified MHC/competitive/fluorescence,Negative,8214.0,HLA-DQA1*01:03/DQB1*06:03,20
GSSDNEFVKLAWRREHKDLD,purified MHC/competitive/fluorescence,Negative,61250.0,HLA-DQA1*03:01/DQB1*03:02,20
AWRREHKDLDKLNHYSFGDV,purified MHC/competitive/fluorescence,Negative,8214.0,HLA-DQA1*01:03/DQB1*06:03,20
ATFIVDPDNTIQHVSVNNLN,purified MHC/competitive/fluorescence,Negative,8214.0,HLA-DQA1*01:03/DQB1*06:03,20
IQHVSVNNLNVGRSPEEILR,purified MHC/competitive/fluorescence,Negative,8214.0,HLA-DQA1*01:03/DQB1*06:03,20
IQHVSVNNLNVGRSPEEILR,purified MHC/competitive/fluorescence,Negative,61250.0,HLA-DQA1*03:01/DQB1*03:02,20
VGRSPEEILRILDGLQTDEL,purified MHC/competitive/fluorescence,Negative,8214.0,HLA-DQA1*01:03/DQB1*06:03,20
ILDGLQTDELCPCNRAIGGATL,purified MHC/competitive/fluorescence,Negative,8214.0,HLA-DQA1*01:03/DQB1*06:03,22
KDFTFVCPTEIVEFAKQ,purified MHC/competitive/fluorescence,Negative,5291.0,HLA-DQA1*01:03/DQB1*06:03,17
QGYYPTSPQ,lysate MHC/direct/fluorescence,Negative,,HLA-DQA1*03:01/DQB1*03:01,9
LPKPPKPVSKMRMATPLLMQA,purified MHC/competitive/fluorescence,Negative,,HLA-DQA1*03:01/DQB1*03:02,21
GADSVPANTENEVEPV,purified MHC/competitive/fluorescence,Negative,,HLA-DQA1*03:01/DQB1*03:02,16
PKYVKQNTLKLAT,purified MHC/competitive/radioactivity,Negative,4786.0,HLA-DQB1*02:01,13
PKYVKQNTLKLAT,purified MHC/competitive/radioactivity,Negative,19944.0,HLA-DQB1*03:01,13
PKYVKQNTLKLAT,purified MHC/competitive/radioactivity,Negative,30000.0,HLA-DQB1*03:02,13
PKYVKQNTLKLAT,purified MHC/competitive/radioactivity,Negative,37206.0,HLA-DQB1*05:01,13
NQDFTNRINKLKNS,purified MHC/competitive/radioactivity,Negative,30000.0,HLA-DQB1*02:01,14
NQDFTNRINKLKNS,purified MHC/competitive/radioactivity,Negative,30000.0,HLA-DQB1*03:01,14
NQDFTNRINKLKNS,purified MHC/competitive/radioactivity,Negative,30000.0,HLA-DQB1*03:02,14
NQDFTNRINKLKNS,purified MHC/competitive/radioactivity,Negative,30000.0,HLA-DQB1*05:01,14
NQDFTNRINKLKNS,purified MHC/competitive/radioactivity,Negative,30000.0,HLA-DQB1*06:02,14
VVLLVATEGRVRVNSAYQDK,purified MHC/competitive/radioactivity,Negative,2542.0,HLA-DQB1*02:01,20
VVLLVATEGRVRVNSAYQDK,purified MHC/competitive/radioactivity,Negative,2444.0,HLA-DQB1*03:02,20
VVLLVATEGRVRVNSAYQDK,purified MHC/competitive/radioactivity,Negative,2641.0,HLA-DQB1*05:01,20
SAVRLRSSVPGVR,purified MHC/competitive/radioactivity,Negative,30000.0,HLA-DQB1*02:01,13
SAVRLRSSVPGVR,purified MHC/competitive/radioactivity,Negative,2095.0,HLA-DQB1*03:01,13
SAVRLRSSVPGVR,purified MHC/competitive/radioactivity,Negative,30000.0,HLA-DQB1*03:02,13
SAVRLRSSVPGVR,purified MHC/competitive/radioactivity,Negative,30000.0,HLA-DQB1*05:01,13
LQYMRADQAAGGLR,purified MHC/competitive/radioactivity,Negative,12781.0,HLA-DQB1*03:01,14
LQYMRADQAAGGLR,purified MHC/competitive/radioactivity,Negative,30000.0,HLA-DQB1*03:02,14
LQYMRADQAAGGLR,purified MHC/competitive/radioactivity,Negative,30000.0,HLA-DQB1*05:01,14
LQYMRADQAAGGLR,purified MHC/competitive/radioactivity,Negative,1342.0,HLA-DQB1*06:02,14
KTKEGVLYVGSKTKE,purified MHC/competitive/radioactivity,Negative,,HLA-DQB1*02:01,15
KTKEGVLYVGSKTKE,purified MHC/competitive/radioactivity,Negative,,HLA-DQB1*03:02,15
KTKEGVLYVGSKTKE,purified MHC/competitive/radioactivity,Negative,,HLA-DQB1*04:02,15
KTKEGVLYVGSKTKE,purified MHC/competitive/radioactivity,Negative,,HLA-DQB1*05:01,15
MPVDPDNEAYEMPSE,purified MHC/competitive/radioactivity,Negative,,HLA-DQB1*03:01,15
MPVDPDNEAYEMPSE,purified MHC/competitive/radioactivity,Negative,,HLA-DQB1*06:02,15
DNEAYEMPSEEGYQD,purified MHC/competitive/radioactivity,Negative,,HLA-DQB1*03:01,15
DNEAYEMPSEEGYQD,purified MHC/competitive/radioactivity,Negative,,HLA-DQB1*06:02,15
EMPSEEGYQDYEPEA,purified MHC/competitive/radioactivity,Negative,,HLA-DQB1*03:01,15
EMPSEEGYQDYEPEA,purified MHC/competitive/radioactivity,Negative,,HLA-DQB1*06:02,15
PKYVKQNTLKLAT,purified MHC/competitive/radioactivity,Negative,53700.0,HLA-DQA1*01:01/DQB1*05:01,13
PKYVKQNTLKLAT,purified MHC/competitive/radioactivity,Negative,1910.0,HLA-DQA1*01:02/DQB1*06:02,13
PKYVKQNTLKLAT,purified MHC/competitive/radioactivity,Negative,26500.0,HLA-DQA1*05:01/DQB1*02:01,13
PKYVKQNTLKLAT,purified MHC/competitive/radioactivity,Negative,53800.0,HLA-DQA1*05:01/DQB1*03:01,13
QLLDRGATALVLQVLNVPRLMTQD,purified MHC/competitive/radioactivity,Negative,1050.0,HLA-DQA1*03:01/DQB1*03:02,24
QLLDRGATALVLQVLNVPRLMTQD,purified MHC/competitive/radioactivity,Negative,12600.0,HLA-DQA1*01:01/DQB1*05:01,24
GIVEQCCTSICSLYQ,cellular MHC/competitive/fluorescence,Negative,,HLA-DQA1*05:01/DQB1*02:01,15
CTSICSLYQLENYCN,cellular MHC/competitive/fluorescence,Negative,,HLA-DQA1*05:01/DQB1*02:01,15
YLVCGERGFFYTPKT,cellular MHC/competitive/fluorescence,Negative,,HLA-DQA1*05:01/DQB1*02:01,15
YLVCGERGFFYTPKT,cellular MHC/competitive/fluorescence,Negative,,HLA-DQA1*03:01/DQB1*03:02,15
CGSHLVEAL,cellular MHC/competitive/fluorescence,Negative,,HLA-DQA1*01:02/DQB1*06:02,9
GGPVGAGGRSHAPPARTPKMTR,cellular MHC/competitive/fluorescence,Negative,100000.0,HLA-DQA1*01:02/DQB1*06:02,22
HAPPARTPKMTRGAPKASATPA,cellular MHC/competitive/fluorescence,Negative,100000.0,HLA-DQA1*01:02/DQB1*06:02,22
TRGAPKASATPATDPARGRRPA,cellular MHC/competitive/fluorescence,Negative,100000.0,HLA-DQA1*01:02/DQB1*06:02,22
ASGRTKTPAQGLAKKL,cellular MHC/competitive/fluorescence,Negative,100000.0,HLA-DQA1*01:02/DQB1*06:02,16
MKAILVVLLYTFATA,purified MHC/competitive/fluorescence,Negative,,HLA-DQA1*01:02/DQB1*06:02,15
LYTFATANADTLCIG,purified MHC/competitive/fluorescence,Negative,,HLA-DQA1*01:02/DQB1*06:02,15
ATANADTLCIGYHAN,purified MHC/competitive/fluorescence,Negative,,HLA-DQA1*01:02/DQB1*06:02,15
ADTLCIGYHANNSTD,purified MHC/competitive/fluorescence,Negative,,HLA-DQA1*01:02/DQB1*06:02,15
CIGYHANNSTDTVDT,purified MHC/competitive/fluorescence,Negative,,HLA-DQA1*01:02/DQB1*06:02,15
HANNSTDTVDTVLEK,purified MHC/competitive/fluorescence,Negative,,HLA-DQA1*01:02/DQB1*06:02,15
STDTVDTVLEKNVTV,purified MHC/competitive/fluorescence,Negative,,HLA-DQA1*01:02/DQB1*06:02,15
VDTVLEKNVTVTHSV,purified MHC/competitive/fluorescence,Negative,,HLA-DQA1*01:02/DQB1*06:02,15
LEKNVTVTHSVNLLE,purified MHC/competitive/fluorescence,Negative,,HLA-DQA1*01:02/DQB1*06:02,15
HSVNLLEDKHNGKLC,purified MHC/competitive/fluorescence,Negative,,HLA-DQA1*01:02/DQB1*06:02,15
LLEDKHNGKLCKLRG,purified MHC/competitive/fluorescence,Negative,,HLA-DQA1*01:02/DQB1*06:02,15
KHNGKLCKLRGVAPL,purified MHC/competitive/fluorescence,Negative,,HLA-DQA1*01:02/DQB1*06:02,15
KLCKLRGVAPLHLGK,purified MHC/competitive/fluorescence,Negative,,HLA-DQA1*01:02/DQB1*06:02,15
LRGVAPLHLGKCNIA,purified MHC/competitive/fluorescence,Negative,,HLA-DQA1*01:02/DQB1*06:02,15
APLHLGKCNIAGWIL,purified MHC/competitive/fluorescence,Negative,,HLA-DQA1*01:02/DQB1*06:02,15
LGKCNIAGWILGNPE,purified MHC/competitive/fluorescence,Negative,,HLA-DQA1*01:02/DQB1*06:02,15
NIAGWILGNPECESL,purified MHC/competitive/fluorescence,Negative,,HLA-DQA1*01:02/DQB1*06:02,15
WILGNPECESLSTAS,purified MHC/competitive/fluorescence,Negative,,HLA-DQA1*01:02/DQB1*06:02,15
NPECESLSTASSWSY,purified MHC/competitive/fluorescence,Negative,,HLA-DQA1*01:02/DQB1*06:02,15
ESLSTASSWSYIVET,purified MHC/competitive/fluorescence,Negative,,HLA-DQA1*01:02/DQB1*06:02,15
TASSWSYIVETPSSD,purified MHC/competitive/fluorescence,Negative,,HLA-DQA1*01:02/DQB1*06:02,15
WSYIVETPSSDNGTC,purified MHC/competitive/fluorescence,Negative,,HLA-DQA1*01:02/DQB1*06:02,15
VETPSSDNGTCYPGD,purified MHC/competitive/fluorescence,Negative,,HLA-DQA1*01:02/DQB1*06:02,15
SSDNGTCYPGDFIDY,purified MHC/competitive/fluorescence,Negative,,HLA-DQA1*01:02/DQB1*06:02,15
GTCYPGDFIDYEELR,purified MHC/competitive/fluorescence,Negative,,HLA-DQA1*01:02/DQB1*06:02,15
PGDFIDYEELREQLS,purified MHC/competitive/fluorescence,Negative,,HLA-DQA1*01:02/DQB1*06:02,15
IDYEELREQLSSVSS,purified MHC/competitive/fluorescence,Negative,,HLA-DQA1*01:02/DQB1*06:02,15
ELREQLSSVSSFERF,purified MHC/competitive/fluorescence,Negative,,HLA-DQA1*01:02/DQB1*06:02,15
QLSSVSSFERFEIFP,purified MHC/competitive/fluorescence,Negative,,HLA-DQA1*01:02/DQB1*06:02,15
VSSFERFEIFPKTSS,purified MHC/competitive/fluorescence,Negative,,HLA-DQA1*01:02/DQB1*06:02,15
ERFEIFPKTSSWPNH,purified MHC/competitive/fluorescence,Negative,,HLA-DQA1*01:02/DQB1*06:02,15
IFPKTSSWPNHDSNK,purified MHC/competitive/fluorescence,Negative,,HLA-DQA1*01:02/DQB1*06:02,15
TSSWPNHDSNKGVTA,purified MHC/competitive/fluorescence,Negative,,HLA-DQA1*01:02/DQB1*06:02,15
PNHDSNKGVTAACPH,purified MHC/competitive/fluorescence,Negative,,HLA-DQA1*01:02/DQB1*06:02,15
SNKGVTAACPHAGAK,purified MHC/competitive/fluorescence,Negative,,HLA-DQA1*01:02/DQB1*06:02,15
VTAACPHAGAKSFYK,purified MHC/competitive/fluorescence,Negative,,HLA-DQA1*01:02/DQB1*06:02,15
CPHAGAKSFYKNLIW,purified MHC/competitive/fluorescence,Negative,,HLA-DQA1*01:02/DQB1*06:02,15
GAKSFYKNLIWLVKK,purified MHC/competitive/fluorescence,Negative,,HLA-DQA1*01:02/DQB1*06:02,15
FYKNLIWLVKKGNSY,purified MHC/competitive/fluorescence,Negative,,HLA-DQA1*01:02/DQB1*06:02,15
LIWLVKKGNSYPKLS,purified MHC/competitive/fluorescence,Negative,,HLA-DQA1*01:02/DQB1*06:02,15
VKKGNSYPKLSKSYI,purified MHC/competitive/fluorescence,Negative,,HLA-DQA1*01:02/DQB1*06:02,15
NSYPKLSKSYINDKG,purified MHC/competitive/fluorescence,Negative,,HLA-DQA1*01:02/DQB1*06:02,15
KLSKSYINDKGKEVL,purified MHC/competitive/fluorescence,Negative,,HLA-DQA1*01:02/DQB1*06:02,15
SYINDKGKEVLVLWG,purified MHC/competitive/fluorescence,Negative,,HLA-DQA1*01:02/DQB1*06:02,15
DKGKEVLVLWGIHHP,purified MHC/competitive/fluorescence,Negative,,HLA-DQA1*01:02/DQB1*06:02,15
EVLVLWGIHHPSTSA,purified MHC/competitive/fluorescence,Negative,,HLA-DQA1*01:02/DQB1*06:02,15
LWGIHHPSTSADQQS,purified MHC/competitive/fluorescence,Negative,,HLA-DQA1*01:02/DQB1*06:02,15
HHPSTSADQQSLYQN,purified MHC/competitive/fluorescence,Negative,,HLA-DQA1*01:02/DQB1*06:02,15
TSADQQSLYQNADAY,purified MHC/competitive/fluorescence,Negative,,HLA-DQA1*01:02/DQB1*06:02,15
QQSLYQNADAYVFVG,purified MHC/competitive/fluorescence,Negative,,HLA-DQA1*01:02/DQB1*06:02,15
DAYVFVGSSRYSKKF,purified MHC/competitive/fluorescence,Negative,,HLA-DQA1*01:02/DQB1*06:02,15
FVGSSRYSKKFKPEI,purified MHC/competitive/fluorescence,Negative,,HLA-DQA1*01:02/DQB1*06:02,15
SRYSKKFKPEIAIRP,purified MHC/competitive/fluorescence,Negative,,HLA-DQA1*01:02/DQB1*06:02,15
KKFKPEIAIRPKVRD,purified MHC/competitive/fluorescence,Negative,,HLA-DQA1*01:02/DQB1*06:02,15
PEIAIRPKVRDQEGR,purified MHC/competitive/fluorescence,Negative,,HLA-DQA1*01:02/DQB1*06:02,15
IRPKVRDQEGRMNYY,purified MHC/competitive/fluorescence,Negative,,HLA-DQA1*01:02/DQB1*06:02,15
VRDQEGRMNYYWTLV,purified MHC/competitive/fluorescence,Negative,,HLA-DQA1*01:02/DQB1*06:02,15
EGRMNYYWTLVEPGD,purified MHC/competitive/fluorescence,Negative,,HLA-DQA1*01:02/DQB1*06:02,15
NYYWTLVEPGDKITF,purified MHC/competitive/fluorescence,Negative,,HLA-DQA1*01:02/DQB1*06:02,15
TLVEPGDKITFEATG,purified MHC/competitive/fluorescence,Negative,,HLA-DQA1*01:02/DQB1*06:02,15
PGDKITFEATGNLVV,purified MHC/competitive/fluorescence,Negative,,HLA-DQA1*01:02/DQB1*06:02,15
ITFEATGNLVVPRYA,purified MHC/competitive/fluorescence,Negative,,HLA-DQA1*01:02/DQB1*06:02,15
LVVPRYAFAMERNAG,purified MHC/competitive/fluorescence,Negative,,HLA-DQA1*01:02/DQB1*06:02,15
RYAFAMERNAGSGII,purified MHC/competitive/fluorescence,Negative,,HLA-DQA1*01:02/DQB1*06:02,15
NAGSGIIISDTPVHD,purified MHC/competitive/fluorescence,Negative,,HLA-DQA1*01:02/DQB1*06:02,15
GIIISDTPVHDCNTT,purified MHC/competitive/fluorescence,Negative,,HLA-DQA1*01:02/DQB1*06:02,15
SDTPVHDCNTTCQTP,purified MHC/competitive/fluorescence,Negative,,HLA-DQA1*01:02/DQB1*06:02,15
VHDCNTTCQTPKGAI,purified MHC/competitive/fluorescence,Negative,,HLA-DQA1*01:02/DQB1*06:02,15
NTTCQTPKGAINTSL,purified MHC/competitive/fluorescence,Negative,,HLA-DQA1*01:02/DQB1*06:02,15
QTPKGAINTSLPFQN,purified MHC/competitive/fluorescence,Negative,,HLA-DQA1*01:02/DQB1*06:02,15
GAINTSLPFQNIHPI,purified MHC/competitive/fluorescence,Negative,,HLA-DQA1*01:02/DQB1*06:02,15
TSLPFQNIHPITIGK,purified MHC/competitive/fluorescence,Negative,,HLA-DQA1*01:02/DQB1*06:02,15
FQNIHPITIGKCPKY,purified MHC/competitive/fluorescence,Negative,,HLA-DQA1*01:02/DQB1*06:02,15
HPITIGKCPKYVKST,purified MHC/competitive/fluorescence,Negative,,HLA-DQA1*01:02/DQB1*06:02,15
IGKCPKYVKSTKLRL,purified MHC/competitive/fluorescence,Negative,,HLA-DQA1*01:02/DQB1*06:02,15
KSTKLRLATGLRNIP,purified MHC/competitive/fluorescence,Negative,,HLA-DQA1*01:02/DQB1*06:02,15
TGLRNIPSIQSRGLF,purified MHC/competitive/fluorescence,Negative,,HLA-DQA1*01:02/DQB1*06:02,15
NIPSIQSRGLFGAIA,purified MHC/competitive/fluorescence,Negative,,HLA-DQA1*01:02/DQB1*06:02,15
IQSRGLFGAIAGFIE,purified MHC/competitive/fluorescence,Negative,,HLA-DQA1*01:02/DQB1*06:02,15
GLFGAIAGFIEGGWT,purified MHC/competitive/fluorescence,Negative,,HLA-DQA1*01:02/DQB1*06:02,15
AIAGFIEGGWTGMVD,purified MHC/competitive/fluorescence,Negative,,HLA-DQA1*01:02/DQB1*06:02,15
FIEGGWTGMVDGWYG,purified MHC/competitive/fluorescence,Negative,,HLA-DQA1*01:02/DQB1*06:02,15
GWTGMVDGWYGYHHQ,purified MHC/competitive/fluorescence,Negative,,HLA-DQA1*01:02/DQB1*06:02,15
MVDGWYGYHHQNEQG,purified MHC/competitive/fluorescence,Negative,,HLA-DQA1*01:02/DQB1*06:02,15
WYGYHHQNEQGSGYA,purified MHC/competitive/fluorescence,Negative,,HLA-DQA1*01:02/DQB1*06:02,15
HHQNEQGSGYAADLK,purified MHC/competitive/fluorescence,Negative,,HLA-DQA1*01:02/DQB1*06:02,15
EQGSGYAADLKSTQN,purified MHC/competitive/fluorescence,Negative,,HLA-DQA1*01:02/DQB1*06:02,15
GYAADLKSTQNAIDE,purified MHC/competitive/fluorescence,Negative,,HLA-DQA1*01:02/DQB1*06:02,15
DLKSTQNAIDEITNK,purified MHC/competitive/fluorescence,Negative,,HLA-DQA1*01:02/DQB1*06:02,15
TQNAIDEITNKVNSV,purified MHC/competitive/fluorescence,Negative,,HLA-DQA1*01:02/DQB1*06:02,15
IDEITNKVNSVIEKM,purified MHC/competitive/fluorescence,Negative,,HLA-DQA1*01:02/DQB1*06:02,15
TNKVNSVIEKMNTQF,purified MHC/competitive/fluorescence,Negative,,HLA-DQA1*01:02/DQB1*06:02,15
NSVIEKMNTQFTAVG,purified MHC/competitive/fluorescence,Negative,,HLA-DQA1*01:02/DQB1*06:02,15
EKMNTQFTAVGKEFN,purified MHC/competitive/fluorescence,Negative,,HLA-DQA1*01:02/DQB1*06:02,15
TQFTAVGKEFNHLEK,purified MHC/competitive/fluorescence,Negative,,HLA-DQA1*01:02/DQB1*06:02,15
AVGKEFNHLEKRIEN,purified MHC/competitive/fluorescence,Negative,,HLA-DQA1*01:02/DQB1*06:02,15
EFNHLEKRIENLNKK,purified MHC/competitive/fluorescence,Negative,,HLA-DQA1*01:02/DQB1*06:02,15
LEKRIENLNKKVDDG,purified MHC/competitive/fluorescence,Negative,,HLA-DQA1*01:02/DQB1*06:02,15
IENLNKKVDDGFLDI,purified MHC/competitive/fluorescence,Negative,,HLA-DQA1*01:02/DQB1*06:02,15
NKKVDDGFLDIWTYN,purified MHC/competitive/fluorescence,Negative,,HLA-DQA1*01:02/DQB1*06:02,15
DDGFLDIWTYNAELL,purified MHC/competitive/fluorescence,Negative,,HLA-DQA1*01:02/DQB1*06:02,15
LDIWTYNAELLVLLE,purified MHC/competitive/fluorescence,Negative,,HLA-DQA1*01:02/DQB1*06:02,15
ELLVLLENERTLDYH,purified MHC/competitive/fluorescence,Negative,,HLA-DQA1*01:02/DQB1*06:02,15
LLENERTLDYHDSNV,purified MHC/competitive/fluorescence,Negative,,HLA-DQA1*01:02/DQB1*06:02,15
ERTLDYHDSNVKNLY,purified MHC/competitive/fluorescence,Negative,,HLA-DQA1*01:02/DQB1*06:02,15
DYHDSNVKNLYEKVR,purified MHC/competitive/fluorescence,Negative,,HLA-DQA1*01:02/DQB1*06:02,15
SNVKNLYEKVRSQLK,purified MHC/competitive/fluorescence,Negative,,HLA-DQA1*01:02/DQB1*06:02,15
NLYEKVRSQLKNNAK,purified MHC/competitive/fluorescence,Negative,,HLA-DQA1*01:02/DQB1*06:02,15
KVRSQLKNNAKEIGN,purified MHC/competitive/fluorescence,Negative,,HLA-DQA1*01:02/DQB1*06:02,15
QLKNNAKEIGNGCFE,purified MHC/competitive/fluorescence,Negative,,HLA-DQA1*01:02/DQB1*06:02,15
NAKEIGNGCFEFYHK,purified MHC/competitive/fluorescence,Negative,,HLA-DQA1*01:02/DQB1*06:02,15
IGNGCFEFYHKCDNT,purified MHC/competitive/fluorescence,Negative,,HLA-DQA1*01:02/DQB1*06:02,15
CFEFYHKCDNTCMES,purified MHC/competitive/fluorescence,Negative,,HLA-DQA1*01:02/DQB1*06:02,15
YHKCDNTCMESVKNG,purified MHC/competitive/fluorescence,Negative,,HLA-DQA1*01:02/DQB1*06:02,15
DNTCMESVKNGTYDY,purified MHC/competitive/fluorescence,Negative,,HLA-DQA1*01:02/DQB1*06:02,15
MESVKNGTYDYPKYS,purified MHC/competitive/fluorescence,Negative,,HLA-DQA1*01:02/DQB1*06:02,15
KNGTYDYPKYSEEAK,purified MHC/competitive/fluorescence,Negative,,HLA-DQA1*01:02/DQB1*06:02,15
YDYPKYSEEAKLNRE,purified MHC/competitive/fluorescence,Negative,,HLA-DQA1*01:02/DQB1*06:02,15
KYSEEAKLNREEIDG,purified MHC/competitive/fluorescence,Negative,,HLA-DQA1*01:02/DQB1*06:02,15
EAKLNREEIDGVKLE,purified MHC/competitive/fluorescence,Negative,,HLA-DQA1*01:02/DQB1*06:02,15
NREEIDGVKLESTRI,purified MHC/competitive/fluorescence,Negative,,HLA-DQA1*01:02/DQB1*06:02,15
TRIYQILAIYSTVAS,purified MHC/competitive/fluorescence,Negative,,HLA-DQA1*01:02/DQB1*06:02,15
QILAIYSTVASSLVL,purified MHC/competitive/fluorescence,Negative,,HLA-DQA1*01:02/DQB1*06:02,15
IYSTVASSLVLVVSL,purified MHC/competitive/fluorescence,Negative,,HLA-DQA1*01:02/DQB1*06:02,15
VASSLVLVVSLGAIS,purified MHC/competitive/fluorescence,Negative,,HLA-DQA1*01:02/DQB1*06:02,15
LVLVVSLGAISFWMC,purified MHC/competitive/fluorescence,Negative,,HLA-DQA1*01:02/DQB1*06:02,15
VSLGAISFWMCSNGS,purified MHC/competitive/fluorescence,Negative,,HLA-DQA1*01:02/DQB1*06:02,15
AISFWMCSNGSLQCR,purified MHC/competitive/fluorescence,Negative,,HLA-DQA1*01:02/DQB1*06:02,15
WMCSNGSLQCRICI,purified MHC/competitive/fluorescence,Negative,,HLA-DQA1*01:02/DQB1*06:02,14
MNPNQKIITIGSVCM,purified MHC/competitive/fluorescence,Negative,,HLA-DQA1*01:02/DQB1*06:02,15
QKIITIGSVCMTIGM,purified MHC/competitive/fluorescence,Negative,,HLA-DQA1*01:02/DQB1*06:02,15
TIGSVCMTIGMANLI,purified MHC/competitive/fluorescence,Negative,,HLA-DQA1*01:02/DQB1*06:02,15
VCMTIGMANLILQIG,purified MHC/competitive/fluorescence,Negative,,HLA-DQA1*01:02/DQB1*06:02,15
IGMANLILQIGNIIS,purified MHC/competitive/fluorescence,Negative,,HLA-DQA1*01:02/DQB1*06:02,15
NLILQIGNIISIWIS,purified MHC/competitive/fluorescence,Negative,,HLA-DQA1*01:02/DQB1*06:02,15
QIGNIISIWISHSIQ,purified MHC/competitive/fluorescence,Negative,,HLA-DQA1*01:02/DQB1*06:02,15
IISIWISHSIQLGNQ,purified MHC/competitive/fluorescence,Negative,,HLA-DQA1*01:02/DQB1*06:02,15
WISHSIQLGNQNQIE,purified MHC/competitive/fluorescence,Negative,,HLA-DQA1*01:02/DQB1*06:02,15
SIQLGNQNQIETCNQ,purified MHC/competitive/fluorescence,Negative,,HLA-DQA1*01:02/DQB1*06:02,15
GNQNQIETCNQSVIT,purified MHC/competitive/fluorescence,Negative,,HLA-DQA1*01:02/DQB1*06:02,15
CNQSVITYENNTWVN,purified MHC/competitive/fluorescence,Negative,,HLA-DQA1*01:02/DQB1*06:02,15
VITYENNTWVNQTYV,purified MHC/competitive/fluorescence,Negative,,HLA-DQA1*01:02/DQB1*06:02,15
ENNTWVNQTYVNISN,purified MHC/competitive/fluorescence,Negative,,HLA-DQA1*01:02/DQB1*06:02,15
WVNQTYVNISNTNFA,purified MHC/competitive/fluorescence,Negative,,HLA-DQA1*01:02/DQB1*06:02,15
TYVNISNTNFAAGQS,purified MHC/competitive/fluorescence,Negative,,HLA-DQA1*01:02/DQB1*06:02,15
ISNTNFAAGQSVVSV,purified MHC/competitive/fluorescence,Negative,,HLA-DQA1*01:02/DQB1*06:02,15
NFAAGQSVVSVKLAG,purified MHC/competitive/fluorescence,Negative,,HLA-DQA1*01:02/DQB1*06:02,15
GQSVVSVKLAGNSSL,purified MHC/competitive/fluorescence,Negative,,HLA-DQA1*01:02/DQB1*06:02,15
VSVKLAGNSSLCPVS,purified MHC/competitive/fluorescence,Negative,,HLA-DQA1*01:02/DQB1*06:02,15
LAGNSSLCPVSGWAI,purified MHC/competitive/fluorescence,Negative,,HLA-DQA1*01:02/DQB1*06:02,15
SSLCPVSGWAIYSKD,purified MHC/competitive/fluorescence,Negative,,HLA-DQA1*01:02/DQB1*06:02,15
PVSGWAIYSKDNSVR,purified MHC/competitive/fluorescence,Negative,,HLA-DQA1*01:02/DQB1*06:02,15
WAIYSKDNSVRIGSK,purified MHC/competitive/fluorescence,Negative,,HLA-DQA1*01:02/DQB1*06:02,15
SKDNSVRIGSKGDVF,purified MHC/competitive/fluorescence,Negative,,HLA-DQA1*01:02/DQB1*06:02,15
SVRIGSKGDVFVIRE,purified MHC/competitive/fluorescence,Negative,,HLA-DQA1*01:02/DQB1*06:02,15
GSKGDVFVIREPFIS,purified MHC/competitive/fluorescence,Negative,,HLA-DQA1*01:02/DQB1*06:02,15
DVFVIREPFISCSPL,purified MHC/competitive/fluorescence,Negative,,HLA-DQA1*01:02/DQB1*06:02,15
IREPFISCSPLECRT,purified MHC/competitive/fluorescence,Negative,,HLA-DQA1*01:02/DQB1*06:02,15
FISCSPLECRTFFLT,purified MHC/competitive/fluorescence,Negative,,HLA-DQA1*01:02/DQB1*06:02,15
SPLECRTFFLTQGAL,purified MHC/competitive/fluorescence,Negative,,HLA-DQA1*01:02/DQB1*06:02,15
CRTFFLTQGALLNDK,purified MHC/competitive/fluorescence,Negative,,HLA-DQA1*01:02/DQB1*06:02,15
FLTQGALLNDKHSNG,purified MHC/competitive/fluorescence,Negative,,HLA-DQA1*01:02/DQB1*06:02,15
GALLNDKHSNGTIKD,purified MHC/competitive/fluorescence,Negative,,HLA-DQA1*01:02/DQB1*06:02,15
NDKHSNGTIKDRSPY,purified MHC/competitive/fluorescence,Negative,,HLA-DQA1*01:02/DQB1*06:02,15
SNGTIKDRSPYRTLM,purified MHC/competitive/fluorescence,Negative,,HLA-DQA1*01:02/DQB1*06:02,15
IKDRSPYRTLMSCPI,purified MHC/competitive/fluorescence,Negative,,HLA-DQA1*01:02/DQB1*06:02,15
SPYRTLMSCPIGEVP,purified MHC/competitive/fluorescence,Negative,,HLA-DQA1*01:02/DQB1*06:02,15
TLMSCPIGEVPSPYN,purified MHC/competitive/fluorescence,Negative,,HLA-DQA1*01:02/DQB1*06:02,15
CPIGEVPSPYNSRFE,purified MHC/competitive/fluorescence,Negative,,HLA-DQA1*01:02/DQB1*06:02,15
EVPSPYNSRFESVAW,purified MHC/competitive/fluorescence,Negative,,HLA-DQA1*01:02/DQB1*06:02,15
PYNSRFESVAWSASA,purified MHC/competitive/fluorescence,Negative,,HLA-DQA1*01:02/DQB1*06:02,15
RFESVAWSASACHDG,purified MHC/competitive/fluorescence,Negative,,HLA-DQA1*01:02/DQB1*06:02,15
VAWSASACHDGINWL,purified MHC/competitive/fluorescence,Negative,,HLA-DQA1*01:02/DQB1*06:02,15
ASACHDGINWLTIGI,purified MHC/competitive/fluorescence,Negative,,HLA-DQA1*01:02/DQB1*06:02,15
NWLTIGISGPDNGAV,purified MHC/competitive/fluorescence,Negative,,HLA-DQA1*01:02/DQB1*06:02,15
IGISGPDNGAVAVLK,purified MHC/competitive/fluorescence,Negative,,HLA-DQA1*01:02/DQB1*06:02,15
GPDNGAVAVLKYNGI,purified MHC/competitive/fluorescence,Negative,,HLA-DQA1*01:02/DQB1*06:02,15
GAVAVLKYNGIITDT,purified MHC/competitive/fluorescence,Negative,,HLA-DQA1*01:02/DQB1*06:02,15
VLKYNGIITDTIKSW,purified MHC/competitive/fluorescence,Negative,,HLA-DQA1*01:02/DQB1*06:02,15
NGIITDTIKSWRNNI,purified MHC/competitive/fluorescence,Negative,,HLA-DQA1*01:02/DQB1*06:02,15
TDTIKSWRNNILRTQ,purified MHC/competitive/fluorescence,Negative,,HLA-DQA1*01:02/DQB1*06:02,15
NNILRTQESECACVN,purified MHC/competitive/fluorescence,Negative,,HLA-DQA1*01:02/DQB1*06:02,15
RTQESECACVNGSCF,purified MHC/competitive/fluorescence,Negative,,HLA-DQA1*01:02/DQB1*06:02,15
SECACVNGSCFTVMT,purified MHC/competitive/fluorescence,Negative,,HLA-DQA1*01:02/DQB1*06:02,15
CVNGSCFTVMTDGPS,purified MHC/competitive/fluorescence,Negative,,HLA-DQA1*01:02/DQB1*06:02,15
SCFTVMTDGPSNGQA,purified MHC/competitive/fluorescence,Negative,,HLA-DQA1*01:02/DQB1*06:02,15
VMTDGPSNGQASYKI,purified MHC/competitive/fluorescence,Negative,,HLA-DQA1*01:02/DQB1*06:02,15
GPSNGQASYKIFRIE,purified MHC/competitive/fluorescence,Negative,,HLA-DQA1*01:02/DQB1*06:02,15
GQASYKIFRIEKGKI,purified MHC/competitive/fluorescence,Negative,,HLA-DQA1*01:02/DQB1*06:02,15
YKIFRIEKGKIVKSV,purified MHC/competitive/fluorescence,Negative,,HLA-DQA1*01:02/DQB1*06:02,15
RIEKGKIVKSVEMNA,purified MHC/competitive/fluorescence,Negative,,HLA-DQA1*01:02/DQB1*06:02,15
GKIVKSVEMNAPNYH,purified MHC/competitive/fluorescence,Negative,,HLA-DQA1*01:02/DQB1*06:02,15
KSVEMNAPNYHYEEC,purified MHC/competitive/fluorescence,Negative,,HLA-DQA1*01:02/DQB1*06:02,15
MNAPNYHYEECSCYP,purified MHC/competitive/fluorescence,Negative,,HLA-DQA1*01:02/DQB1*06:02,15
NYHYEECSCYPDSSE,purified MHC/competitive/fluorescence,Negative,,HLA-DQA1*01:02/DQB1*06:02,15
EECSCYPDSSEITCV,purified MHC/competitive/fluorescence,Negative,,HLA-DQA1*01:02/DQB1*06:02,15
CYPDSSEITCVCRDN,purified MHC/competitive/fluorescence,Negative,,HLA-DQA1*01:02/DQB1*06:02,15
SSEITCVCRDNWHGS,purified MHC/competitive/fluorescence,Negative,,HLA-DQA1*01:02/DQB1*06:02,15
TCVCRDNWHGSNRPW,purified MHC/competitive/fluorescence,Negative,,HLA-DQA1*01:02/DQB1*06:02,15
RDNWHGSNRPWVSFN,purified MHC/competitive/fluorescence,Negative,,HLA-DQA1*01:02/DQB1*06:02,15
HGSNRPWVSFNQNLE,purified MHC/competitive/fluorescence,Negative,,HLA-DQA1*01:02/DQB1*06:02,15
RPWVSFNQNLEYQIG,purified MHC/competitive/fluorescence,Negative,,HLA-DQA1*01:02/DQB1*06:02,15
SFNQNLEYQIGYICS,purified MHC/competitive/fluorescence,Negative,,HLA-DQA1*01:02/DQB1*06:02,15
NLEYQIGYICSGIFG,purified MHC/competitive/fluorescence,Negative,,HLA-DQA1*01:02/DQB1*06:02,15
QIGYICSGIFGDNPR,purified MHC/competitive/fluorescence,Negative,,HLA-DQA1*01:02/DQB1*06:02,15
ICSGIFGDNPRPNDK,purified MHC/competitive/fluorescence,Negative,,HLA-DQA1*01:02/DQB1*06:02,15
IFGDNPRPNDKTGSC,purified MHC/competitive/fluorescence,Negative,,HLA-DQA1*01:02/DQB1*06:02,15
NPRPNDKTGSCGPVS,purified MHC/competitive/fluorescence,Negative,,HLA-DQA1*01:02/DQB1*06:02,15
NDKTGSCGPVSSNGA,purified MHC/competitive/fluorescence,Negative,,HLA-DQA1*01:02/DQB1*06:02,15
GSCGPVSSNGANGVK,purified MHC/competitive/fluorescence,Negative,,HLA-DQA1*01:02/DQB1*06:02,15
PVSSNGANGVKGFSY,purified MHC/competitive/fluorescence,Negative,,HLA-DQA1*01:02/DQB1*06:02,15
NGANGVKGFSYKYGN,purified MHC/competitive/fluorescence,Negative,,HLA-DQA1*01:02/DQB1*06:02,15
GVKGFSYKYGNGVWI,purified MHC/competitive/fluorescence,Negative,,HLA-DQA1*01:02/DQB1*06:02,15
FSYKYGNGVWIGRTK,purified MHC/competitive/fluorescence,Negative,,HLA-DQA1*01:02/DQB1*06:02,15
YGNGVWIGRTKSISS,purified MHC/competitive/fluorescence,Negative,,HLA-DQA1*01:02/DQB1*06:02,15
VWIGRTKSISSRNGF,purified MHC/competitive/fluorescence,Negative,,HLA-DQA1*01:02/DQB1*06:02,15
RTKSISSRNGFEMIW,purified MHC/competitive/fluorescence,Negative,,HLA-DQA1*01:02/DQB1*06:02,15
ISSRNGFEMIWDPNG,purified MHC/competitive/fluorescence,Negative,,HLA-DQA1*01:02/DQB1*06:02,15
NGFEMIWDPNGWTGT,purified MHC/competitive/fluorescence,Negative,,HLA-DQA1*01:02/DQB1*06:02,15
MIWDPNGWTGTDNNF,purified MHC/competitive/fluorescence,Negative,,HLA-DQA1*01:02/DQB1*06:02,15
PNGWTGTDNNFSIKQ,purified MHC/competitive/fluorescence,Negative,,HLA-DQA1*01:02/DQB1*06:02,15
TGTDNNFSIKQDIVG,purified MHC/competitive/fluorescence,Negative,,HLA-DQA1*01:02/DQB1*06:02,15
NNFSIKQDIVGINEW,purified MHC/competitive/fluorescence,Negative,,HLA-DQA1*01:02/DQB1*06:02,15
IKQDIVGINEWSGYS,purified MHC/competitive/fluorescence,Negative,,HLA-DQA1*01:02/DQB1*06:02,15
IVGINEWSGYSGSFV,purified MHC/competitive/fluorescence,Negative,,HLA-DQA1*01:02/DQB1*06:02,15
NEWSGYSGSFVQHPE,purified MHC/competitive/fluorescence,Negative,,HLA-DQA1*01:02/DQB1*06:02,15
GYSGSFVQHPELTGL,purified MHC/competitive/fluorescence,Negative,,HLA-DQA1*01:02/DQB1*06:02,15
SFVQHPELTGLDCIR,purified MHC/competitive/fluorescence,Negative,,HLA-DQA1*01:02/DQB1*06:02,15
HPELTGLDCIRPCFW,purified MHC/competitive/fluorescence,Negative,,HLA-DQA1*01:02/DQB1*06:02,15
TGLDCIRPCFWVELI,purified MHC/competitive/fluorescence,Negative,,HLA-DQA1*01:02/DQB1*06:02,15
CIRPCFWVELIRGRP,purified MHC/competitive/fluorescence,Negative,,HLA-DQA1*01:02/DQB1*06:02,15
CFWVELIRGRPKENT,purified MHC/competitive/fluorescence,Negative,,HLA-DQA1*01:02/DQB1*06:02,15
ELIRGRPKENTIWTS,purified MHC/competitive/fluorescence,Negative,,HLA-DQA1*01:02/DQB1*06:02,15
GRPKENTIWTSGSSI,purified MHC/competitive/fluorescence,Negative,,HLA-DQA1*01:02/DQB1*06:02,15
ENTIWTSGSSISFCG,purified MHC/competitive/fluorescence,Negative,,HLA-DQA1*01:02/DQB1*06:02,15
WTSGSSISFCGVNSD,purified MHC/competitive/fluorescence,Negative,,HLA-DQA1*01:02/DQB1*06:02,15
SSISFCGVNSDTVGW,purified MHC/competitive/fluorescence,Negative,,HLA-DQA1*01:02/DQB1*06:02,15
FCGVNSDTVGWSWPD,purified MHC/competitive/fluorescence,Negative,,HLA-DQA1*01:02/DQB1*06:02,15
NSDTVGWSWPDGAEL,purified MHC/competitive/fluorescence,Negative,,HLA-DQA1*01:02/DQB1*06:02,15
VGWSWPDGAELPFTI,purified MHC/competitive/fluorescence,Negative,,HLA-DQA1*01:02/DQB1*06:02,15
WPDGAELPFTIDK,purified MHC/competitive/fluorescence,Negative,,HLA-DQA1*01:02/DQB1*06:02,13
MASQGTKRSYEQME,purified MHC/competitive/fluorescence,Negative,,HLA-DQA1*01:02/DQB1*06:02,14
GRFYIQMCTELKLSD,purified MHC/competitive/fluorescence,Negative,,HLA-DQA1*01:02/DQB1*06:02,15
RMVLSAFDERRNKYL,purified MHC/competitive/fluorescence,Negative,,HLA-DQA1*01:02/DQB1*06:02,15
SAFDERRNKYLEEHP,purified MHC/competitive/fluorescence,Negative,,HLA-DQA1*01:02/DQB1*06:02,15
ERRNKYLEEHPSAGK,purified MHC/competitive/fluorescence,Negative,,HLA-DQA1*01:02/DQB1*06:02,15
KYLEEHPSAGKDPKK,purified MHC/competitive/fluorescence,Negative,,HLA-DQA1*01:02/DQB1*06:02,15
EHPSAGKDPKKTGGP,purified MHC/competitive/fluorescence,Negative,,HLA-DQA1*01:02/DQB1*06:02,15
AGKDPKKTGGPIYRR,purified MHC/competitive/fluorescence,Negative,,HLA-DQA1*01:02/DQB1*06:02,15
MIWHSNLNDATYQRT,purified MHC/competitive/fluorescence,Negative,,HLA-DQA1*01:02/DQB1*06:02,15
SNLNDATYQRTRALV,purified MHC/competitive/fluorescence,Negative,,HLA-DQA1*01:02/DQB1*06:02,15
DATYQRTRALVRTGM,purified MHC/competitive/fluorescence,Negative,,HLA-DQA1*01:02/DQB1*06:02,15
QRTRALVRTGMDPRM,purified MHC/competitive/fluorescence,Negative,,HLA-DQA1*01:02/DQB1*06:02,15
ALVRTGMDPRMCSLM,purified MHC/competitive/fluorescence,Negative,,HLA-DQA1*01:02/DQB1*06:02,15
TGMDPRMCSLMQGST,purified MHC/competitive/fluorescence,Negative,,HLA-DQA1*01:02/DQB1*06:02,15
PRMCSLMQGSTLPRR,purified MHC/competitive/fluorescence,Negative,,HLA-DQA1*01:02/DQB1*06:02,15
SLMQGSTLPRRSGAA,purified MHC/competitive/fluorescence,Negative,,HLA-DQA1*01:02/DQB1*06:02,15
GSTLPRRSGAAGAAV,purified MHC/competitive/fluorescence,Negative,,HLA-DQA1*01:02/DQB1*06:02,15
PRRSGAAGAAVKGVG,purified MHC/competitive/fluorescence,Negative,,HLA-DQA1*01:02/DQB1*06:02,15
IKRGINDRNFWRGEN,purified MHC/competitive/fluorescence,Negative,,HLA-DQA1*01:02/DQB1*06:02,15
RMCNILKGKFQTAAQ,purified MHC/competitive/fluorescence,Negative,,HLA-DQA1*01:02/DQB1*06:02,15
AMMDQVRESRNPGNA,purified MHC/competitive/fluorescence,Negative,,HLA-DQA1*01:02/DQB1*06:02,15
ILRGSVAHKSCLPAC,purified MHC/competitive/fluorescence,Negative,,HLA-DQA1*01:02/DQB1*06:02,15
RPNENPAHKSQLVWM,purified MHC/competitive/fluorescence,Negative,,HLA-DQA1*01:02/DQB1*06:02,15
NPAHKSQLVWMACHS,purified MHC/competitive/fluorescence,Negative,,HLA-DQA1*01:02/DQB1*06:02,15
KSQLVWMACHSAAFE,purified MHC/competitive/fluorescence,Negative,,HLA-DQA1*01:02/DQB1*06:02,15
VWMACHSAAFEDLRV,purified MHC/competitive/fluorescence,Negative,,HLA-DQA1*01:02/DQB1*06:02,15
LRSRYWAIRTRSGGN,purified MHC/competitive/fluorescence,Negative,,HLA-DQA1*01:02/DQB1*06:02,15
YWAIRTRSGGNTNQQ,purified MHC/competitive/fluorescence,Negative,,HLA-DQA1*01:02/DQB1*06:02,15
SFQGRGVFELSDEKA,purified MHC/competitive/fluorescence,Negative,,HLA-DQA1*01:02/DQB1*06:02,15
PSFDMSNEGSYFFGD,purified MHC/competitive/fluorescence,Negative,,HLA-DQA1*01:02/DQB1*06:02,15
MSNEGSYFFGDNAEE,purified MHC/competitive/fluorescence,Negative,,HLA-DQA1*01:02/DQB1*06:02,15
GTKRSYEQMETGGER,purified MHC/competitive/fluorescence,Negative,,HLA-DQA1*01:02/DQB1*06:02,15
SYEQMETGGERQDAT,purified MHC/competitive/fluorescence,Negative,,HLA-DQA1*01:02/DQB1*06:02,15
METGGERQDATEIRA,purified MHC/competitive/fluorescence,Negative,,HLA-DQA1*01:02/DQB1*06:02,15
DATEIRASVGRMIGG,purified MHC/competitive/fluorescence,Negative,,HLA-DQA1*01:02/DQB1*06:02,15
IRASVGRMIGGIGRF,purified MHC/competitive/fluorescence,Negative,,HLA-DQA1*01:02/DQB1*06:02,15
VGRMIGGIGRFYIQM,purified MHC/competitive/fluorescence,Negative,,HLA-DQA1*01:02/DQB1*06:02,15
IQMCTELKLSDYDGR,purified MHC/competitive/fluorescence,Negative,,HLA-DQA1*01:02/DQB1*06:02,15
TELKLSDYDGRLIQN,purified MHC/competitive/fluorescence,Negative,,HLA-DQA1*01:02/DQB1*06:02,15
LSDYDGRLIQNSITI,purified MHC/competitive/fluorescence,Negative,,HLA-DQA1*01:02/DQB1*06:02,15
ITIERMVLSAFDERR,purified MHC/competitive/fluorescence,Negative,,HLA-DQA1*01:02/DQB1*06:02,15
PKKTGGPIYRRVDGK,purified MHC/competitive/fluorescence,Negative,,HLA-DQA1*01:02/DQB1*06:02,15
GGPIYRRVDGKWMRE,purified MHC/competitive/fluorescence,Negative,,HLA-DQA1*01:02/DQB1*06:02,15
DGKWMRELILYDKQE,purified MHC/competitive/fluorescence,Negative,,HLA-DQA1*01:02/DQB1*06:02,15
MRELILYDKQEIRRV,purified MHC/competitive/fluorescence,Negative,,HLA-DQA1*01:02/DQB1*06:02,15
ILYDKQEIRRVWRLA,purified MHC/competitive/fluorescence,Negative,,HLA-DQA1*01:02/DQB1*06:02,15
KQEIRRVWRLANNGE,purified MHC/competitive/fluorescence,Negative,,HLA-DQA1*01:02/DQB1*06:02,15
RRVWRLANNGEDATA,purified MHC/competitive/fluorescence,Negative,,HLA-DQA1*01:02/DQB1*06:02,15
RLANNGEDATAGLTH,purified MHC/competitive/fluorescence,Negative,,HLA-DQA1*01:02/DQB1*06:02,15
NGEDATAGLTHIMIW,purified MHC/competitive/fluorescence,Negative,,HLA-DQA1*01:02/DQB1*06:02,15
LTHIMIWHSNLNDAT,purified MHC/competitive/fluorescence,Negative,,HLA-DQA1*01:02/DQB1*06:02,15
GAAGAAVKGVGTIAM,purified MHC/competitive/fluorescence,Negative,,HLA-DQA1*01:02/DQB1*06:02,15
AAVKGVGTIAMELIR,purified MHC/competitive/fluorescence,Negative,,HLA-DQA1*01:02/DQB1*06:02,15
GVGTIAMELIRMIKR,purified MHC/competitive/fluorescence,Negative,,HLA-DQA1*01:02/DQB1*06:02,15
IAMELIRMIKRGIND,purified MHC/competitive/fluorescence,Negative,,HLA-DQA1*01:02/DQB1*06:02,15
LIRMIKRGINDRNFW,purified MHC/competitive/fluorescence,Negative,,HLA-DQA1*01:02/DQB1*06:02,15
INDRNFWRGENGRRT,purified MHC/competitive/fluorescence,Negative,,HLA-DQA1*01:02/DQB1*06:02,15
NFWRGENGRRTRVAY,purified MHC/competitive/fluorescence,Negative,,HLA-DQA1*01:02/DQB1*06:02,15
GENGRRTRVAYERMC,purified MHC/competitive/fluorescence,Negative,,HLA-DQA1*01:02/DQB1*06:02,15
RRTRVAYERMCNILK,purified MHC/competitive/fluorescence,Negative,,HLA-DQA1*01:02/DQB1*06:02,15
VAYERMCNILKGKFQ,purified MHC/competitive/fluorescence,Negative,,HLA-DQA1*01:02/DQB1*06:02,15
ILKGKFQTAAQRAMM,purified MHC/competitive/fluorescence,Negative,,HLA-DQA1*01:02/DQB1*06:02,15
KFQTAAQRAMMDQVR,purified MHC/competitive/fluorescence,Negative,,HLA-DQA1*01:02/DQB1*06:02,15
AAQRAMMDQVRESRN,purified MHC/competitive/fluorescence,Negative,,HLA-DQA1*01:02/DQB1*06:02,15
QVRESRNPGNAEIED,purified MHC/competitive/fluorescence,Negative,,HLA-DQA1*01:02/DQB1*06:02,15
SRNPGNAEIEDLIFL,purified MHC/competitive/fluorescence,Negative,,HLA-DQA1*01:02/DQB1*06:02,15
IEDLIFLARSALILR,purified MHC/competitive/fluorescence,Negative,,HLA-DQA1*01:02/DQB1*06:02,15
SVAHKSCLPACVYGL,purified MHC/competitive/fluorescence,Negative,,HLA-DQA1*01:02/DQB1*06:02,15
KSCLPACVYGLAVAS,purified MHC/competitive/fluorescence,Negative,,HLA-DQA1*01:02/DQB1*06:02,15
YGLAVASGHDFEREG,purified MHC/competitive/fluorescence,Negative,,HLA-DQA1*01:02/DQB1*06:02,15
VASGHDFEREGYSLV,purified MHC/competitive/fluorescence,Negative,,HLA-DQA1*01:02/DQB1*06:02,15
HDFEREGYSLVGIDP,purified MHC/competitive/fluorescence,Negative,,HLA-DQA1*01:02/DQB1*06:02,15
REGYSLVGIDPFKLL,purified MHC/competitive/fluorescence,Negative,,HLA-DQA1*01:02/DQB1*06:02,15
SLVGIDPFKLLQNSQ,purified MHC/competitive/fluorescence,Negative,,HLA-DQA1*01:02/DQB1*06:02,15
IDPFKLLQNSQVVSL,purified MHC/competitive/fluorescence,Negative,,HLA-DQA1*01:02/DQB1*06:02,15
KLLQNSQVVSLMRPN,purified MHC/competitive/fluorescence,Negative,,HLA-DQA1*01:02/DQB1*06:02,15
NSQVVSLMRPNENPA,purified MHC/competitive/fluorescence,Negative,,HLA-DQA1*01:02/DQB1*06:02,15
VSLMRPNENPAHKSQ,purified MHC/competitive/fluorescence,Negative,,HLA-DQA1*01:02/DQB1*06:02,15
CHSAAFEDLRVSSFI,purified MHC/competitive/fluorescence,Negative,,HLA-DQA1*01:02/DQB1*06:02,15
AFEDLRVSSFIRGKK,purified MHC/competitive/fluorescence,Negative,,HLA-DQA1*01:02/DQB1*06:02,15
LRVSSFIRGKKVIPR,purified MHC/competitive/fluorescence,Negative,,HLA-DQA1*01:02/DQB1*06:02,15
SFIRGKKVIPRGKLS,purified MHC/competitive/fluorescence,Negative,,HLA-DQA1*01:02/DQB1*06:02,15
GKKVIPRGKLSTRGV,purified MHC/competitive/fluorescence,Negative,,HLA-DQA1*01:02/DQB1*06:02,15
IPRGKLSTRGVQIAS,purified MHC/competitive/fluorescence,Negative,,HLA-DQA1*01:02/DQB1*06:02,15
RGVQIASNENVETMD,purified MHC/competitive/fluorescence,Negative,,HLA-DQA1*01:02/DQB1*06:02,15
IASNENVETMDSNTL,purified MHC/competitive/fluorescence,Negative,,HLA-DQA1*01:02/DQB1*06:02,15
ENVETMDSNTLELRS,purified MHC/competitive/fluorescence,Negative,,HLA-DQA1*01:02/DQB1*06:02,15
TMDSNTLELRSRYWA,purified MHC/competitive/fluorescence,Negative,,HLA-DQA1*01:02/DQB1*06:02,15
NTLELRSRYWAIRTR,purified MHC/competitive/fluorescence,Negative,,HLA-DQA1*01:02/DQB1*06:02,15
RTRSGGNTNQQKASA,purified MHC/competitive/fluorescence,Negative,,HLA-DQA1*01:02/DQB1*06:02,15
GGNTNQQKASAGQIS,purified MHC/competitive/fluorescence,Negative,,HLA-DQA1*01:02/DQB1*06:02,15
NQQKASAGQISVQPT,purified MHC/competitive/fluorescence,Negative,,HLA-DQA1*01:02/DQB1*06:02,15
ASAGQISVQPTFSVQ,purified MHC/competitive/fluorescence,Negative,,HLA-DQA1*01:02/DQB1*06:02,15
QISVQPTFSVQRNLP,purified MHC/competitive/fluorescence,Negative,,HLA-DQA1*01:02/DQB1*06:02,15
QPTFSVQRNLPFERA,purified MHC/competitive/fluorescence,Negative,,HLA-DQA1*01:02/DQB1*06:02,15
SVQRNLPFERATVMA,purified MHC/competitive/fluorescence,Negative,,HLA-DQA1*01:02/DQB1*06:02,15
ERATVMAAFSGNNEG,purified MHC/competitive/fluorescence,Negative,,HLA-DQA1*01:02/DQB1*06:02,15
VMAAFSGNNEGRTSD,purified MHC/competitive/fluorescence,Negative,,HLA-DQA1*01:02/DQB1*06:02,15
FSGNNEGRTSDMRTE,purified MHC/competitive/fluorescence,Negative,,HLA-DQA1*01:02/DQB1*06:02,15
NEGRTSDMRTEVIRM,purified MHC/competitive/fluorescence,Negative,,HLA-DQA1*01:02/DQB1*06:02,15
IRMMESAKPEDLSFQ,purified MHC/competitive/fluorescence,Negative,,HLA-DQA1*01:02/DQB1*06:02,15
ESAKPEDLSFQGRGV,purified MHC/competitive/fluorescence,Negative,,HLA-DQA1*01:02/DQB1*06:02,15
PEDLSFQGRGVFELS,purified MHC/competitive/fluorescence,Negative,,HLA-DQA1*01:02/DQB1*06:02,15
RGVFELSDEKATNPI,purified MHC/competitive/fluorescence,Negative,,HLA-DQA1*01:02/DQB1*06:02,15
ELSDEKATNPIVPSF,purified MHC/competitive/fluorescence,Negative,,HLA-DQA1*01:02/DQB1*06:02,15
EKATNPIVPSFDMSN,purified MHC/competitive/fluorescence,Negative,,HLA-DQA1*01:02/DQB1*06:02,15
NPIVPSFDMSNEGSY,purified MHC/competitive/fluorescence,Negative,,HLA-DQA1*01:02/DQB1*06:02,15
GSYFFGDNAEEYDS,purified MHC/competitive/fluorescence,Negative,,HLA-DQA1*01:02/DQB1*06:02,14
DGKWMRELILYDKEE,purified MHC/competitive/fluorescence,Negative,,HLA-DQA1*01:02/DQB1*06:02,15
PKKTGGPIYRRVGGK,purified MHC/competitive/fluorescence,Negative,,HLA-DQA1*01:02/DQB1*06:02,15
GGPIYRRVGGKWMRE,purified MHC/competitive/fluorescence,Negative,,HLA-DQA1*01:02/DQB1*06:02,15
GGKWMRELILYDKEE,purified MHC/competitive/fluorescence,Negative,,HLA-DQA1*01:02/DQB1*06:02,15
MRELILYDKEEIRRV,purified MHC/competitive/fluorescence,Negative,,HLA-DQA1*01:02/DQB1*06:02,15
ILYDKEEIRRVWRQA,purified MHC/competitive/fluorescence,Negative,,HLA-DQA1*01:02/DQB1*06:02,15
KEEIRRVWRQANNGE,purified MHC/competitive/fluorescence,Negative,,HLA-DQA1*01:02/DQB1*06:02,15
RRVWRQANNGEDATA,purified MHC/competitive/fluorescence,Negative,,HLA-DQA1*01:02/DQB1*06:02,15
RQANNGEDATAGLTH,purified MHC/competitive/fluorescence,Negative,,HLA-DQA1*01:02/DQB1*06:02,15
GTKRSYEQMETDGER,purified MHC/competitive/fluorescence,Negative,,HLA-DQA1*01:02/DQB1*06:02,15
SYEQMETDGERQNAT,purified MHC/competitive/fluorescence,Negative,,HLA-DQA1*01:02/DQB1*06:02,15
METDGERQNATEIRA,purified MHC/competitive/fluorescence,Negative,,HLA-DQA1*01:02/DQB1*06:02,15
IRASVGKMIGGIGRF,purified MHC/competitive/fluorescence,Negative,,HLA-DQA1*01:02/DQB1*06:02,15
VGKMIGGIGRFYIQM,purified MHC/competitive/fluorescence,Negative,,HLA-DQA1*01:02/DQB1*06:02,15
IQMCTELKLSDYEGR,purified MHC/competitive/fluorescence,Negative,,HLA-DQA1*01:02/DQB1*06:02,15
TELKLSDYEGRLIQN,purified MHC/competitive/fluorescence,Negative,,HLA-DQA1*01:02/DQB1*06:02,15
LSDYEGRLIQNSLTI,purified MHC/competitive/fluorescence,Negative,,HLA-DQA1*01:02/DQB1*06:02,15
LTIERMVLSAFDERR,purified MHC/competitive/fluorescence,Negative,,HLA-DQA1*01:02/DQB1*06:02,15
PKKTGGPIYRRVNGK,purified MHC/competitive/fluorescence,Negative,,HLA-DQA1*01:02/DQB1*06:02,15
GGPIYRRVNGKWMRE,purified MHC/competitive/fluorescence,Negative,,HLA-DQA1*01:02/DQB1*06:02,15
NGKWMRELILYDKEE,purified MHC/competitive/fluorescence,Negative,,HLA-DQA1*01:02/DQB1*06:02,15
MRELILYDKEEIRRI,purified MHC/competitive/fluorescence,Negative,,HLA-DQA1*01:02/DQB1*06:02,15
ILYDKEEIRRIWRQA,purified MHC/competitive/fluorescence,Negative,,HLA-DQA1*01:02/DQB1*06:02,15
KEEIRRIWRQANNGD,purified MHC/competitive/fluorescence,Negative,,HLA-DQA1*01:02/DQB1*06:02,15
RRIWRQANNGDDATA,purified MHC/competitive/fluorescence,Negative,,HLA-DQA1*01:02/DQB1*06:02,15
RQANNGDDATAGLTH,purified MHC/competitive/fluorescence,Negative,,HLA-DQA1*01:02/DQB1*06:02,15
NGDDATAGLTHMMIW,purified MHC/competitive/fluorescence,Negative,,HLA-DQA1*01:02/DQB1*06:02,15
LTHMMIWHSNLNDAT,purified MHC/competitive/fluorescence,Negative,,HLA-DQA1*01:02/DQB1*06:02,15
GAAGAAVKGVGTMVM,purified MHC/competitive/fluorescence,Negative,,HLA-DQA1*01:02/DQB1*06:02,15
AAVKGVGTMVMELVR,purified MHC/competitive/fluorescence,Negative,,HLA-DQA1*01:02/DQB1*06:02,15
GVGTMVMELVRMIKR,purified MHC/competitive/fluorescence,Negative,,HLA-DQA1*01:02/DQB1*06:02,15
MVMELVRMIKRGIND,purified MHC/competitive/fluorescence,Negative,,HLA-DQA1*01:02/DQB1*06:02,15
LVRMIKRGINDRNFW,purified MHC/competitive/fluorescence,Negative,,HLA-DQA1*01:02/DQB1*06:02,15
INDRNFWRGENGRKT,purified MHC/competitive/fluorescence,Negative,,HLA-DQA1*01:02/DQB1*06:02,15
NFWRGENGRKTRIAY,purified MHC/competitive/fluorescence,Negative,,HLA-DQA1*01:02/DQB1*06:02,15
GENGRKTRIAYERMC,purified MHC/competitive/fluorescence,Negative,,HLA-DQA1*01:02/DQB1*06:02,15
RKTRIAYERMCNILK,purified MHC/competitive/fluorescence,Negative,,HLA-DQA1*01:02/DQB1*06:02,15
IAYERMCNILKGKFQ,purified MHC/competitive/fluorescence,Negative,,HLA-DQA1*01:02/DQB1*06:02,15
ILKGKFQTAAQKAMM,purified MHC/competitive/fluorescence,Negative,,HLA-DQA1*01:02/DQB1*06:02,15
KFQTAAQKAMMDQVR,purified MHC/competitive/fluorescence,Negative,,HLA-DQA1*01:02/DQB1*06:02,15
AAQKAMMDQVRESRN,purified MHC/competitive/fluorescence,Negative,,HLA-DQA1*01:02/DQB1*06:02,15
QVRESRNPGNAEFED,purified MHC/competitive/fluorescence,Negative,,HLA-DQA1*01:02/DQB1*06:02,15
SRNPGNAEFEDLTFL,purified MHC/competitive/fluorescence,Negative,,HLA-DQA1*01:02/DQB1*06:02,15
GNAEFEDLTFLARSA,purified MHC/competitive/fluorescence,Negative,,HLA-DQA1*01:02/DQB1*06:02,15
FEDLTFLARSALILR,purified MHC/competitive/fluorescence,Negative,,HLA-DQA1*01:02/DQB1*06:02,15
SVAHKSCLPACVYGP,purified MHC/competitive/fluorescence,Negative,,HLA-DQA1*01:02/DQB1*06:02,15
KSCLPACVYGPAVAS,purified MHC/competitive/fluorescence,Negative,,HLA-DQA1*01:02/DQB1*06:02,15
YGPAVASGYDFEREG,purified MHC/competitive/fluorescence,Negative,,HLA-DQA1*01:02/DQB1*06:02,15
VASGYDFEREGYSLV,purified MHC/competitive/fluorescence,Negative,,HLA-DQA1*01:02/DQB1*06:02,15
YDFEREGYSLVGIDP,purified MHC/competitive/fluorescence,Negative,,HLA-DQA1*01:02/DQB1*06:02,15
REGYSLVGIDPFRLL,purified MHC/competitive/fluorescence,Negative,,HLA-DQA1*01:02/DQB1*06:02,15
SLVGIDPFRLLQNSQ,purified MHC/competitive/fluorescence,Negative,,HLA-DQA1*01:02/DQB1*06:02,15
IDPFRLLQNSQVYSL,purified MHC/competitive/fluorescence,Negative,,HLA-DQA1*01:02/DQB1*06:02,15
RLLQNSQVYSLIRPN,purified MHC/competitive/fluorescence,Negative,,HLA-DQA1*01:02/DQB1*06:02,15
NSQVYSLIRPNENPA,purified MHC/competitive/fluorescence,Negative,,HLA-DQA1*01:02/DQB1*06:02,15
YSLIRPNENPAHKSQ,purified MHC/competitive/fluorescence,Negative,,HLA-DQA1*01:02/DQB1*06:02,15
CHSAAFEDLRVLSFI,purified MHC/competitive/fluorescence,Negative,,HLA-DQA1*01:02/DQB1*06:02,15
AFEDLRVLSFIKGTK,purified MHC/competitive/fluorescence,Negative,,HLA-DQA1*01:02/DQB1*06:02,15
LRVLSFIKGTKVLPR,purified MHC/competitive/fluorescence,Negative,,HLA-DQA1*01:02/DQB1*06:02,15
SFIKGTKVLPRGKLS,purified MHC/competitive/fluorescence,Negative,,HLA-DQA1*01:02/DQB1*06:02,15
GTKVLPRGKLSTRGV,purified MHC/competitive/fluorescence,Negative,,HLA-DQA1*01:02/DQB1*06:02,15
LPRGKLSTRGVQIAS,purified MHC/competitive/fluorescence,Negative,,HLA-DQA1*01:02/DQB1*06:02,15
KLSTRGVQIASNENM,purified MHC/competitive/fluorescence,Negative,,HLA-DQA1*01:02/DQB1*06:02,15
RGVQIASNENMETME,purified MHC/competitive/fluorescence,Negative,,HLA-DQA1*01:02/DQB1*06:02,15
ENMETMESSTLELRS,purified MHC/competitive/fluorescence,Negative,,HLA-DQA1*01:02/DQB1*06:02,15
TMESSTLELRSRYWA,purified MHC/competitive/fluorescence,Negative,,HLA-DQA1*01:02/DQB1*06:02,15
STLELRSRYWAIRTR,purified MHC/competitive/fluorescence,Negative,,HLA-DQA1*01:02/DQB1*06:02,15
RTRSGGNTNQQRASA,purified MHC/competitive/fluorescence,Negative,,HLA-DQA1*01:02/DQB1*06:02,15
GGNTNQQRASAGQIS,purified MHC/competitive/fluorescence,Negative,,HLA-DQA1*01:02/DQB1*06:02,15
NQQRASAGQISIQPT,purified MHC/competitive/fluorescence,Negative,,HLA-DQA1*01:02/DQB1*06:02,15
ASAGQISIQPTFSVQ,purified MHC/competitive/fluorescence,Negative,,HLA-DQA1*01:02/DQB1*06:02,15
QISIQPTFSVQRNLP,purified MHC/competitive/fluorescence,Negative,,HLA-DQA1*01:02/DQB1*06:02,15
QPTFSVQRNLPFDRT,purified MHC/competitive/fluorescence,Negative,,HLA-DQA1*01:02/DQB1*06:02,15
SVQRNLPFDRTTIMA,purified MHC/competitive/fluorescence,Negative,,HLA-DQA1*01:02/DQB1*06:02,15
DRTTIMAAFNGNTEG,purified MHC/competitive/fluorescence,Negative,,HLA-DQA1*01:02/DQB1*06:02,15
IMAAFNGNTEGRTSD,purified MHC/competitive/fluorescence,Negative,,HLA-DQA1*01:02/DQB1*06:02,15
FNGNTEGRTSDMRTE,purified MHC/competitive/fluorescence,Negative,,HLA-DQA1*01:02/DQB1*06:02,15
TEGRTSDMRTEIIRM,purified MHC/competitive/fluorescence,Negative,,HLA-DQA1*01:02/DQB1*06:02,15
IRMMESARPEDVSFQ,purified MHC/competitive/fluorescence,Negative,,HLA-DQA1*01:02/DQB1*06:02,15
ESARPEDVSFQGRGV,purified MHC/competitive/fluorescence,Negative,,HLA-DQA1*01:02/DQB1*06:02,15
PEDVSFQGRGVFELS,purified MHC/competitive/fluorescence,Negative,,HLA-DQA1*01:02/DQB1*06:02,15
RGVFELSDEKAASPI,purified MHC/competitive/fluorescence,Negative,,HLA-DQA1*01:02/DQB1*06:02,15
ELSDEKAASPIVPSF,purified MHC/competitive/fluorescence,Negative,,HLA-DQA1*01:02/DQB1*06:02,15
EKAASPIVPSFDMSN,purified MHC/competitive/fluorescence,Negative,,HLA-DQA1*01:02/DQB1*06:02,15
SPIVPSFDMSNEGSY,purified MHC/competitive/fluorescence,Negative,,HLA-DQA1*01:02/DQB1*06:02,15
GSYFFGDNAEEYDN,purified MHC/competitive/fluorescence,Negative,,HLA-DQA1*01:02/DQB1*06:02,14
SVQRNLPFDRTTVMA,purified MHC/competitive/fluorescence,Negative,,HLA-DQA1*01:02/DQB1*06:02,15
DRTTVMAAFSGNTEG,purified MHC/competitive/fluorescence,Negative,,HLA-DQA1*01:02/DQB1*06:02,15
VMAAFSGNTEGRTSD,purified MHC/competitive/fluorescence,Negative,,HLA-DQA1*01:02/DQB1*06:02,15
FSGNTEGRTSDMRTE,purified MHC/competitive/fluorescence,Negative,,HLA-DQA1*01:02/DQB1*06:02,15
AMMDQVRESRDPGNA,purified MHC/competitive/fluorescence,Negative,,HLA-DQA1*01:02/DQB1*06:02,15
QVRESRDPGNAEFED,purified MHC/competitive/fluorescence,Negative,,HLA-DQA1*01:02/DQB1*06:02,15
SRDPGNAEFEDLTFL,purified MHC/competitive/fluorescence,Negative,,HLA-DQA1*01:02/DQB1*06:02,15
LRVLSFIKGTKVVPR,purified MHC/competitive/fluorescence,Negative,,HLA-DQA1*01:02/DQB1*06:02,15
SFIKGTKVVPRGKLS,purified MHC/competitive/fluorescence,Negative,,HLA-DQA1*01:02/DQB1*06:02,15
GTKVVPRGKLSTRGV,purified MHC/competitive/fluorescence,Negative,,HLA-DQA1*01:02/DQB1*06:02,15
VPRGKLSTRGVQIAS,purified MHC/competitive/fluorescence,Negative,,HLA-DQA1*01:02/DQB1*06:02,15
DRTTVMAAFTGNTEG,purified MHC/competitive/fluorescence,Negative,,HLA-DQA1*01:02/DQB1*06:02,15
VMAAFTGNTEGRTSD,purified MHC/competitive/fluorescence,Negative,,HLA-DQA1*01:02/DQB1*06:02,15
FTGNTEGRTSDMRTE,purified MHC/competitive/fluorescence,Negative,,HLA-DQA1*01:02/DQB1*06:02,15
LPRGKLSTRGVQITS,purified MHC/competitive/fluorescence,Negative,,HLA-DQA1*01:02/DQB1*06:02,15
KLSTRGVQITSNENM,purified MHC/competitive/fluorescence,Negative,,HLA-DQA1*01:02/DQB1*06:02,15
RGVQITSNENMETME,purified MHC/competitive/fluorescence,Negative,,HLA-DQA1*01:02/DQB1*06:02,15
STLELGSRYWAIRTR,purified MHC/competitive/fluorescence,Negative,,HLA-DQA1*01:02/DQB1*06:02,15
LGSRYWAIRTRSGGN,purified MHC/competitive/fluorescence,Negative,,HLA-DQA1*01:02/DQB1*06:02,15
LPRGKLSTRGVQIAP,purified MHC/competitive/fluorescence,Negative,,HLA-DQA1*01:02/DQB1*06:02,15
KLSTRGVQIAPNENM,purified MHC/competitive/fluorescence,Negative,,HLA-DQA1*01:02/DQB1*06:02,15
RGVQIAPNENMETME,purified MHC/competitive/fluorescence,Negative,,HLA-DQA1*01:02/DQB1*06:02,15
RGVQIASDENMETME,purified MHC/competitive/fluorescence,Negative,,HLA-DQA1*01:02/DQB1*06:02,15
IASDENMETMESSTL,purified MHC/competitive/fluorescence,Negative,,HLA-DQA1*01:02/DQB1*06:02,15
RGVQIASNEDMETME,purified MHC/competitive/fluorescence,Negative,,HLA-DQA1*01:02/DQB1*06:02,15
EDMETMESSTLELRS,purified MHC/competitive/fluorescence,Negative,,HLA-DQA1*01:02/DQB1*06:02,15
KLSTRGVQIASNEHM,purified MHC/competitive/fluorescence,Negative,,HLA-DQA1*01:02/DQB1*06:02,15
RGVQIASNEHMETME,purified MHC/competitive/fluorescence,Negative,,HLA-DQA1*01:02/DQB1*06:02,15
EHMETMESSTLELRS,purified MHC/competitive/fluorescence,Negative,,HLA-DQA1*01:02/DQB1*06:02,15
EHMGTMESSTLELRS,purified MHC/competitive/fluorescence,Negative,,HLA-DQA1*01:02/DQB1*06:02,15
INLHQRDEVLPRGKL,purified MHC/competitive/fluorescence,Negative,,HLA-DQA1*01:02/DQB1*06:02,15
QRDEVLPRGKLSNRG,purified MHC/competitive/fluorescence,Negative,,HLA-DQA1*01:02/DQB1*06:02,15
MDVNPTLLFLKIPAQ,purified MHC/competitive/fluorescence,Negative,,HLA-DQA1*01:02/DQB1*06:02,15
PTLLFLKIPAQNAIS,purified MHC/competitive/fluorescence,Negative,,HLA-DQA1*01:02/DQB1*06:02,15
FLKIPAQNAISTTFP,purified MHC/competitive/fluorescence,Negative,,HLA-DQA1*01:02/DQB1*06:02,15
PAQNAISTTFPYTGD,purified MHC/competitive/fluorescence,Negative,,HLA-DQA1*01:02/DQB1*06:02,15
AISTTFPYTGDPPYS,purified MHC/competitive/fluorescence,Negative,,HLA-DQA1*01:02/DQB1*06:02,15
TFPYTGDPPYSHGTG,purified MHC/competitive/fluorescence,Negative,,HLA-DQA1*01:02/DQB1*06:02,15
TGDPPYSHGTGTGYT,purified MHC/competitive/fluorescence,Negative,,HLA-DQA1*01:02/DQB1*06:02,15
PYSHGTGTGYTMDTV,purified MHC/competitive/fluorescence,Negative,,HLA-DQA1*01:02/DQB1*06:02,15
GTGTGYTMDTVNRTH,purified MHC/competitive/fluorescence,Negative,,HLA-DQA1*01:02/DQB1*06:02,15
GYTMDTVNRTHQYSE,purified MHC/competitive/fluorescence,Negative,,HLA-DQA1*01:02/DQB1*06:02,15
DTVNRTHQYSEKGKW,purified MHC/competitive/fluorescence,Negative,,HLA-DQA1*01:02/DQB1*06:02,15
RTHQYSEKGKWTTNT,purified MHC/competitive/fluorescence,Negative,,HLA-DQA1*01:02/DQB1*06:02,15
YSEKGKWTTNTETGA,purified MHC/competitive/fluorescence,Negative,,HLA-DQA1*01:02/DQB1*06:02,15
GKWTTNTETGAPQLN,purified MHC/competitive/fluorescence,Negative,,HLA-DQA1*01:02/DQB1*06:02,15
TNTETGAPQLNPIDG,purified MHC/competitive/fluorescence,Negative,,HLA-DQA1*01:02/DQB1*06:02,15
TGAPQLNPIDGPLPE,purified MHC/competitive/fluorescence,Negative,,HLA-DQA1*01:02/DQB1*06:02,15
QLNPIDGPLPEDNEP,purified MHC/competitive/fluorescence,Negative,,HLA-DQA1*01:02/DQB1*06:02,15
IDGPLPEDNEPSGYA,purified MHC/competitive/fluorescence,Negative,,HLA-DQA1*01:02/DQB1*06:02,15
LPEDNEPSGYAQTDC,purified MHC/competitive/fluorescence,Negative,,HLA-DQA1*01:02/DQB1*06:02,15
NEPSGYAQTDCVLEA,purified MHC/competitive/fluorescence,Negative,,HLA-DQA1*01:02/DQB1*06:02,15
GYAQTDCVLEAMAFL,purified MHC/competitive/fluorescence,Negative,,HLA-DQA1*01:02/DQB1*06:02,15
TDCVLEAMAFLEESH,purified MHC/competitive/fluorescence,Negative,,HLA-DQA1*01:02/DQB1*06:02,15
LEAMAFLEESHPGIF,purified MHC/competitive/fluorescence,Negative,,HLA-DQA1*01:02/DQB1*06:02,15
AFLEESHPGIFENSC,purified MHC/competitive/fluorescence,Negative,,HLA-DQA1*01:02/DQB1*06:02,15
ESHPGIFENSCLETM,purified MHC/competitive/fluorescence,Negative,,HLA-DQA1*01:02/DQB1*06:02,15
GIFENSCLETMEVVQ,purified MHC/competitive/fluorescence,Negative,,HLA-DQA1*01:02/DQB1*06:02,15
NSCLETMEVVQQTRV,purified MHC/competitive/fluorescence,Negative,,HLA-DQA1*01:02/DQB1*06:02,15
ETMEVVQQTRVDKLT,purified MHC/competitive/fluorescence,Negative,,HLA-DQA1*01:02/DQB1*06:02,15
VVQQTRVDKLTQGRQ,purified MHC/competitive/fluorescence,Negative,,HLA-DQA1*01:02/DQB1*06:02,15
TRVDKLTQGRQTYDW,purified MHC/competitive/fluorescence,Negative,,HLA-DQA1*01:02/DQB1*06:02,15
KLTQGRQTYDWTLNR,purified MHC/competitive/fluorescence,Negative,,HLA-DQA1*01:02/DQB1*06:02,15
GRQTYDWTLNRNQPA,purified MHC/competitive/fluorescence,Negative,,HLA-DQA1*01:02/DQB1*06:02,15
YDWTLNRNQPAATAL,purified MHC/competitive/fluorescence,Negative,,HLA-DQA1*01:02/DQB1*06:02,15
QPAATALANTIEVFR,purified MHC/competitive/fluorescence,Negative,,HLA-DQA1*01:02/DQB1*06:02,15
TALANTIEVFRSNGL,purified MHC/competitive/fluorescence,Negative,,HLA-DQA1*01:02/DQB1*06:02,15
NTIEVFRSNGLTANE,purified MHC/competitive/fluorescence,Negative,,HLA-DQA1*01:02/DQB1*06:02,15
VFRSNGLTANESGRL,purified MHC/competitive/fluorescence,Negative,,HLA-DQA1*01:02/DQB1*06:02,15
NGLTANESGRLIDFL,purified MHC/competitive/fluorescence,Negative,,HLA-DQA1*01:02/DQB1*06:02,15
ANESGRLIDFLKDVM,purified MHC/competitive/fluorescence,Negative,,HLA-DQA1*01:02/DQB1*06:02,15
GRLIDFLKDVMESMN,purified MHC/competitive/fluorescence,Negative,,HLA-DQA1*01:02/DQB1*06:02,15
DFLKDVMESMNKEEI,purified MHC/competitive/fluorescence,Negative,,HLA-DQA1*01:02/DQB1*06:02,15
DVMESMNKEEIEITT,purified MHC/competitive/fluorescence,Negative,,HLA-DQA1*01:02/DQB1*06:02,15
SMNKEEIEITTHFQR,purified MHC/competitive/fluorescence,Negative,,HLA-DQA1*01:02/DQB1*06:02,15
EEIEITTHFQRKRRV,purified MHC/competitive/fluorescence,Negative,,HLA-DQA1*01:02/DQB1*06:02,15
ITTHFQRKRRVRDNM,purified MHC/competitive/fluorescence,Negative,,HLA-DQA1*01:02/DQB1*06:02,15
FQRKRRVRDNMTKKM,purified MHC/competitive/fluorescence,Negative,,HLA-DQA1*01:02/DQB1*06:02,15
RRVRDNMTKKMVTQR,purified MHC/competitive/fluorescence,Negative,,HLA-DQA1*01:02/DQB1*06:02,15
DNMTKKMVTQRTIGK,purified MHC/competitive/fluorescence,Negative,,HLA-DQA1*01:02/DQB1*06:02,15
KKMVTQRTIGKKKQR,purified MHC/competitive/fluorescence,Negative,,HLA-DQA1*01:02/DQB1*06:02,15
TQRTIGKKKQRLNKR,purified MHC/competitive/fluorescence,Negative,,HLA-DQA1*01:02/DQB1*06:02,15
IGKKKQRLNKRGYLI,purified MHC/competitive/fluorescence,Negative,,HLA-DQA1*01:02/DQB1*06:02,15
KQRLNKRGYLIRALT,purified MHC/competitive/fluorescence,Negative,,HLA-DQA1*01:02/DQB1*06:02,15
NKRGYLIRALTLNTM,purified MHC/competitive/fluorescence,Negative,,HLA-DQA1*01:02/DQB1*06:02,15
ALTLNTMTKDAERGK,purified MHC/competitive/fluorescence,Negative,,HLA-DQA1*01:02/DQB1*06:02,15
NTMTKDAERGKLKRR,purified MHC/competitive/fluorescence,Negative,,HLA-DQA1*01:02/DQB1*06:02,15
KDAERGKLKRRAIAT,purified MHC/competitive/fluorescence,Negative,,HLA-DQA1*01:02/DQB1*06:02,15
RGKLKRRAIATPGMQ,purified MHC/competitive/fluorescence,Negative,,HLA-DQA1*01:02/DQB1*06:02,15
KRRAIATPGMQIRGF,purified MHC/competitive/fluorescence,Negative,,HLA-DQA1*01:02/DQB1*06:02,15
IATPGMQIRGFVYFV,purified MHC/competitive/fluorescence,Negative,,HLA-DQA1*01:02/DQB1*06:02,15
GMQIRGFVYFVETLA,purified MHC/competitive/fluorescence,Negative,,HLA-DQA1*01:02/DQB1*06:02,15
RGFVYFVETLARSIC,purified MHC/competitive/fluorescence,Negative,,HLA-DQA1*01:02/DQB1*06:02,15
YFVETLARSICEKLE,purified MHC/competitive/fluorescence,Negative,,HLA-DQA1*01:02/DQB1*06:02,15
TLARSICEKLEQSGL,purified MHC/competitive/fluorescence,Negative,,HLA-DQA1*01:02/DQB1*06:02,15
SICEKLEQSGLPVGG,purified MHC/competitive/fluorescence,Negative,,HLA-DQA1*01:02/DQB1*06:02,15
KLEQSGLPVGGNEKK,purified MHC/competitive/fluorescence,Negative,,HLA-DQA1*01:02/DQB1*06:02,15
SGLPVGGNEKKAKLA,purified MHC/competitive/fluorescence,Negative,,HLA-DQA1*01:02/DQB1*06:02,15
VGGNEKKAKLANVVR,purified MHC/competitive/fluorescence,Negative,,HLA-DQA1*01:02/DQB1*06:02,15
EKKAKLANVVRKMMT,purified MHC/competitive/fluorescence,Negative,,HLA-DQA1*01:02/DQB1*06:02,15
KLANVVRKMMTNSQD,purified MHC/competitive/fluorescence,Negative,,HLA-DQA1*01:02/DQB1*06:02,15
VVRKMMTNSQDTEIS,purified MHC/competitive/fluorescence,Negative,,HLA-DQA1*01:02/DQB1*06:02,15
MMTNSQDTEISFTIT,purified MHC/competitive/fluorescence,Negative,,HLA-DQA1*01:02/DQB1*06:02,15
SQDTEISFTITGDNT,purified MHC/competitive/fluorescence,Negative,,HLA-DQA1*01:02/DQB1*06:02,15
EISFTITGDNTKWNE,purified MHC/competitive/fluorescence,Negative,,HLA-DQA1*01:02/DQB1*06:02,15
TITGDNTKWNENQNP,purified MHC/competitive/fluorescence,Negative,,HLA-DQA1*01:02/DQB1*06:02,15
DNTKWNENQNPRMFL,purified MHC/competitive/fluorescence,Negative,,HLA-DQA1*01:02/DQB1*06:02,15
WNENQNPRMFLAMIT,purified MHC/competitive/fluorescence,Negative,,HLA-DQA1*01:02/DQB1*06:02,15
QNPRMFLAMITYITR,purified MHC/competitive/fluorescence,Negative,,HLA-DQA1*01:02/DQB1*06:02,15
MFLAMITYITRNQPE,purified MHC/competitive/fluorescence,Negative,,HLA-DQA1*01:02/DQB1*06:02,15
MITYITRNQPEWFRN,purified MHC/competitive/fluorescence,Negative,,HLA-DQA1*01:02/DQB1*06:02,15
ITRNQPEWFRNILSM,purified MHC/competitive/fluorescence,Negative,,HLA-DQA1*01:02/DQB1*06:02,15
QPEWFRNILSMAPIM,purified MHC/competitive/fluorescence,Negative,,HLA-DQA1*01:02/DQB1*06:02,15
FRNILSMAPIMFSNK,purified MHC/competitive/fluorescence,Negative,,HLA-DQA1*01:02/DQB1*06:02,15
LSMAPIMFSNKMARL,purified MHC/competitive/fluorescence,Negative,,HLA-DQA1*01:02/DQB1*06:02,15
PIMFSNKMARLGKGY,purified MHC/competitive/fluorescence,Negative,,HLA-DQA1*01:02/DQB1*06:02,15
SNKMARLGKGYMFES,purified MHC/competitive/fluorescence,Negative,,HLA-DQA1*01:02/DQB1*06:02,15
ARLGKGYMFESKRMK,purified MHC/competitive/fluorescence,Negative,,HLA-DQA1*01:02/DQB1*06:02,15
KGYMFESKRMKIRTQ,purified MHC/competitive/fluorescence,Negative,,HLA-DQA1*01:02/DQB1*06:02,15
FESKRMKIRTQIPAE,purified MHC/competitive/fluorescence,Negative,,HLA-DQA1*01:02/DQB1*06:02,15
PAEMLASIDLKYFNE,purified MHC/competitive/fluorescence,Negative,,HLA-DQA1*01:02/DQB1*06:02,15
LASIDLKYFNESTKK,purified MHC/competitive/fluorescence,Negative,,HLA-DQA1*01:02/DQB1*06:02,15
DLKYFNESTKKKIEK,purified MHC/competitive/fluorescence,Negative,,HLA-DQA1*01:02/DQB1*06:02,15
FNESTKKKIEKIRPL,purified MHC/competitive/fluorescence,Negative,,HLA-DQA1*01:02/DQB1*06:02,15
TKKKIEKIRPLLIDG,purified MHC/competitive/fluorescence,Negative,,HLA-DQA1*01:02/DQB1*06:02,15
RPLLIDGTASLSPGM,purified MHC/competitive/fluorescence,Negative,,HLA-DQA1*01:02/DQB1*06:02,15
IDGTASLSPGMMMGM,purified MHC/competitive/fluorescence,Negative,,HLA-DQA1*01:02/DQB1*06:02,15
ASLSPGMMMGMFNML,purified MHC/competitive/fluorescence,Negative,,HLA-DQA1*01:02/DQB1*06:02,15
PGMMMGMFNMLSTVL,purified MHC/competitive/fluorescence,Negative,,HLA-DQA1*01:02/DQB1*06:02,15
MGMFNMLSTVLGVSI,purified MHC/competitive/fluorescence,Negative,,HLA-DQA1*01:02/DQB1*06:02,15
NMLSTVLGVSILNLG,purified MHC/competitive/fluorescence,Negative,,HLA-DQA1*01:02/DQB1*06:02,15
TVLGVSILNLGQKKY,purified MHC/competitive/fluorescence,Negative,,HLA-DQA1*01:02/DQB1*06:02,15
VSILNLGQKKYTKTI,purified MHC/competitive/fluorescence,Negative,,HLA-DQA1*01:02/DQB1*06:02,15
NLGQKKYTKTIYWWD,purified MHC/competitive/fluorescence,Negative,,HLA-DQA1*01:02/DQB1*06:02,15
KKYTKTIYWWDGLQS,purified MHC/competitive/fluorescence,Negative,,HLA-DQA1*01:02/DQB1*06:02,15
KTIYWWDGLQSSDDF,purified MHC/competitive/fluorescence,Negative,,HLA-DQA1*01:02/DQB1*06:02,15
WWDGLQSSDDFALIV,purified MHC/competitive/fluorescence,Negative,,HLA-DQA1*01:02/DQB1*06:02,15
LQSSDDFALIVNAPN,purified MHC/competitive/fluorescence,Negative,,HLA-DQA1*01:02/DQB1*06:02,15
DDFALIVNAPNHEGI,purified MHC/competitive/fluorescence,Negative,,HLA-DQA1*01:02/DQB1*06:02,15
LIVNAPNHEGIQAGV,purified MHC/competitive/fluorescence,Negative,,HLA-DQA1*01:02/DQB1*06:02,15
APNHEGIQAGVDRFY,purified MHC/competitive/fluorescence,Negative,,HLA-DQA1*01:02/DQB1*06:02,15
EGIQAGVDRFYRTCK,purified MHC/competitive/fluorescence,Negative,,HLA-DQA1*01:02/DQB1*06:02,15
AGVDRFYRTCKLVGI,purified MHC/competitive/fluorescence,Negative,,HLA-DQA1*01:02/DQB1*06:02,15
RFYRTCKLVGINMSK,purified MHC/competitive/fluorescence,Negative,,HLA-DQA1*01:02/DQB1*06:02,15
TCKLVGINMSKKKSY,purified MHC/competitive/fluorescence,Negative,,HLA-DQA1*01:02/DQB1*06:02,15
VGINMSKKKSYINKT,purified MHC/competitive/fluorescence,Negative,,HLA-DQA1*01:02/DQB1*06:02,15
MSKKKSYINKTGTFE,purified MHC/competitive/fluorescence,Negative,,HLA-DQA1*01:02/DQB1*06:02,15
KSYINKTGTFEFTSF,purified MHC/competitive/fluorescence,Negative,,HLA-DQA1*01:02/DQB1*06:02,15
NKTGTFEFTSFFYRY,purified MHC/competitive/fluorescence,Negative,,HLA-DQA1*01:02/DQB1*06:02,15
TFEFTSFFYRYGFVA,purified MHC/competitive/fluorescence,Negative,,HLA-DQA1*01:02/DQB1*06:02,15
TSFFYRYGFVANFSM,purified MHC/competitive/fluorescence,Negative,,HLA-DQA1*01:02/DQB1*06:02,15
YRYGFVANFSMELPS,purified MHC/competitive/fluorescence,Negative,,HLA-DQA1*01:02/DQB1*06:02,15
FVANFSMELPSFGVS,purified MHC/competitive/fluorescence,Negative,,HLA-DQA1*01:02/DQB1*06:02,15
FSMELPSFGVSGVNE,purified MHC/competitive/fluorescence,Negative,,HLA-DQA1*01:02/DQB1*06:02,15
LPSFGVSGVNESADM,purified MHC/competitive/fluorescence,Negative,,HLA-DQA1*01:02/DQB1*06:02,15
GVSGVNESADMSIGV,purified MHC/competitive/fluorescence,Negative,,HLA-DQA1*01:02/DQB1*06:02,15
VNESADMSIGVTVIK,purified MHC/competitive/fluorescence,Negative,,HLA-DQA1*01:02/DQB1*06:02,15
ADMSIGVTVIKNNMI,purified MHC/competitive/fluorescence,Negative,,HLA-DQA1*01:02/DQB1*06:02,15
IGVTVIKNNMINNDL,purified MHC/competitive/fluorescence,Negative,,HLA-DQA1*01:02/DQB1*06:02,15
VIKNNMINNDLGPAT,purified MHC/competitive/fluorescence,Negative,,HLA-DQA1*01:02/DQB1*06:02,15
NMINNDLGPATAQMA,purified MHC/competitive/fluorescence,Negative,,HLA-DQA1*01:02/DQB1*06:02,15
NDLGPATAQMALQLF,purified MHC/competitive/fluorescence,Negative,,HLA-DQA1*01:02/DQB1*06:02,15
PATAQMALQLFIKDY,purified MHC/competitive/fluorescence,Negative,,HLA-DQA1*01:02/DQB1*06:02,15
QMALQLFIKDYRYTY,purified MHC/competitive/fluorescence,Negative,,HLA-DQA1*01:02/DQB1*06:02,15
QLFIKDYRYTYRCHR,purified MHC/competitive/fluorescence,Negative,,HLA-DQA1*01:02/DQB1*06:02,15
KDYRYTYRCHRGDTQ,purified MHC/competitive/fluorescence,Negative,,HLA-DQA1*01:02/DQB1*06:02,15
YTYRCHRGDTQIQTR,purified MHC/competitive/fluorescence,Negative,,HLA-DQA1*01:02/DQB1*06:02,15
CHRGDTQIQTRRSFE,purified MHC/competitive/fluorescence,Negative,,HLA-DQA1*01:02/DQB1*06:02,15
DTQIQTRRSFELKKL,purified MHC/competitive/fluorescence,Negative,,HLA-DQA1*01:02/DQB1*06:02,15
QTRRSFELKKLWDQT,purified MHC/competitive/fluorescence,Negative,,HLA-DQA1*01:02/DQB1*06:02,15
SFELKKLWDQTQSKV,purified MHC/competitive/fluorescence,Negative,,HLA-DQA1*01:02/DQB1*06:02,15
KKLWDQTQSKVGLLV,purified MHC/competitive/fluorescence,Negative,,HLA-DQA1*01:02/DQB1*06:02,15
DQTQSKVGLLVSDGG,purified MHC/competitive/fluorescence,Negative,,HLA-DQA1*01:02/DQB1*06:02,15
SKVGLLVSDGGPNLY,purified MHC/competitive/fluorescence,Negative,,HLA-DQA1*01:02/DQB1*06:02,15
LLVSDGGPNLYNIRN,purified MHC/competitive/fluorescence,Negative,,HLA-DQA1*01:02/DQB1*06:02,15
DGGPNLYNIRNLHIP,purified MHC/competitive/fluorescence,Negative,,HLA-DQA1*01:02/DQB1*06:02,15
NLYNIRNLHIPEVCL,purified MHC/competitive/fluorescence,Negative,,HLA-DQA1*01:02/DQB1*06:02,15
IRNLHIPEVCLKWEL,purified MHC/competitive/fluorescence,Negative,,HLA-DQA1*01:02/DQB1*06:02,15
HIPEVCLKWELMDDD,purified MHC/competitive/fluorescence,Negative,,HLA-DQA1*01:02/DQB1*06:02,15
VCLKWELMDDDYRGR,purified MHC/competitive/fluorescence,Negative,,HLA-DQA1*01:02/DQB1*06:02,15
WELMDDDYRGRLCNP,purified MHC/competitive/fluorescence,Negative,,HLA-DQA1*01:02/DQB1*06:02,15
DDDYRGRLCNPLNPF,purified MHC/competitive/fluorescence,Negative,,HLA-DQA1*01:02/DQB1*06:02,15
CNPLNPFVSHKEIDS,purified MHC/competitive/fluorescence,Negative,,HLA-DQA1*01:02/DQB1*06:02,15
NPFVSHKEIDSVNNA,purified MHC/competitive/fluorescence,Negative,,HLA-DQA1*01:02/DQB1*06:02,15
SHKEIDSVNNAVVMP,purified MHC/competitive/fluorescence,Negative,,HLA-DQA1*01:02/DQB1*06:02,15
IDSVNNAVVMPAHGP,purified MHC/competitive/fluorescence,Negative,,HLA-DQA1*01:02/DQB1*06:02,15
NNAVVMPAHGPAKSM,purified MHC/competitive/fluorescence,Negative,,HLA-DQA1*01:02/DQB1*06:02,15
VMPAHGPAKSMEYDA,purified MHC/competitive/fluorescence,Negative,,HLA-DQA1*01:02/DQB1*06:02,15
HGPAKSMEYDAVATT,purified MHC/competitive/fluorescence,Negative,,HLA-DQA1*01:02/DQB1*06:02,15
KSMEYDAVATTHSWI,purified MHC/competitive/fluorescence,Negative,,HLA-DQA1*01:02/DQB1*06:02,15
YDAVATTHSWIPKRN,purified MHC/competitive/fluorescence,Negative,,HLA-DQA1*01:02/DQB1*06:02,15
ATTHSWIPKRNRSIL,purified MHC/competitive/fluorescence,Negative,,HLA-DQA1*01:02/DQB1*06:02,15
SWIPKRNRSILNTSQ,purified MHC/competitive/fluorescence,Negative,,HLA-DQA1*01:02/DQB1*06:02,15
KRNRSILNTSQRGIL,purified MHC/competitive/fluorescence,Negative,,HLA-DQA1*01:02/DQB1*06:02,15
SILNTSQRGILEDEQ,purified MHC/competitive/fluorescence,Negative,,HLA-DQA1*01:02/DQB1*06:02,15
TSQRGILEDEQMYQK,purified MHC/competitive/fluorescence,Negative,,HLA-DQA1*01:02/DQB1*06:02,15
GILEDEQMYQKCCNL,purified MHC/competitive/fluorescence,Negative,,HLA-DQA1*01:02/DQB1*06:02,15
DEQMYQKCCNLFEKF,purified MHC/competitive/fluorescence,Negative,,HLA-DQA1*01:02/DQB1*06:02,15
YQKCCNLFEKFFPSS,purified MHC/competitive/fluorescence,Negative,,HLA-DQA1*01:02/DQB1*06:02,15
EKFFPSSSYRRPVGI,purified MHC/competitive/fluorescence,Negative,,HLA-DQA1*01:02/DQB1*06:02,15
PSSSYRRPVGISSMV,purified MHC/competitive/fluorescence,Negative,,HLA-DQA1*01:02/DQB1*06:02,15
YRRPVGISSMVEAMV,purified MHC/competitive/fluorescence,Negative,,HLA-DQA1*01:02/DQB1*06:02,15
VGISSMVEAMVSRAR,purified MHC/competitive/fluorescence,Negative,,HLA-DQA1*01:02/DQB1*06:02,15
SMVEAMVSRARIDAR,purified MHC/competitive/fluorescence,Negative,,HLA-DQA1*01:02/DQB1*06:02,15
AMVSRARIDARVDFE,purified MHC/competitive/fluorescence,Negative,,HLA-DQA1*01:02/DQB1*06:02,15
RARIDARVDFESGRI,purified MHC/competitive/fluorescence,Negative,,HLA-DQA1*01:02/DQB1*06:02,15
DARVDFESGRIKKEE,purified MHC/competitive/fluorescence,Negative,,HLA-DQA1*01:02/DQB1*06:02,15
DFESGRIKKEEFSEI,purified MHC/competitive/fluorescence,Negative,,HLA-DQA1*01:02/DQB1*06:02,15
GRIKKEEFSEIMKIC,purified MHC/competitive/fluorescence,Negative,,HLA-DQA1*01:02/DQB1*06:02,15
KEEFSEIMKICSTIE,purified MHC/competitive/fluorescence,Negative,,HLA-DQA1*01:02/DQB1*06:02,15
SEIMKICSTIEELRR,purified MHC/competitive/fluorescence,Negative,,HLA-DQA1*01:02/DQB1*06:02,15
KICSTIEELRRQK,purified MHC/competitive/fluorescence,Negative,,HLA-DQA1*01:02/DQB1*06:02,13
MNWAAFGGSEFFIPE,purified MHC/competitive/fluorescence,Negative,,HLA-DQA1*01:02/DQB1*06:02,15
GSEFFIPEGIQID,purified MHC/competitive/fluorescence,Negative,,HLA-DQA1*01:02/DQB1*06:02,13
SEFFIPEGIQI,purified MHC/competitive/fluorescence,Negative,,HLA-DQA1*01:02/DQB1*06:02,11
IPEGIQIDSRCPLSR,purified MHC/competitive/fluorescence,Negative,,HLA-DQA1*01:02/DQB1*06:02,15
IQIDSRCPLSRNITE,purified MHC/competitive/fluorescence,Negative,,HLA-DQA1*01:02/DQB1*06:02,15
SRCPLSRNITEWYHY,purified MHC/competitive/fluorescence,Negative,,HLA-DQA1*01:02/DQB1*06:02,15
LSRNITEWYHYYGIA,purified MHC/competitive/fluorescence,Negative,,HLA-DQA1*01:02/DQB1*06:02,15
ITEWYHYYGIAVKES,purified MHC/competitive/fluorescence,Negative,,HLA-DQA1*01:02/DQB1*06:02,15
GIAVKESSQYYDVMY,purified MHC/competitive/fluorescence,Negative,,HLA-DQA1*01:02/DQB1*06:02,15
KESSQYYDVMYSKKG,purified MHC/competitive/fluorescence,Negative,,HLA-DQA1*01:02/DQB1*06:02,15
QYYDVMYSKKGAAWV,purified MHC/competitive/fluorescence,Negative,,HLA-DQA1*01:02/DQB1*06:02,15
VMYSKKGAAWVSETG,purified MHC/competitive/fluorescence,Negative,,HLA-DQA1*01:02/DQB1*06:02,15
KKGAAWVSETGKKEV,purified MHC/competitive/fluorescence,Negative,,HLA-DQA1*01:02/DQB1*06:02,15
AWVSETGKKEVSKQT,purified MHC/competitive/fluorescence,Negative,,HLA-DQA1*01:02/DQB1*06:02,15
ETGKKEVSKQTVAYS,purified MHC/competitive/fluorescence,Negative,,HLA-DQA1*01:02/DQB1*06:02,15
KEVSKQTVAYSPRSK,purified MHC/competitive/fluorescence,Negative,,HLA-DQA1*01:02/DQB1*06:02,15
KQTVAYSPRSKLGTL,purified MHC/competitive/fluorescence,Negative,,HLA-DQA1*01:02/DQB1*06:02,15
AYSPRSKLGTLLPEF,purified MHC/competitive/fluorescence,Negative,,HLA-DQA1*01:02/DQB1*06:02,15
RSKLGTLLPEFPNVK,purified MHC/competitive/fluorescence,Negative,,HLA-DQA1*01:02/DQB1*06:02,15
GTLLPEFPNVKDLNL,purified MHC/competitive/fluorescence,Negative,,HLA-DQA1*01:02/DQB1*06:02,15
LNLPASLPEEKVSTF,purified MHC/competitive/fluorescence,Negative,,HLA-DQA1*01:02/DQB1*06:02,15
STFIMMYRTHCQRIL,purified MHC/competitive/fluorescence,Negative,,HLA-DQA1*01:02/DQB1*06:02,15
MMYRTHCQRILDTVI,purified MHC/competitive/fluorescence,Negative,,HLA-DQA1*01:02/DQB1*06:02,15
TVIRANFDEVQSFLL,purified MHC/competitive/fluorescence,Negative,,HLA-DQA1*01:02/DQB1*06:02,15
ANFDEVQSFLLHFWQ,purified MHC/competitive/fluorescence,Negative,,HLA-DQA1*01:02/DQB1*06:02,15
EVQSFLLHFWQGMPP,purified MHC/competitive/fluorescence,Negative,,HLA-DQA1*01:02/DQB1*06:02,15
FLLHFWQGMPPHMLP,purified MHC/competitive/fluorescence,Negative,,HLA-DQA1*01:02/DQB1*06:02,15
FWQGMPPHMLPVLGS,purified MHC/competitive/fluorescence,Negative,,HLA-DQA1*01:02/DQB1*06:02,15
MPPHMLPVLGSSTVV,purified MHC/competitive/fluorescence,Negative,,HLA-DQA1*01:02/DQB1*06:02,15
MLPVLGSSTVVNIVG,purified MHC/competitive/fluorescence,Negative,,HLA-DQA1*01:02/DQB1*06:02,15
TVVNIVGVCDSILYK,purified MHC/competitive/fluorescence,Negative,,HLA-DQA1*01:02/DQB1*06:02,15
IVGVCDSILYKAISG,purified MHC/competitive/fluorescence,Negative,,HLA-DQA1*01:02/DQB1*06:02,15
LMPTVLQALPDSLTQ,purified MHC/competitive/fluorescence,Negative,,HLA-DQA1*01:02/DQB1*06:02,15
VLQALPDSLTQVIRK,purified MHC/competitive/fluorescence,Negative,,HLA-DQA1*01:02/DQB1*06:02,15
LPDSLTQVIRKFAKQ,purified MHC/competitive/fluorescence,Negative,,HLA-DQA1*01:02/DQB1*06:02,15
LTQVIRKFAKQLDEW,purified MHC/competitive/fluorescence,Negative,,HLA-DQA1*01:02/DQB1*06:02,15
IRKFAKQLDEWLKVA,purified MHC/competitive/fluorescence,Negative,,HLA-DQA1*01:02/DQB1*06:02,15
AKQLDEWLKVALHDL,purified MHC/competitive/fluorescence,Negative,,HLA-DQA1*01:02/DQB1*06:02,15
DEWLKVALHDLPENL,purified MHC/competitive/fluorescence,Negative,,HLA-DQA1*01:02/DQB1*06:02,15
KVALHDLPENLRNIK,purified MHC/competitive/fluorescence,Negative,,HLA-DQA1*01:02/DQB1*06:02,15
HDLPENLRNIKFELS,purified MHC/competitive/fluorescence,Negative,,HLA-DQA1*01:02/DQB1*06:02,15
ENLRNIKFELSRRFS,purified MHC/competitive/fluorescence,Negative,,HLA-DQA1*01:02/DQB1*06:02,15
NIKFELSRRFSQILR,purified MHC/competitive/fluorescence,Negative,,HLA-DQA1*01:02/DQB1*06:02,15
ELSRRFSQILRRQTS,purified MHC/competitive/fluorescence,Negative,,HLA-DQA1*01:02/DQB1*06:02,15
RFSQILRRQTSLNHL,purified MHC/competitive/fluorescence,Negative,,HLA-DQA1*01:02/DQB1*06:02,15
ILRRQTSLNHLCQAS,purified MHC/competitive/fluorescence,Negative,,HLA-DQA1*01:02/DQB1*06:02,15
QTSLNHLCQASRTVI,purified MHC/competitive/fluorescence,Negative,,HLA-DQA1*01:02/DQB1*06:02,15
NHLCQASRTVIHSAD,purified MHC/competitive/fluorescence,Negative,,HLA-DQA1*01:02/DQB1*06:02,15
TVIHSADITFQMLED,purified MHC/competitive/fluorescence,Negative,,HLA-DQA1*01:02/DQB1*06:02,15
SADITFQMLEDWRNV,purified MHC/competitive/fluorescence,Negative,,HLA-DQA1*01:02/DQB1*06:02,15
TFQMLEDWRNVDLNS,purified MHC/competitive/fluorescence,Negative,,HLA-DQA1*01:02/DQB1*06:02,15
LEDWRNVDLNSITKQ,purified MHC/competitive/fluorescence,Negative,,HLA-DQA1*01:02/DQB1*06:02,15
RNVDLNSITKQTLYT,purified MHC/competitive/fluorescence,Negative,,HLA-DQA1*01:02/DQB1*06:02,15
LNSITKQTLYTMEDS,purified MHC/competitive/fluorescence,Negative,,HLA-DQA1*01:02/DQB1*06:02,15
TKQTLYTMEDSRDEH,purified MHC/competitive/fluorescence,Negative,,HLA-DQA1*01:02/DQB1*06:02,15
LYTMEDSRDEHRKLI,purified MHC/competitive/fluorescence,Negative,,HLA-DQA1*01:02/DQB1*06:02,15
EDSRDEHRKLITQLY,purified MHC/competitive/fluorescence,Negative,,HLA-DQA1*01:02/DQB1*06:02,15
DEHRKLITQLYQEFD,purified MHC/competitive/fluorescence,Negative,,HLA-DQA1*01:02/DQB1*06:02,15
KLITQLYQEFDHLLE,purified MHC/competitive/fluorescence,Negative,,HLA-DQA1*01:02/DQB1*06:02,15
LLEEQSPIESYIEWL,purified MHC/competitive/fluorescence,Negative,,HLA-DQA1*01:02/DQB1*06:02,15
QSPIESYIEWLDTMV,purified MHC/competitive/fluorescence,Negative,,HLA-DQA1*01:02/DQB1*06:02,15
EWLDTMVDRCVVKVA,purified MHC/competitive/fluorescence,Negative,,HLA-DQA1*01:02/DQB1*06:02,15
TMVDRCVVKVAAKRQ,purified MHC/competitive/fluorescence,Negative,,HLA-DQA1*01:02/DQB1*06:02,15
RCVVKVAAKRQGSLK,purified MHC/competitive/fluorescence,Negative,,HLA-DQA1*01:02/DQB1*06:02,15
KVAAKRQGSLKKVAQ,purified MHC/competitive/fluorescence,Negative,,HLA-DQA1*01:02/DQB1*06:02,15
KRQGSLKKVAQQFLL,purified MHC/competitive/fluorescence,Negative,,HLA-DQA1*01:02/DQB1*06:02,15
VAQQFLLMWSCFGTR,purified MHC/competitive/fluorescence,Negative,,HLA-DQA1*01:02/DQB1*06:02,15
FLLMWSCFGTRVIRD,purified MHC/competitive/fluorescence,Negative,,HLA-DQA1*01:02/DQB1*06:02,15
WSCFGTRVIRDMTLH,purified MHC/competitive/fluorescence,Negative,,HLA-DQA1*01:02/DQB1*06:02,15
TLHSAPSFGSFHLIH,purified MHC/competitive/fluorescence,Negative,,HLA-DQA1*01:02/DQB1*06:02,15
GSFHLIHLMFDDYVL,purified MHC/competitive/fluorescence,Negative,,HLA-DQA1*01:02/DQB1*06:02,15
LIHLMFDDYVLYLLE,purified MHC/competitive/fluorescence,Negative,,HLA-DQA1*01:02/DQB1*06:02,15
MFDDYVLYLLESLHC,purified MHC/competitive/fluorescence,Negative,,HLA-DQA1*01:02/DQB1*06:02,15
YVLYLLESLHCQERA,purified MHC/competitive/fluorescence,Negative,,HLA-DQA1*01:02/DQB1*06:02,15
LLESLHCQERANELM,purified MHC/competitive/fluorescence,Negative,,HLA-DQA1*01:02/DQB1*06:02,15
ELMRAMKGEGSTAEV,purified MHC/competitive/fluorescence,Negative,,HLA-DQA1*01:02/DQB1*06:02,15
AMKGEGSTAEVREEI,purified MHC/competitive/fluorescence,Negative,,HLA-DQA1*01:02/DQB1*06:02,15
EGSTAEVREEIILTE,purified MHC/competitive/fluorescence,Negative,,HLA-DQA1*01:02/DQB1*06:02,15
LTEAAAPTPSPVPSF,purified MHC/competitive/fluorescence,Negative,,HLA-DQA1*01:02/DQB1*06:02,15
AAPTPSPVPSFSPAK,purified MHC/competitive/fluorescence,Negative,,HLA-DQA1*01:02/DQB1*06:02,15
PSPVPSFSPAKSATS,purified MHC/competitive/fluorescence,Negative,,HLA-DQA1*01:02/DQB1*06:02,15
PSFSPAKSATSVEVP,purified MHC/competitive/fluorescence,Negative,,HLA-DQA1*01:02/DQB1*06:02,15
PAKSATSVEVPPPSS,purified MHC/competitive/fluorescence,Negative,,HLA-DQA1*01:02/DQB1*06:02,15
ATSVEVPPPSSPVSN,purified MHC/competitive/fluorescence,Negative,,HLA-DQA1*01:02/DQB1*06:02,15
EVPPPSSPVSNPSPE,purified MHC/competitive/fluorescence,Negative,,HLA-DQA1*01:02/DQB1*06:02,15
PSSPVSNPSPEYTGL,purified MHC/competitive/fluorescence,Negative,,HLA-DQA1*01:02/DQB1*06:02,15
VSNPSPEYTGLSTTG,purified MHC/competitive/fluorescence,Negative,,HLA-DQA1*01:02/DQB1*06:02,15
SPEYTGLSTTGAMQS,purified MHC/competitive/fluorescence,Negative,,HLA-DQA1*01:02/DQB1*06:02,15
TGLSTTGAMQSYTWS,purified MHC/competitive/fluorescence,Negative,,HLA-DQA1*01:02/DQB1*06:02,15
TTGAMQSYTWSLTYT,purified MHC/competitive/fluorescence,Negative,,HLA-DQA1*01:02/DQB1*06:02,15
TYTVTTAAGSPAENS,purified MHC/competitive/fluorescence,Negative,,HLA-DQA1*01:02/DQB1*06:02,15
TTAAGSPAENSQQLP,purified MHC/competitive/fluorescence,Negative,,HLA-DQA1*01:02/DQB1*06:02,15
GSPAENSQQLPCMRN,purified MHC/competitive/fluorescence,Negative,,HLA-DQA1*01:02/DQB1*06:02,15
ENSQQLPCMRNTHVP,purified MHC/competitive/fluorescence,Negative,,HLA-DQA1*01:02/DQB1*06:02,15
QLPCMRNTHVPSSSV,purified MHC/competitive/fluorescence,Negative,,HLA-DQA1*01:02/DQB1*06:02,15
MRNTHVPSSSVTHRI,purified MHC/competitive/fluorescence,Negative,,HLA-DQA1*01:02/DQB1*06:02,15
HVPSSSVTHRIPVYP,purified MHC/competitive/fluorescence,Negative,,HLA-DQA1*01:02/DQB1*06:02,15
SSVTHRIPVYPHREE,purified MHC/competitive/fluorescence,Negative,,HLA-DQA1*01:02/DQB1*06:02,15
HRIPVYPHREEHGYT,purified MHC/competitive/fluorescence,Negative,,HLA-DQA1*01:02/DQB1*06:02,15
VYPHREEHGYTGSYN,purified MHC/competitive/fluorescence,Negative,,HLA-DQA1*01:02/DQB1*06:02,15
REEHGYTGSYNYGSY,purified MHC/competitive/fluorescence,Negative,,HLA-DQA1*01:02/DQB1*06:02,15
GYTGSYNYGSYGNQH,purified MHC/competitive/fluorescence,Negative,,HLA-DQA1*01:02/DQB1*06:02,15
SYNYGSYGNQHPHPM,purified MHC/competitive/fluorescence,Negative,,HLA-DQA1*01:02/DQB1*06:02,15
GSYGNQHPHPMQSQY,purified MHC/competitive/fluorescence,Negative,,HLA-DQA1*01:02/DQB1*06:02,15
NQHPHPMQSQYPALP,purified MHC/competitive/fluorescence,Negative,,HLA-DQA1*01:02/DQB1*06:02,15
HPMQSQYPALPHDTA,purified MHC/competitive/fluorescence,Negative,,HLA-DQA1*01:02/DQB1*06:02,15
SQYPALPHDTAISGP,purified MHC/competitive/fluorescence,Negative,,HLA-DQA1*01:02/DQB1*06:02,15
ALPHDTAISGPLHYA,purified MHC/competitive/fluorescence,Negative,,HLA-DQA1*01:02/DQB1*06:02,15
DTAISGPLHYAPYHR,purified MHC/competitive/fluorescence,Negative,,HLA-DQA1*01:02/DQB1*06:02,15
SGPLHYAPYHRSSAQ,purified MHC/competitive/fluorescence,Negative,,HLA-DQA1*01:02/DQB1*06:02,15
HYAPYHRSSAQYPFN,purified MHC/competitive/fluorescence,Negative,,HLA-DQA1*01:02/DQB1*06:02,15
YHRSSAQYPFNSPTS,purified MHC/competitive/fluorescence,Negative,,HLA-DQA1*01:02/DQB1*06:02,15
SAQYPFNSPTSRMEP,purified MHC/competitive/fluorescence,Negative,,HLA-DQA1*01:02/DQB1*06:02,15
PFNSPTSRMEPCLMS,purified MHC/competitive/fluorescence,Negative,,HLA-DQA1*01:02/DQB1*06:02,15
PTSRMEPCLMSSTPR,purified MHC/competitive/fluorescence,Negative,,HLA-DQA1*01:02/DQB1*06:02,15
MEPCLMSSTPRLHPT,purified MHC/competitive/fluorescence,Negative,,HLA-DQA1*01:02/DQB1*06:02,15
LMSSTPRLHPTPVTP,purified MHC/competitive/fluorescence,Negative,,HLA-DQA1*01:02/DQB1*06:02,15
TPRLHPTPVTPRWPE,purified MHC/competitive/fluorescence,Negative,,HLA-DQA1*01:02/DQB1*06:02,15
HPTPVTPRWPEVPSA,purified MHC/competitive/fluorescence,Negative,,HLA-DQA1*01:02/DQB1*06:02,15
VTPRWPEVPSANTCY,purified MHC/competitive/fluorescence,Negative,,HLA-DQA1*01:02/DQB1*06:02,15
WPEVPSANTCYTSPS,purified MHC/competitive/fluorescence,Negative,,HLA-DQA1*01:02/DQB1*06:02,15
PSANTCYTSPSVHSA,purified MHC/competitive/fluorescence,Negative,,HLA-DQA1*01:02/DQB1*06:02,15
TCYTSPSVHSARYGN,purified MHC/competitive/fluorescence,Negative,,HLA-DQA1*01:02/DQB1*06:02,15
SPSVHSARYGNSSDM,purified MHC/competitive/fluorescence,Negative,,HLA-DQA1*01:02/DQB1*06:02,15
HSARYGNSSDMYTPL,purified MHC/competitive/fluorescence,Negative,,HLA-DQA1*01:02/DQB1*06:02,15
YGNSSDMYTPLTTRR,purified MHC/competitive/fluorescence,Negative,,HLA-DQA1*01:02/DQB1*06:02,15
SDMYTPLTTRRNSEY,purified MHC/competitive/fluorescence,Negative,,HLA-DQA1*01:02/DQB1*06:02,15
TPLTTRRNSEYEHMQ,purified MHC/competitive/fluorescence,Negative,,HLA-DQA1*01:02/DQB1*06:02,15
TRRNSEYEHMQHFPG,purified MHC/competitive/fluorescence,Negative,,HLA-DQA1*01:02/DQB1*06:02,15
SEYEHMQHFPGFAYI,purified MHC/competitive/fluorescence,Negative,,HLA-DQA1*01:02/DQB1*06:02,15
HMQHFPGFAYINGEA,purified MHC/competitive/fluorescence,Negative,,HLA-DQA1*01:02/DQB1*06:02,15
FPGFAYINGEASTGW,purified MHC/competitive/fluorescence,Negative,,HLA-DQA1*01:02/DQB1*06:02,15
MHCGLLEEPDMDSTE,purified MHC/competitive/fluorescence,Negative,,HLA-DQA1*01:02/DQB1*06:02,15
LLEEPDMDSTESWIE,purified MHC/competitive/fluorescence,Negative,,HLA-DQA1*01:02/DQB1*06:02,15
PDMDSTESWIERCLN,purified MHC/competitive/fluorescence,Negative,,HLA-DQA1*01:02/DQB1*06:02,15
STESWIERCLNESEN,purified MHC/competitive/fluorescence,Negative,,HLA-DQA1*01:02/DQB1*06:02,15
WIERCLNESENKRYS,purified MHC/competitive/fluorescence,Negative,,HLA-DQA1*01:02/DQB1*06:02,15
CLNESENKRYSSHTS,purified MHC/competitive/fluorescence,Negative,,HLA-DQA1*01:02/DQB1*06:02,15
SENKRYSSHTSLGNV,purified MHC/competitive/fluorescence,Negative,,HLA-DQA1*01:02/DQB1*06:02,15
RYSSHTSLGNVSNDE,purified MHC/competitive/fluorescence,Negative,,HLA-DQA1*01:02/DQB1*06:02,15
HTSLGNVSNDENEEK,purified MHC/competitive/fluorescence,Negative,,HLA-DQA1*01:02/DQB1*06:02,15
GNVSNDENEEKENNR,purified MHC/competitive/fluorescence,Negative,,HLA-DQA1*01:02/DQB1*06:02,15
NDENEEKENNRASKP,purified MHC/competitive/fluorescence,Negative,,HLA-DQA1*01:02/DQB1*06:02,15
EEKENNRASKPHSTP,purified MHC/competitive/fluorescence,Negative,,HLA-DQA1*01:02/DQB1*06:02,15
NNRASKPHSTPATLQ,purified MHC/competitive/fluorescence,Negative,,HLA-DQA1*01:02/DQB1*06:02,15
TLQWLEENYEIAEGV,purified MHC/competitive/fluorescence,Negative,,HLA-DQA1*01:02/DQB1*06:02,15
LEENYEIAEGVCIPR,purified MHC/competitive/fluorescence,Negative,,HLA-DQA1*01:02/DQB1*06:02,15
EGVCIPRSALYMHYL,purified MHC/competitive/fluorescence,Negative,,HLA-DQA1*01:02/DQB1*06:02,15
IPRSALYMHYLDFCE,purified MHC/competitive/fluorescence,Negative,,HLA-DQA1*01:02/DQB1*06:02,15
ALYMHYLDFCEKNDT,purified MHC/competitive/fluorescence,Negative,,HLA-DQA1*01:02/DQB1*06:02,15
HYLDFCEKNDTQPVN,purified MHC/competitive/fluorescence,Negative,,HLA-DQA1*01:02/DQB1*06:02,15
FCEKNDTQPVNAASF,purified MHC/competitive/fluorescence,Negative,,HLA-DQA1*01:02/DQB1*06:02,15
NDTQPVNAASFGKII,purified MHC/competitive/fluorescence,Negative,,HLA-DQA1*01:02/DQB1*06:02,15
PVNAASFGKIIRQQF,purified MHC/competitive/fluorescence,Negative,,HLA-DQA1*01:02/DQB1*06:02,15
ASFGKIIRQQFPQLT,purified MHC/competitive/fluorescence,Negative,,HLA-DQA1*01:02/DQB1*06:02,15
KIIRQQFPQLTTRRL,purified MHC/competitive/fluorescence,Negative,,HLA-DQA1*01:02/DQB1*06:02,15
QQFPQLTTRRLGTRG,purified MHC/competitive/fluorescence,Negative,,HLA-DQA1*01:02/DQB1*06:02,15
QLTTRRLGTRGQSKY,purified MHC/competitive/fluorescence,Negative,,HLA-DQA1*01:02/DQB1*06:02,15
RRLGTRGQSKYHYYG,purified MHC/competitive/fluorescence,Negative,,HLA-DQA1*01:02/DQB1*06:02,15
TRGQSKYHYYGIAVK,purified MHC/competitive/fluorescence,Negative,,HLA-DQA1*01:02/DQB1*06:02,15
MIKRRAHPGAGGDRT,purified MHC/competitive/fluorescence,Negative,,HLA-DQA1*01:02/DQB1*06:02,15
RAHPGAGGDRTRPRR,purified MHC/competitive/fluorescence,Negative,,HLA-DQA1*01:02/DQB1*06:02,15
GAGGDRTRPRRRRST,purified MHC/competitive/fluorescence,Negative,,HLA-DQA1*01:02/DQB1*06:02,15
DRTRPRRRRSTESWI,purified MHC/competitive/fluorescence,Negative,,HLA-DQA1*01:02/DQB1*06:02,15
PRRRRSTESWIERCL,purified MHC/competitive/fluorescence,Negative,,HLA-DQA1*01:02/DQB1*06:02,15
RSTESWIERCLNESE,purified MHC/competitive/fluorescence,Negative,,HLA-DQA1*01:02/DQB1*06:02,15
SWIERCLNESENKRY,purified MHC/competitive/fluorescence,Negative,,HLA-DQA1*01:02/DQB1*06:02,15
GLSTTGNGKSFKNFG,purified MHC/competitive/fluorescence,Negative,,HLA-DQA1*01:02/DQB1*06:02,15
TGNGKSFKNFG,purified MHC/competitive/fluorescence,Negative,,HLA-DQA1*01:02/DQB1*06:02,11
NGKSFKNFG,purified MHC/competitive/fluorescence,Negative,,HLA-DQA1*01:02/DQB1*06:02,9
SPEYTGLSTTGAMQA,purified MHC/competitive/fluorescence,Negative,,HLA-DQA1*01:02/DQB1*06:02,15
TTGAMQAYTWSLTYT,purified MHC/competitive/fluorescence,Negative,,HLA-DQA1*01:02/DQB1*06:02,15
MQAYTWSLTYTVTTA,purified MHC/competitive/fluorescence,Negative,,HLA-DQA1*01:02/DQB1*06:02,15
WPEVPSANTCYTNPS,purified MHC/competitive/fluorescence,Negative,,HLA-DQA1*01:02/DQB1*06:02,15
PSANTCYTNPSVHSA,purified MHC/competitive/fluorescence,Negative,,HLA-DQA1*01:02/DQB1*06:02,15
TCYTNPSVHSARYGN,purified MHC/competitive/fluorescence,Negative,,HLA-DQA1*01:02/DQB1*06:02,15
NPSVHSARYGNSSDM,purified MHC/competitive/fluorescence,Negative,,HLA-DQA1*01:02/DQB1*06:02,15
MQSYTWSLTYTVTTA,purified MHC/competitive/fluorescence,Negative,,HLA-DQA1*01:02/DQB1*06:02,15
STKVSWAAVTLLLLL,purified MHC/competitive/fluorescence,Negative,,HLA-DQA1*01:02/DQB1*06:02,15
SWAAVTLLLLLLLLP,purified MHC/competitive/fluorescence,Negative,,HLA-DQA1*01:02/DQB1*06:02,15
VTLLLLLLLLPPALL,purified MHC/competitive/fluorescence,Negative,,HLA-DQA1*01:02/DQB1*06:02,15
LLLLLLPPALLSSGA,purified MHC/competitive/fluorescence,Negative,,HLA-DQA1*01:02/DQB1*06:02,15
LLPPALLSSGAAAQP,purified MHC/competitive/fluorescence,Negative,,HLA-DQA1*01:02/DQB1*06:02,15
SGAAAQPLPDCCRQK,purified MHC/competitive/fluorescence,Negative,,HLA-DQA1*01:02/DQB1*06:02,15
AQPLPDCCRQKTCSC,purified MHC/competitive/fluorescence,Negative,,HLA-DQA1*01:02/DQB1*06:02,15
PDCCRQKTCSCRLYE,purified MHC/competitive/fluorescence,Negative,,HLA-DQA1*01:02/DQB1*06:02,15
RQKTCSCRLYELLHG,purified MHC/competitive/fluorescence,Negative,,HLA-DQA1*01:02/DQB1*06:02,15
CSCRLYELLHGAGNH,purified MHC/competitive/fluorescence,Negative,,HLA-DQA1*01:02/DQB1*06:02,15
AGILTLGKRRSGPPG,purified MHC/competitive/fluorescence,Negative,,HLA-DQA1*01:02/DQB1*06:02,15
TLGKRRSGPPGLQGR,purified MHC/competitive/fluorescence,Negative,,HLA-DQA1*01:02/DQB1*06:02,15
RRSGPPGLQGRLQRL,purified MHC/competitive/fluorescence,Negative,,HLA-DQA1*01:02/DQB1*06:02,15
PPGLQGRLQRLLQAS,purified MHC/competitive/fluorescence,Negative,,HLA-DQA1*01:02/DQB1*06:02,15
QGRLQRLLQASGNHA,purified MHC/competitive/fluorescence,Negative,,HLA-DQA1*01:02/DQB1*06:02,15
GILTMGRRAGAEPAP,purified MHC/competitive/fluorescence,Negative,,HLA-DQA1*01:02/DQB1*06:02,15
MGRRAGAEPAPRPCL,purified MHC/competitive/fluorescence,Negative,,HLA-DQA1*01:02/DQB1*06:02,15
AGAEPAPRPCLGRRC,purified MHC/competitive/fluorescence,Negative,,HLA-DQA1*01:02/DQB1*06:02,15
PAPRPCLGRRCSAPA,purified MHC/competitive/fluorescence,Negative,,HLA-DQA1*01:02/DQB1*06:02,15
PCLGRRCSAPAAASV,purified MHC/competitive/fluorescence,Negative,,HLA-DQA1*01:02/DQB1*06:02,15
APAAASVAPGGQSGI,purified MHC/competitive/fluorescence,Negative,,HLA-DQA1*01:02/DQB1*06:02,15
EPLPDCCRQKTCSCR,purified MHC/competitive/fluorescence,Negative,,HLA-DQA1*01:02/DQB1*06:02,15
DCCRQKTCSCRLYEL,purified MHC/competitive/fluorescence,Negative,,HLA-DQA1*01:02/DQB1*06:02,15
NPGGVVNVGADIK,purified MHC/direct/fluorescence,Negative,,HLA-DQA1*03:01/DQB1*03:02,13
AQTGLQILQTGVGQREEAAAVLPQ,purified MHC/direct/fluorescence,Negative,,HLA-DQA1*03:01/DQB1*03:02,24
VALAGVAGLLVA,purified MHC/direct/fluorescence,Negative,,HLA-DQA1*03:01/DQB1*03:02,12
HMSSGSFINISVVG,purified MHC/direct/fluorescence,Negative,,HLA-DQA1*03:01/DQB1*03:02,14
LALWGPDPA,purified MHC/direct/fluorescence,Negative,,HLA-DQA1*03:01/DQB1*03:02,9
AARKAACACDQKP,purified MHC/direct/fluorescence,Negative,,HLA-DQA1*05:01/DQB1*02:01,13
AARKAACACDQKP,purified MHC/direct/fluorescence,Negative,,HLA-DQA1*03:01/DQB1*03:02,13
AARKAACACDQKP,purified MHC/direct/fluorescence,Negative,,HLA-DQA1*03:01/DQB1*02:01,13
AARKAACACDQKP,purified MHC/direct/fluorescence,Negative,,HLA-DQA1*05:01/DQB1*03:02,13
AEEYGYIVTDQKP,purified MHC/direct/fluorescence,Negative,,HLA-DQA1*05:01/DQB1*02:01,13
AEEYGYIVTDQKP,purified MHC/direct/fluorescence,Negative,,HLA-DQA1*03:01/DQB1*03:02,13
AEEYGYIVTDQKP,purified MHC/direct/fluorescence,Negative,,HLA-DQA1*03:01/DQB1*02:01,13
AEEYGYIVTDQKP,purified MHC/direct/fluorescence,Negative,,HLA-DQA1*05:01/DQB1*03:02,13
AGLVKSELEAQTG,purified MHC/direct/fluorescence,Negative,,HLA-DQA1*05:01/DQB1*02:01,13
AGLVKSELEAQTG,purified MHC/direct/fluorescence,Negative,,HLA-DQA1*03:01/DQB1*02:01,13
AGLVKSELEAQTG,purified MHC/direct/fluorescence,Negative,,HLA-DQA1*05:01/DQB1*03:02,13
ANIVLTVVLHQRC,purified MHC/direct/fluorescence,Negative,,HLA-DQA1*05:01/DQB1*02:01,13
ANIVLTVVLHQRC,purified MHC/direct/fluorescence,Negative,,HLA-DQA1*05:01/DQB1*03:02,13
APPGEGSLEPQYL,purified MHC/direct/fluorescence,Negative,,HLA-DQA1*05:01/DQB1*02:01,13
APPGEGSLEPQYL,purified MHC/direct/fluorescence,Negative,,HLA-DQA1*03:01/DQB1*03:02,13
APPGEGSLEPQYL,purified MHC/direct/fluorescence,Negative,,HLA-DQA1*03:01/DQB1*02:01,13
APPGEGSLEPQYL,purified MHC/direct/fluorescence,Negative,,HLA-DQA1*05:01/DQB1*03:02,13
CIQDGLFGQCQVG,purified MHC/direct/fluorescence,Negative,,HLA-DQA1*05:01/DQB1*02:01,13
CIQDGLFGQCQVG,purified MHC/direct/fluorescence,Negative,,HLA-DQA1*03:01/DQB1*02:01,13
CIQDGLFGQCQVG,purified MHC/direct/fluorescence,Negative,,HLA-DQA1*05:01/DQB1*03:02,13
DGERPTLAFLQDV,purified MHC/direct/fluorescence,Negative,,HLA-DQA1*05:01/DQB1*02:01,13
DGERPTLAFLQDV,purified MHC/direct/fluorescence,Negative,,HLA-DQA1*03:01/DQB1*02:01,13
DGERPTLAFLQDV,purified MHC/direct/fluorescence,Negative,,HLA-DQA1*05:01/DQB1*03:02,13
DIPTGSAPAAQHR,purified MHC/direct/fluorescence,Negative,,HLA-DQA1*05:01/DQB1*02:01,13
DIPTGSAPAAQHR,purified MHC/direct/fluorescence,Negative,,HLA-DQA1*03:01/DQB1*03:02,13
DIPTGSAPAAQHR,purified MHC/direct/fluorescence,Negative,,HLA-DQA1*03:01/DQB1*02:01,13
DIPTGSAPAAQHR,purified MHC/direct/fluorescence,Negative,,HLA-DQA1*05:01/DQB1*03:02,13
DLERRILEAKQKG,purified MHC/direct/fluorescence,Negative,,HLA-DQA1*05:01/DQB1*02:01,13
DLERRILEAKQKG,purified MHC/direct/fluorescence,Negative,,HLA-DQA1*03:01/DQB1*03:02,13
DLERRILEAKQKG,purified MHC/direct/fluorescence,Negative,,HLA-DQA1*03:01/DQB1*02:01,13
DLERRILEAKQKG,purified MHC/direct/fluorescence,Negative,,HLA-DQA1*05:01/DQB1*03:02,13
DPRMPAYIATQGP,purified MHC/direct/fluorescence,Negative,,HLA-DQA1*05:01/DQB1*02:01,13
DPRMPAYIATQGP,purified MHC/direct/fluorescence,Negative,,HLA-DQA1*03:01/DQB1*03:02,13
DPRMPAYIATQGP,purified MHC/direct/fluorescence,Negative,,HLA-DQA1*03:01/DQB1*02:01,13
DPRMPAYIATQGP,purified MHC/direct/fluorescence,Negative,,HLA-DQA1*05:01/DQB1*03:02,13
DPRNPAYIATQGP,purified MHC/direct/fluorescence,Negative,,HLA-DQA1*05:01/DQB1*02:01,13
DPRNPAYIATQGP,purified MHC/direct/fluorescence,Negative,,HLA-DQA1*03:01/DQB1*03:02,13
DPRNPAYIATQGP,purified MHC/direct/fluorescence,Negative,,HLA-DQA1*03:01/DQB1*02:01,13
DPRNPAYIATQGP,purified MHC/direct/fluorescence,Negative,,HLA-DQA1*05:01/DQB1*03:02,13
EPGAAAFGELQNQ,purified MHC/direct/fluorescence,Negative,,HLA-DQA1*05:01/DQB1*02:01,13
EPGAAAFGELQNQ,purified MHC/direct/fluorescence,Negative,,HLA-DQA1*03:01/DQB1*02:01,13
EPGAAAFGELQNQ,purified MHC/direct/fluorescence,Negative,,HLA-DQA1*05:01/DQB1*03:02,13
ERLLYPDYQIQAT,purified MHC/direct/fluorescence,Negative,,HLA-DQA1*05:01/DQB1*02:01,13
ERLLYPDYQIQAT,purified MHC/direct/fluorescence,Negative,,HLA-DQA1*03:01/DQB1*03:02,13
ERLLYPDYQIQAT,purified MHC/direct/fluorescence,Negative,,HLA-DQA1*03:01/DQB1*02:01,13
ERLLYPDYQIQAT,purified MHC/direct/fluorescence,Negative,,HLA-DQA1*05:01/DQB1*03:02,13
GAHGDTTFEYQDL,purified MHC/direct/fluorescence,Negative,,HLA-DQA1*05:01/DQB1*02:01,13
GAHGDTTFEYQDL,purified MHC/direct/fluorescence,Negative,,HLA-DQA1*03:01/DQB1*03:02,13
GAHGDTTFEYQDL,purified MHC/direct/fluorescence,Negative,,HLA-DQA1*03:01/DQB1*02:01,13
GAHGDTTFEYQDL,purified MHC/direct/fluorescence,Negative,,HLA-DQA1*05:01/DQB1*03:02,13
HRPYWWVQETQIY,purified MHC/direct/fluorescence,Negative,,HLA-DQA1*05:01/DQB1*02:01,13
HRPYWWVQETQIY,purified MHC/direct/fluorescence,Negative,,HLA-DQA1*03:01/DQB1*03:02,13
HRPYWWVQETQIY,purified MHC/direct/fluorescence,Negative,,HLA-DQA1*03:01/DQB1*02:01,13
HRPYWWVQETQIY,purified MHC/direct/fluorescence,Negative,,HLA-DQA1*05:01/DQB1*03:02,13
KEEQSLPAGAQEA,purified MHC/direct/fluorescence,Negative,,HLA-DQA1*05:01/DQB1*02:01,13
KEEQSLPAGAQEA,purified MHC/direct/fluorescence,Negative,,HLA-DQA1*03:01/DQB1*03:02,13
KEEQSLPAGAQEA,purified MHC/direct/fluorescence,Negative,,HLA-DQA1*03:01/DQB1*02:01,13
KEEQSLPAGAQEA,purified MHC/direct/fluorescence,Negative,,HLA-DQA1*05:01/DQB1*03:02,13
LDLSKAIVLYQKR,purified MHC/direct/fluorescence,Negative,,HLA-DQA1*05:01/DQB1*02:01,13
LDLSKAIVLYQKR,purified MHC/direct/fluorescence,Negative,,HLA-DQA1*03:01/DQB1*03:02,13
LDLSKAIVLYQKR,purified MHC/direct/fluorescence,Negative,,HLA-DQA1*03:01/DQB1*02:01,13
LDLSKAIVLYQKR,purified MHC/direct/fluorescence,Negative,,HLA-DQA1*05:01/DQB1*03:02,13
NLLSHMLATYQTT,purified MHC/direct/fluorescence,Negative,,HLA-DQA1*05:01/DQB1*02:01,13
NLLSHMLATYQTT,purified MHC/direct/fluorescence,Negative,,HLA-DQA1*03:01/DQB1*03:02,13
NLLSHMLATYQTT,purified MHC/direct/fluorescence,Negative,,HLA-DQA1*03:01/DQB1*02:01,13
NLLSHMLATYQTT,purified MHC/direct/fluorescence,Negative,,HLA-DQA1*05:01/DQB1*03:02,13
NQQESTDAAVQEP,purified MHC/direct/fluorescence,Negative,,HLA-DQA1*05:01/DQB1*02:01,13
PLLQVTSPVLQRL,purified MHC/direct/fluorescence,Negative,,HLA-DQA1*05:01/DQB1*02:01,13
PLLQVTSPVLQRL,purified MHC/direct/fluorescence,Negative,,HLA-DQA1*03:01/DQB1*03:02,13
PLLQVTSPVLQRL,purified MHC/direct/fluorescence,Negative,,HLA-DQA1*03:01/DQB1*02:01,13
PLLQVTSPVLQRL,purified MHC/direct/fluorescence,Negative,,HLA-DQA1*05:01/DQB1*03:02,13
PTASPTSSEVQQV,purified MHC/direct/fluorescence,Negative,,HLA-DQA1*05:01/DQB1*02:01,13
PTASPTSSEVQQV,purified MHC/direct/fluorescence,Negative,,HLA-DQA1*03:01/DQB1*03:02,13
PTASPTSSEVQQV,purified MHC/direct/fluorescence,Negative,,HLA-DQA1*03:01/DQB1*02:01,13
PTASPTSSEVQQV,purified MHC/direct/fluorescence,Negative,,HLA-DQA1*05:01/DQB1*03:02,13
QKLSGTGFTWQDD,purified MHC/direct/fluorescence,Negative,,HLA-DQA1*05:01/DQB1*02:01,13
QKLSGTGFTWQDD,purified MHC/direct/fluorescence,Negative,,HLA-DQA1*03:01/DQB1*03:02,13
QKLSGTGFTWQDD,purified MHC/direct/fluorescence,Negative,,HLA-DQA1*03:01/DQB1*02:01,13
QKLSGTGFTWQDD,purified MHC/direct/fluorescence,Negative,,HLA-DQA1*05:01/DQB1*03:02,13
QMEKFRKVQTQVR,purified MHC/direct/fluorescence,Negative,,HLA-DQA1*05:01/DQB1*02:01,13
QMEKFRKVQTQVR,purified MHC/direct/fluorescence,Negative,,HLA-DQA1*03:01/DQB1*03:02,13
QMEKFRKVQTQVR,purified MHC/direct/fluorescence,Negative,,HLA-DQA1*03:01/DQB1*02:01,13
QMEKFRKVQTQVR,purified MHC/direct/fluorescence,Negative,,HLA-DQA1*05:01/DQB1*03:02,13
QNLSLADVTQQAG,purified MHC/direct/fluorescence,Negative,,HLA-DQA1*05:01/DQB1*02:01,13
QNLSLADVTQQAG,purified MHC/direct/fluorescence,Negative,,HLA-DQA1*03:01/DQB1*03:02,13
QNLSLADVTQQAG,purified MHC/direct/fluorescence,Negative,,HLA-DQA1*03:01/DQB1*02:01,13
QNLSLADVTQQAG,purified MHC/direct/fluorescence,Negative,,HLA-DQA1*05:01/DQB1*03:02,13
QNMKDLQASLQEP,purified MHC/direct/fluorescence,Negative,,HLA-DQA1*05:01/DQB1*02:01,13
QNMKDLQASLQEP,purified MHC/direct/fluorescence,Negative,,HLA-DQA1*03:01/DQB1*03:02,13
QNMKDLQASLQEP,purified MHC/direct/fluorescence,Negative,,HLA-DQA1*03:01/DQB1*02:01,13
RHLPFLEALSQAP,purified MHC/direct/fluorescence,Negative,,HLA-DQA1*05:01/DQB1*02:01,13
RHLPFLEALSQAP,purified MHC/direct/fluorescence,Negative,,HLA-DQA1*03:01/DQB1*03:02,13
RHLPFLEALSQAP,purified MHC/direct/fluorescence,Negative,,HLA-DQA1*03:01/DQB1*02:01,13
RHLPFLEALSQAP,purified MHC/direct/fluorescence,Negative,,HLA-DQA1*05:01/DQB1*03:02,13
SPAVQPDAALQRL,purified MHC/direct/fluorescence,Negative,,HLA-DQA1*05:01/DQB1*02:01,13
SPAVQPDAALQRL,purified MHC/direct/fluorescence,Negative,,HLA-DQA1*03:01/DQB1*03:02,13
SPAVQPDAALQRL,purified MHC/direct/fluorescence,Negative,,HLA-DQA1*03:01/DQB1*02:01,13
SPAVQPDAALQRL,purified MHC/direct/fluorescence,Negative,,HLA-DQA1*05:01/DQB1*03:02,13
EAEDLQVGQ,purified MHC/direct/fluorescence,Negative,,HLA-DQA1*05:01/DQB1*02:01,9
EAEDLQVGQ,purified MHC/direct/fluorescence,Negative,,HLA-DQA1*03:01/DQB1*03:02,9
EAEDLQVGQ,purified MHC/direct/fluorescence,Negative,,HLA-DQA1*03:01/DQB1*02:01,9
CARQERFWSGPLFDYW,purified MHC/direct/fluorescence,Negative,,HLA-DQB1*03:02,16
DQERSLMFMQWGQLL,purified MHC/competitive/radioactivity,Negative,7050.0,HLA-DQA1*05:01/DQB1*02:01,15
PILRGLMATPAKLNR,purified MHC/competitive/radioactivity,Negative,2550.0,HLA-DQA1*05:01/DQB1*02:01,15
MPELTSMHTLLLREH,purified MHC/competitive/radioactivity,Negative,1210.0,HLA-DQA1*05:01/DQB1*02:01,15
GEKLYQEARKIVGAM,purified MHC/competitive/radioactivity,Negative,56400.0,HLA-DQA1*05:01/DQB1*02:01,15
KPPTADLFTGKLPNGYNPP,purified MHC/competitive/radioactivity,Negative,13825.0,HLA-DQA1*05:01/DQB1*02:01,19
KPPTADLKTGVLPNGYNPP,purified MHC/competitive/radioactivity,Negative,14027.0,HLA-DQA1*05:01/DQB1*02:01,19
LPGRENKSSVDANGIQ,purified MHC/competitive/radioactivity,Negative,41800.0,HLA-DQA1*05:01/DQB1*02:01,16
LPGRENYSSKDANGIQ,purified MHC/competitive/radioactivity,Negative,58935.0,HLA-DQA1*05:01/DQB1*02:01,16
LPGRENYSSVDKNGIQ,purified MHC/competitive/radioactivity,Negative,20661.0,HLA-DQA1*05:01/DQB1*02:01,16
YQSYGKSGQYTHEFD,purified MHC/competitive/radioactivity,Negative,18403.0,HLA-DQA1*05:01/DQB1*02:01,15
YQSYGPSGKYTHEFD,purified MHC/competitive/radioactivity,Negative,10540.0,HLA-DQA1*05:01/DQB1*02:01,15
YQSYGPSGQYKHEFD,purified MHC/competitive/radioactivity,Negative,21011.0,HLA-DQA1*05:01/DQB1*02:01,15
YQSYGPSGQYTHEKD,purified MHC/competitive/radioactivity,Negative,52196.0,HLA-DQA1*05:01/DQB1*02:01,15
YQSYGPSKQYTHEFD,purified MHC/competitive/radioactivity,Negative,9526.0,HLA-DQA1*05:01/DQB1*02:01,15
GSHLVEALYLVCGER,purified MHC/competitive/fluorescence,Negative,70000.0,HLA-DQA1*05:01/DQB1*02:01,15
ALYLVCGERGFFYTP,purified MHC/competitive/fluorescence,Negative,70000.0,HLA-DQA1*05:01/DQB1*02:01,15
LVCGERGFFYTPKTR,purified MHC/competitive/fluorescence,Negative,70000.0,HLA-DQA1*05:01/DQB1*02:01,15
LVCGERGFFYTPKTR,purified MHC/competitive/fluorescence,Negative,104390.0,HLA-DQA1*03:01/DQB1*03:02,15
GERGFFYTPKTRREA,purified MHC/competitive/fluorescence,Negative,70000.0,HLA-DQA1*05:01/DQB1*02:01,15
GERGFFYTPKTRREA,purified MHC/competitive/fluorescence,Negative,104390.0,HLA-DQA1*03:01/DQB1*03:02,15
GQVELGGGPGAGSLQ,purified MHC/competitive/fluorescence,Negative,70000.0,HLA-DQA1*05:01/DQB1*02:01,15
GQVELGGGPGAGSLQ,purified MHC/competitive/fluorescence,Negative,104390.0,HLA-DQA1*03:01/DQB1*03:02,15
ELGGGPGAGSLQPLA,purified MHC/competitive/fluorescence,Negative,70000.0,HLA-DQA1*05:01/DQB1*02:01,15
ELGGGPGAGSLQPLA,purified MHC/competitive/fluorescence,Negative,104390.0,HLA-DQA1*03:01/DQB1*03:02,15
GGPGAGSLQPLALEG,purified MHC/competitive/fluorescence,Negative,70000.0,HLA-DQA1*05:01/DQB1*02:01,15
GGPGAGSLQPLALEG,purified MHC/competitive/fluorescence,Negative,104390.0,HLA-DQA1*03:01/DQB1*03:02,15
SLQPLALEGSLQKRG,purified MHC/competitive/fluorescence,Negative,70000.0,HLA-DQA1*05:01/DQB1*02:01,15
SLQPLALEGSLQKRG,purified MHC/competitive/fluorescence,Negative,104390.0,HLA-DQA1*03:01/DQB1*03:02,15
PLALEGSLQKRGIVE,purified MHC/competitive/fluorescence,Negative,70000.0,HLA-DQA1*05:01/DQB1*02:01,15
PLALEGSLQKRGIVE,purified MHC/competitive/fluorescence,Negative,104390.0,HLA-DQA1*03:01/DQB1*03:02,15
MNRRPNLTIITLED,purified MHC/competitive/fluorescence,Negative,10000.0,HLA-DQA1*03:01/DQB1*03:01,14
NSFEERVCACPGRD,purified MHC/competitive/fluorescence,Negative,10000.0,HLA-DQA1*03:01/DQB1*03:01,14
MNRRPILTIITLED,purified MHC/competitive/fluorescence,Negative,10000.0,HLA-DQA1*03:01/DQB1*03:01,14
NSFEVRVCACPGRD,purified MHC/competitive/fluorescence,Negative,10000.0,HLA-DQA1*03:01/DQB1*03:01,14
TAALGCLVKDYFPEP,purified MHC/competitive/radioactivity,Negative,1018.0,HLA-DQB1*02:01,15
TAALGCLVKDYFPEP,purified MHC/competitive/radioactivity,Negative,4332.0,HLA-DQB1*03:01,15
TAALGCLVKDYFPEP,purified MHC/competitive/radioactivity,Negative,21862.0,HLA-DQB1*03:02,15
TAALGCLVKDYFPEP,purified MHC/competitive/radioactivity,Negative,30000.0,HLA-DQB1*04:02,15
TAALGCLVKDYFPEP,purified MHC/competitive/radioactivity,Negative,1402.0,HLA-DQB1*05:01,15
TAALGCLVKDYFPEP,purified MHC/competitive/radioactivity,Negative,6183.0,HLA-DQB1*06:02,15
CLVKDYFPEPVTVSW,purified MHC/competitive/radioactivity,Negative,1194.0,HLA-DQB1*02:01,15
CLVKDYFPEPVTVSW,purified MHC/competitive/radioactivity,Negative,17072.0,HLA-DQB1*03:01,15
CLVKDYFPEPVTVSW,purified MHC/competitive/radioactivity,Negative,12826.0,HLA-DQB1*03:02,15
CLVKDYFPEPVTVSW,purified MHC/competitive/radioactivity,Negative,11327.0,HLA-DQB1*04:02,15
CLVKDYFPEPVTVSW,purified MHC/competitive/radioactivity,Negative,8068.0,HLA-DQB1*06:02,15
TFPAVLQSSGLYSLS,purified MHC/competitive/radioactivity,Negative,6161.0,HLA-DQB1*02:01,15
TFPAVLQSSGLYSLS,purified MHC/competitive/radioactivity,Negative,30000.0,HLA-DQB1*03:02,15
TFPAVLQSSGLYSLS,purified MHC/competitive/radioactivity,Negative,14045.0,HLA-DQB1*04:02,15
TFPAVLQSSGLYSLS,purified MHC/competitive/radioactivity,Negative,6649.0,HLA-DQB1*05:01,15
LQSSGLYSLSSVVTV,purified MHC/competitive/radioactivity,Negative,30000.0,HLA-DQB1*04:02,15
LQSSGLYSLSSVVTV,purified MHC/competitive/radioactivity,Negative,7025.0,HLA-DQB1*05:01,15
LQSSGLYSLSSVVTV,purified MHC/competitive/radioactivity,Negative,1072.0,HLA-DQB1*06:02,15
LYSLSSVVTVPSSSL,purified MHC/competitive/radioactivity,Negative,2611.0,HLA-DQB1*02:01,15
LYSLSSVVTVPSSSL,purified MHC/competitive/radioactivity,Negative,1558.0,HLA-DQB1*03:02,15
LYSLSSVVTVPSSSL,purified MHC/competitive/radioactivity,Negative,30000.0,HLA-DQB1*04:02,15
LYSLSSVVTVPSSSL,purified MHC/competitive/radioactivity,Negative,30000.0,HLA-DQB1*05:01,15
SVVTVPSSSLGTQTY,purified MHC/competitive/radioactivity,Negative,12759.0,HLA-DQB1*02:01,15
SVVTVPSSSLGTQTY,purified MHC/competitive/radioactivity,Negative,20632.0,HLA-DQB1*03:02,15
SVVTVPSSSLGTQTY,purified MHC/competitive/radioactivity,Negative,30000.0,HLA-DQB1*04:02,15
SVVTVPSSSLGTQTY,purified MHC/competitive/radioactivity,Negative,30000.0,HLA-DQB1*05:01,15
SVVTVPSSSLGTQTY,purified MHC/competitive/radioactivity,Negative,1453.0,HLA-DQB1*06:02,15
SVFLFPPKPKDTLMI,purified MHC/competitive/radioactivity,Negative,30000.0,HLA-DQB1*02:01,15
SVFLFPPKPKDTLMI,purified MHC/competitive/radioactivity,Negative,10873.0,HLA-DQB1*03:01,15
SVFLFPPKPKDTLMI,purified MHC/competitive/radioactivity,Negative,30000.0,HLA-DQB1*03:02,15
SVFLFPPKPKDTLMI,purified MHC/competitive/radioactivity,Negative,30000.0,HLA-DQB1*04:02,15
SVFLFPPKPKDTLMI,purified MHC/competitive/radioactivity,Negative,30000.0,HLA-DQB1*05:01,15
SVFLFPPKPKDTLMI,purified MHC/competitive/radioactivity,Negative,4429.0,HLA-DQB1*06:02,15
PPKPKDTLMISRTPE,purified MHC/competitive/radioactivity,Negative,30000.0,HLA-DQB1*02:01,15
PPKPKDTLMISRTPE,purified MHC/competitive/radioactivity,Negative,3115.0,HLA-DQB1*03:01,15
PPKPKDTLMISRTPE,purified MHC/competitive/radioactivity,Negative,30000.0,HLA-DQB1*03:02,15
PPKPKDTLMISRTPE,purified MHC/competitive/radioactivity,Negative,30000.0,HLA-DQB1*04:02,15
PPKPKDTLMISRTPE,purified MHC/competitive/radioactivity,Negative,30000.0,HLA-DQB1*05:01,15
PPKPKDTLMISRTPE,purified MHC/competitive/radioactivity,Negative,22892.0,HLA-DQB1*06:02,15
TYRVVSVLTVLHQDW,purified MHC/competitive/radioactivity,Negative,5885.0,HLA-DQB1*03:01,15
TYRVVSVLTVLHQDW,purified MHC/competitive/radioactivity,Negative,5750.0,HLA-DQB1*04:02,15
TYRVVSVLTVLHQDW,purified MHC/competitive/radioactivity,Negative,18623.0,HLA-DQB1*05:01,15
TYRVVSVLTVLHQDW,purified MHC/competitive/radioactivity,Negative,2244.0,HLA-DQB1*06:02,15
SVLTVLHQDWLNGKE,purified MHC/competitive/radioactivity,Negative,10549.0,HLA-DQB1*02:01,15
SVLTVLHQDWLNGKE,purified MHC/competitive/radioactivity,Negative,30000.0,HLA-DQB1*03:01,15
SVLTVLHQDWLNGKE,purified MHC/competitive/radioactivity,Negative,30000.0,HLA-DQB1*03:02,15
SVLTVLHQDWLNGKE,purified MHC/competitive/radioactivity,Negative,2120.0,HLA-DQB1*05:01,15
SVLTVLHQDWLNGKE,purified MHC/competitive/radioactivity,Negative,5210.0,HLA-DQB1*06:02,15
NNYKTTPPVLDSDGS,purified MHC/competitive/radioactivity,Negative,30000.0,HLA-DQB1*02:01,15
NNYKTTPPVLDSDGS,purified MHC/competitive/radioactivity,Negative,24933.0,HLA-DQB1*03:01,15
NNYKTTPPVLDSDGS,purified MHC/competitive/radioactivity,Negative,30000.0,HLA-DQB1*03:02,15
NNYKTTPPVLDSDGS,purified MHC/competitive/radioactivity,Negative,30000.0,HLA-DQB1*04:02,15
NNYKTTPPVLDSDGS,purified MHC/competitive/radioactivity,Negative,30000.0,HLA-DQB1*05:01,15
NNYKTTPPVLDSDGS,purified MHC/competitive/radioactivity,Negative,30000.0,HLA-DQB1*06:02,15
TPPVLDSDGSFFLYS,purified MHC/competitive/radioactivity,Negative,4512.0,HLA-DQB1*02:01,15
TPPVLDSDGSFFLYS,purified MHC/competitive/radioactivity,Negative,17314.0,HLA-DQB1*03:01,15
TPPVLDSDGSFFLYS,purified MHC/competitive/radioactivity,Negative,9103.0,HLA-DQB1*03:02,15
TPPVLDSDGSFFLYS,purified MHC/competitive/radioactivity,Negative,11977.0,HLA-DQB1*05:01,15
TPPVLDSDGSFFLYS,purified MHC/competitive/radioactivity,Negative,12967.0,HLA-DQB1*06:02,15
QGNVFSCSVMHEALH,purified MHC/competitive/radioactivity,Negative,30000.0,HLA-DQB1*02:01,15
QGNVFSCSVMHEALH,purified MHC/competitive/radioactivity,Negative,30000.0,HLA-DQB1*03:01,15
QGNVFSCSVMHEALH,purified MHC/competitive/radioactivity,Negative,30000.0,HLA-DQB1*03:02,15
QGNVFSCSVMHEALH,purified MHC/competitive/radioactivity,Negative,30000.0,HLA-DQB1*04:02,15
QGNVFSCSVMHEALH,purified MHC/competitive/radioactivity,Negative,30000.0,HLA-DQB1*05:01,15
QGNVFSCSVMHEALH,purified MHC/competitive/radioactivity,Negative,4603.0,HLA-DQB1*06:02,15
SCSVMHEALHNHYTQ,purified MHC/competitive/radioactivity,Negative,3595.0,HLA-DQB1*02:01,15
SCSVMHEALHNHYTQ,purified MHC/competitive/radioactivity,Negative,30000.0,HLA-DQB1*03:01,15
SCSVMHEALHNHYTQ,purified MHC/competitive/radioactivity,Negative,30000.0,HLA-DQB1*03:02,15
SCSVMHEALHNHYTQ,purified MHC/competitive/radioactivity,Negative,30000.0,HLA-DQB1*04:02,15
SCSVMHEALHNHYTQ,purified MHC/competitive/radioactivity,Negative,3939.0,HLA-DQB1*05:01,15
EQYNSTYRVVSVLTV,purified MHC/competitive/radioactivity,Negative,4245.0,HLA-DQB1*04:02,15
EQYNSTYRVVSVLTV,purified MHC/competitive/radioactivity,Negative,4992.0,HLA-DQB1*05:01,15
NGQPENNYKTTPPVL,purified MHC/competitive/radioactivity,Negative,29505.0,HLA-DQB1*02:01,15
NGQPENNYKTTPPVL,purified MHC/competitive/radioactivity,Negative,11328.0,HLA-DQB1*03:01,15
NGQPENNYKTTPPVL,purified MHC/competitive/radioactivity,Negative,30000.0,HLA-DQB1*03:02,15
NGQPENNYKTTPPVL,purified MHC/competitive/radioactivity,Negative,14172.0,HLA-DQB1*04:02,15
NGQPENNYKTTPPVL,purified MHC/competitive/radioactivity,Negative,30000.0,HLA-DQB1*05:01,15
NGQPENNYKTTPPVL,purified MHC/competitive/radioactivity,Negative,15066.0,HLA-DQB1*06:02,15
KLTVDKSRWQQGNVF,purified MHC/competitive/radioactivity,Negative,30000.0,HLA-DQB1*02:01,15
KLTVDKSRWQQGNVF,purified MHC/competitive/radioactivity,Negative,1392.0,HLA-DQB1*03:01,15
KLTVDKSRWQQGNVF,purified MHC/competitive/radioactivity,Negative,30000.0,HLA-DQB1*03:02,15
KLTVDKSRWQQGNVF,purified MHC/competitive/radioactivity,Negative,30000.0,HLA-DQB1*04:02,15
KLTVDKSRWQQGNVF,purified MHC/competitive/radioactivity,Negative,30000.0,HLA-DQB1*05:01,15
KLTVDKSRWQQGNVF,purified MHC/competitive/radioactivity,Negative,30000.0,HLA-DQB1*06:02,15
KSRWQQGNVFSCSVM,purified MHC/competitive/radioactivity,Negative,2264.0,HLA-DQB1*02:01,15
KSRWQQGNVFSCSVM,purified MHC/competitive/radioactivity,Negative,1398.0,HLA-DQB1*03:01,15
KSRWQQGNVFSCSVM,purified MHC/competitive/radioactivity,Negative,8570.0,HLA-DQB1*03:02,15
KSRWQQGNVFSCSVM,purified MHC/competitive/radioactivity,Negative,8025.0,HLA-DQB1*04:02,15
KSRWQQGNVFSCSVM,purified MHC/competitive/radioactivity,Negative,6748.0,HLA-DQB1*05:01,15
KSRWQQGNVFSCSVM,purified MHC/competitive/radioactivity,Negative,2235.0,HLA-DQB1*06:02,15
